service_name,language,upstream_count,downstream_count,transitive_downstream,transitive_upstream,total_coupling,betweenness_centrality,pagerank,in_degree_centrality,out_degree_centrality,fan_in,fan_out,coupling_ratio,max_path_depth,error_rate,latency_p99_ms,requests_per_day,health_score,complexity_score,project,change_type,change_magnitude,has_tests,deployment_frequency,last_incident_days,label_incident_occurred,label_incident_probability,label_severity_score,label_affected_services,label_recovery_minutes
service_0,java,2,2,4,2,4,0.3716772249745968,0.45955044476219464,0.28126201690429375,0.5181829505192849,2,3,0.8463407384332235,4,0.016997562908803304,376.2101705944139,63887.03998260954,60.073933515790976,0.5835861123425986,synthetic,deployment,0.49166235932982116,1,21,29,0,0.3756866534344984,0.6047749746999622,3,198
service_0,java,1,1,3,1,3,0.2183634517364879,0.269989697033951,0.1652437672439728,0.3044367803653356,1,2,0.8463407384332235,4,0.017971832351412927,397.7738544693098,67548.92911152689,63.51726230567794,0.34286168028002634,synthetic,config_change,0.35396836722388014,0,8,71,0,0.19410584219060106,0.3458060158240683,2,132
service_0,java,2,2,4,2,4,0.22797893456347612,0.2818785056905688,0.1725201616843697,0.3178424423945245,2,3,0.8463407384332235,4,0.020036675162364827,443.4753982921916,75309.84730485015,70.81496906582998,0.35795935607031076,synthetic,scaling,0.14185052779605895,1,17,12,1,0.29156268369275656,0.41509952765268743,3,164
service_0,java,1,1,3,1,3,0.379116328685018,0.46874832719631415,0.28689146410460653,0.5285543600404048,1,2,0.8463407384332235,4,0.019087819122774158,422.47419391723577,71743.47699257002,67.46145803932248,0.595266563341378,synthetic,config_change,0.47691398716674527,0,22,119,0,0.38049574828088945,0.5402871945181011,0,127
service_0,java,1,1,3,1,3,0.39574608200971867,0.48930974453140674,0.2994758186101748,0.5517391399116769,1,2,0.8463407384332235,4,0.021256031566811235,470.46363674692844,79892.92028901144,75.1245007302093,0.6213776415561967,synthetic,deployment,0.2647138998112545,0,21,16,1,0.36099274885290145,0.4994118993042228,1,139
service_0,java,2,2,4,2,4,0.36238185764048386,0.44805743441454277,0.2742278657952566,0.5052235853828269,2,3,0.8463407384332235,4,0.020654311531314,457.14565708013464,77631.29536240274,72.99786118773356,0.5689910634108752,synthetic,config_change,0.17355281117210042,1,15,5,0,0.3584282195444858,0.6388537453477245,2,184
service_0,java,2,2,4,2,4,0.2274065872905322,0.28117084208848026,0.17208704515868298,0.31704449035795296,2,3,0.8463407384332235,4,0.020288008784371783,449.0382113447838,76254.50985702203,71.70324930810571,0.3570606894383963,synthetic,scaling,0.42037603641536747,1,24,20,0,0.40736150492331674,0.4958901027304479,3,179
service_0,java,1,1,3,1,3,0.2631606218465725,0.3253779696126222,0.199143456463909,0.3668918575741813,1,2,0.8463407384332235,4,0.02466452023668551,545.9043402667489,92704.06581033491,87.17101132952028,0.4131996095149455,synthetic,scaling,0.9864906905267876,1,1,2,0,0.30097680518033904,0.517498274018939,4,203
service_0,java,1,1,3,1,3,0.3374158902254711,0.41718892631515153,0.2553351872094398,0.470416667475592,1,2,0.8463407384332235,4,0.023409086864685753,518.117603686687,87985.39393585631,82.73397401260243,0.5297909432916101,synthetic,config_change,0.18406717477776605,1,6,6,0,0.22136934437619432,0.47743256132928624,2,155
service_0,java,1,1,3,1,3,0.3818590931432664,0.47213954554915283,0.28896701625465576,0.532378252611847,1,2,0.8463407384332235,4,0.020365510130818953,450.75356282926543,76545.80641793148,71.97715979508736,0.5995730936846618,synthetic,scaling,0.7263092063519222,1,10,58,0,0.3483784203508794,0.5505520369076518,1,149
service_0,java,2,2,4,2,4,0.33695558629970146,0.41661979573732916,0.25498685806293436,0.46977492342897414,2,3,0.8463407384332235,4,0.016654838308506895,368.62458429382514,62598.87529925835,58.86265311265923,0.5290682006523368,synthetic,scaling,0.8187339451444761,1,25,3,0,0.3801842631607584,0.6724056318240691,3,211
service_0,java,1,1,3,1,3,0.40038563087250223,0.495046191642294,0.30298673825493305,0.5582074811423238,1,2,0.8463407384332235,4,0.02499864947706958,553.299683893356,93959.9239739026,88.35191343179274,0.6286623932222167,synthetic,code_change,0.24601006520423144,0,17,22,0,0.30127110898767456,0.507674198435379,1,141
service_0,java,1,1,3,1,3,0.374682966901547,0.46326681462979885,0.283536573911992,0.5223734796008368,1,2,0.8463407384332235,4,0.02337844423185684,517.4393846863586,87870.22053604503,82.62567475245618,0.5883055547189076,synthetic,config_change,0.1996736007870623,1,29,69,0,0.2697794095092713,0.43795152455604136,1,128
service_0,java,1,1,3,1,3,0.23678273032962613,0.2927637254136936,0.17918232225600567,0.33011647093147506,1,2,0.8463407384332235,4,0.016000332225859094,354.1382813850426,60138.84873572524,56.54945356131054,0.37178256771685936,synthetic,deployment,0.31588670148035025,0,11,17,0,0.37608971164848354,0.29350275554474126,2,122
service_0,java,2,2,4,2,4,0.30309173798784367,0.3747497388509074,0.22936082117841666,0.422562805884308,2,3,0.8463407384332235,4,0.024991819409809258,553.1485127647088,93934.25248308446,88.32777414731376,0.47589714184821647,synthetic,code_change,0.12800403992562193,1,4,11,1,0.2827306654309203,0.4598978082982289,3,172
service_0,java,1,1,3,1,3,0.22855983033390034,0.28259673885558767,0.17295974717689444,0.3186523125292447,1,2,0.8463407384332235,4,0.022814834284820694,504.9649025820235,85751.83618800147,80.63372645558874,0.3588714450592481,synthetic,deployment,0.6878465114781547,1,26,43,0,0.365094499652047,0.4571456007933911,1,132
service_0,java,2,2,4,2,4,0.31958895400383436,0.3951472839466681,0.24184487975983904,0.44556280560477607,2,3,0.8463407384332235,4,0.016240360489912297,359.4508708810443,61041.01896946982,57.39777764482811,0.5018001176356247,synthetic,scaling,0.4415526130372468,0,12,4,1,0.40469933199170327,0.5658662006868811,3,191
service_0,java,2,2,4,2,4,0.23946784187073045,0.29608366034657774,0.18121424629363164,0.3338599852695891,2,3,0.8463407384332235,4,0.02225567264973178,492.58887578010456,83650.17126525154,78.65749968289563,0.37599857477940246,synthetic,config_change,0.9196931454795237,1,24,0,0,0.33148235078937044,0.6254943675873652,3,202
service_0,java,1,1,3,1,3,0.3460954892433883,0.42792058626368346,0.26190336347008314,0.4825175440593968,1,2,0.8463407384332235,4,0.02057225049901082,455.32938523413105,77322.86076622587,72.70783555139569,0.5434191483770984,synthetic,scaling,0.3369842053778801,0,17,10,1,0.31740207108316604,0.47629832609782163,0,115
service_0,java,2,2,4,2,4,0.3317528494919197,0.41018700983240813,0.25104975309752,0.4625213998642308,2,3,0.8463407384332235,4,0.020477671141603246,453.236043007606,76967.37479328692,72.37356680596712,0.5208991638021434,synthetic,config_change,0.8151204508301713,0,17,161,0,0.40090578833576124,0.6056273223939165,3,199
service_1,javascript,3,0,4,2,4,0.33634650223326795,0.3623791308053309,0.3882449521897265,0.20611242406979696,0,0,1.5944092675070962,3,0.03899028424106074,1676.2403842710798,61351.971036639545,96.03956181030354,0.9808309022703087,synthetic,deployment,0.15821820416361843,1,1,35,0,0.23481711260091082,0.4370023658116227,2,148
service_1,javascript,4,1,5,3,5,0.2985694930632463,0.32167824747055124,0.3446389297643349,0.18296275287523814,0,1,1.5944092675070962,3,0.029328869282971605,1260.8842452436331,46149.54658092301,72.24188818202968,0.870668145282253,synthetic,scaling,0.44606019488033133,1,19,90,0,0.4190290349411405,0.6843844759899789,2,193
service_1,javascript,3,0,4,2,4,0.2302025095287784,0.24801977947845452,0.2657228831354726,0.14106761019034025,0,0,1.5944092675070962,3,0.03346587337254014,1438.7391508902697,52659.203025396346,82.43201804907953,0.6713009757104834,synthetic,scaling,0.6436645093640972,1,7,19,1,0.22910509951165678,0.5361166335565382,0,126
service_1,javascript,4,1,5,3,5,0.27598451125566603,0.29734522773541794,0.31856907286417724,0.16912272386639116,0,1,1.5944092675070962,3,0.042314411102911814,1819.1486958346861,66582.54934403315,100.0,0.8048073501290325,synthetic,deployment,0.297161928191672,0,4,12,0,0.266423957142304,0.4175097716970233,2,145
service_1,javascript,4,1,5,3,5,0.2533066142044666,0.27291210127998966,0.29239196384729743,0.15522575659308113,0,1,1.5944092675070962,3,0.028527194630929797,1226.4192636987234,44888.09591468034,70.26723003846473,0.738675601831871,synthetic,deployment,0.8363860018734228,1,26,25,1,0.4913457813120793,0.5547350122092292,2,169
service_1,javascript,3,0,4,2,4,0.2982749059600642,0.3213608598429446,0.34429888770939676,0.18278223052244594,0,0,1.5944092675070962,3,0.03229527611043758,1388.413731554468,50817.24545268253,79.54864209281303,0.8698090903127711,synthetic,config_change,0.9595544603364901,1,1,30,1,0.44919800563124385,0.5367491584150719,1,146
service_1,javascript,3,0,4,2,4,0.26290011996726265,0.28324812754045275,0.30346575281634536,0.16110463660214427,0,0,1.5944092675070962,3,0.0335952884688323,1444.302865414587,52862.840197937374,82.75078897833704,0.7666515339458693,synthetic,code_change,0.6366893669743315,1,27,15,1,0.5028234654550225,0.40923414736135993,1,123
service_1,javascript,4,1,5,3,5,0.27033840189589037,0.2912621194270451,0.31205176573034604,0.16566280001114192,0,1,1.5944092675070962,3,0.02945788820999627,1266.4309279627685,46352.56037341185,72.55968328042077,0.7883425482033538,synthetic,deployment,0.6513161215103372,1,21,3,1,0.42698502664232585,0.5732398499892067,2,173
service_1,javascript,3,0,4,2,4,0.2677216985452216,0.28844288783255956,0.30903130361603953,0.16405928974093892,0,0,1.5944092675070962,3,0.037336623728590826,1605.1474803122687,58749.90403866044,91.96632064030554,0.7807118950187097,synthetic,config_change,0.9191211731039208,1,7,18,1,0.41008973127530796,0.5167237292600674,2,163
service_1,javascript,4,1,5,3,5,0.22564846555536464,0.24311326049943327,0.2604661476766875,0.13827690169047965,0,1,1.5944092675070962,3,0.03386825994014827,1456.038245468366,53292.36612030471,83.4231631608338,0.6580207809418033,synthetic,code_change,0.8718061038951553,1,13,11,1,0.45211785027510143,0.6413091659280046,2,185
service_1,javascript,4,1,5,3,5,0.24966788632032966,0.2689917422480525,0.28819177825289394,0.1529959518537719,0,1,1.5944092675070962,3,0.029960974173181464,1288.0592136925468,47144.17592695464,73.79886776952328,0.7280645898843201,synthetic,deployment,0.681166459086051,0,23,87,1,0.46539050656767783,0.5296064291556206,2,165
service_1,javascript,4,1,5,3,5,0.27502516121489223,0.2963116256863247,0.31746169458540713,0.16853483619364168,0,1,1.5944092675070962,3,0.04209130021249844,1809.556883618869,66231.48001604437,100.0,0.8020097584792385,synthetic,scaling,0.9892323695400327,1,20,4,1,0.44358747854784303,0.67577367833792,2,191
service_1,javascript,3,0,4,2,4,0.19530978050562922,0.21042641450846467,0.22544618686715112,0.1196854197598774,0,0,1.5944092675070962,3,0.027518160710340613,1183.0396515796158,43300.361403994706,67.78181149198836,0.5695491612476906,synthetic,scaling,0.4727352018954041,1,10,4,0,0.2090861055847364,0.39708046252262047,1,121
service_1,javascript,3,0,4,2,4,0.35015341372924974,0.37725467300303167,0.40418227770984616,0.2145732701866991,0,0,1.5944092675070962,3,0.03676469741414449,1580.5596630197579,57849.966852717815,90.55757090440689,1.0,synthetic,deployment,0.3595648940368712,1,12,14,0,0.16712388468592823,0.5211393549043237,0,123
service_1,javascript,4,1,5,3,5,0.3124159790809334,0.33659642718843535,0.3606219361765862,0.19144785017520863,0,1,1.5944092675070962,3,0.04194618490956932,1803.3181978570105,66003.13826282103,100.0,0.9110463305281999,synthetic,code_change,0.42056708240583474,1,21,5,1,0.5167399194881206,0.5569578462171082,1,150
service_1,javascript,4,1,5,3,5,0.35094002786434464,0.37810216969071,0.4050902668378552,0.21505530566236322,0,1,1.5944092675070962,3,0.029667294073978775,1275.4335441976355,46682.064575600445,73.07548478863878,1.0,synthetic,config_change,0.5400080486132063,1,29,63,0,0.5643443830822775,0.5869001411457583,2,175
service_1,javascript,3,0,4,2,4,0.19538486788515433,0.21050731351929455,0.22553286027056166,0.11973143314698924,0,0,1.5944092675070962,3,0.03550944689107822,1526.594895639959,55874.8057264548,87.46567987196133,0.5697681259811418,synthetic,scaling,0.9162485279513505,0,18,27,1,0.26783384593284515,0.4361177052410361,1,128
service_1,javascript,3,0,4,2,4,0.3460630324558326,0.37284770340268986,0.39946074836022855,0.21206669320719776,0,0,1.5944092675070962,3,0.04402155957143021,1892.5411129605789,69268.78068177459,100.0,1.0,synthetic,config_change,0.9828886403464165,1,26,26,1,0.5229037201887886,0.6669923076413933,1,170
service_1,javascript,3,0,4,2,4,0.2718160846584344,0.2928541722402637,0.3137574557544319,0.16656832087778337,0,0,1.5944092675070962,3,0.03581104893502926,1539.5611393052727,56349.382412038154,88.20857592173277,0.7926516666500506,synthetic,config_change,0.7531448168979542,1,14,17,0,0.44783272108853367,0.5666722709582989,0,132
service_1,javascript,3,0,4,2,4,0.230470768577115,0.24830880130600858,0.2660325347022478,0.14123199876689504,0,0,1.5944092675070962,3,0.027515181594532256,1182.9115757185496,43295.67370729419,67.77447343374165,0.6720832545885901,synthetic,code_change,0.6639332599838892,1,1,19,0,0.3535855033591211,0.3879560524130204,1,119
service_2,python,1,2,7,3,4,0.27083328944605534,0.1296701927707503,0.22186530134983007,0.31686887811836634,0,0,1.3371530030260117,1,0.015487955726944102,655.6867260301365,80579.39757665213,98.64550142593049,0.18786059719258094,synthetic,scaling,0.759746070873994,1,24,139,0,0.23957195573702245,0.526105103822773,4,204
service_2,python,2,3,9,4,5,0.33143480923272084,0.15868512948333102,0.2715097689011659,0.38777129792925696,1,1,1.3371530030260117,1,0.010783084063586466,456.50473250389274,56101.2978846909,68.67935014302395,0.22989618935034847,synthetic,code_change,0.5388650287004898,0,12,15,0,0.32278754390119485,0.6146551459119995,5,240
service_2,python,2,3,9,4,5,0.21998282242778502,0.1053238878012678,0.1802088483640708,0.2573749714836589,1,1,1.3371530030260117,1,0.016500651659487282,698.5594777463689,85848.16445662799,100.0,0.15258871787112613,synthetic,code_change,0.8820498270512306,1,4,55,1,0.3199988121666542,0.5724045430127103,4,213
service_2,python,2,3,9,4,5,0.2783952794507547,0.1332907399481133,0.22806004644423328,0.3257162369272939,1,1,1.3371530030260117,1,0.012047364223188653,510.02836940274244,62678.985439132186,76.7317718109041,0.19310589019608415,synthetic,scaling,0.4645924250748098,1,10,19,0,0.2567643590687462,0.5652049953674055,5,231
service_2,python,1,2,7,3,4,0.32216365408545183,0.15424626424038845,0.26391488411127534,0.3769242542132311,0,0,1.3371530030260117,1,0.010907532447683782,461.7732879522114,56748.76718255983,69.47198368791263,0.22346535233546988,synthetic,deployment,0.7478123080192175,1,14,51,0,0.2994328653060002,0.6355004604368435,4,224
service_2,python,1,2,7,3,4,0.3071555230752744,0.14706063633918462,0.2516202968539952,0.3593650773277929,0,0,1.3371530030260117,1,0.010887591553218414,460.929084880055,56645.020420140856,69.34497664010736,0.21305512374029564,synthetic,code_change,0.797811535362822,0,15,10,0,0.22594197299290944,0.5150315518136844,4,202
service_2,python,1,2,7,3,4,0.3326674071013474,0.15927527556013177,0.2725195070250329,0.3892134098077548,0,0,1.3371530030260117,1,0.010502723872873937,444.63560924460546,54642.66411336695,66.89368700708188,0.23075116759978045,synthetic,config_change,0.5202711999672497,1,28,2,1,0.3149957739248736,0.5593435809168806,3,190
service_2,python,2,3,9,4,5,0.3270148145213228,0.15656891412647833,0.26788893092879285,0.38260000318792586,1,1,1.3371530030260117,1,0.01086117150818843,459.8105852450681,56507.56449309681,69.1767027480827,0.226830307575735,synthetic,code_change,0.5444326364112358,1,19,36,0,0.3269516253119195,0.6121744249115688,5,240
service_2,python,1,2,7,3,4,0.22585061061662504,0.10813328108944543,0.18501571164678138,0.26424015214234703,0,0,1.3371530030260117,1,0.015335973075941594,649.2525000673227,79788.67537445863,97.67749731483256,0.15665884601382857,synthetic,scaling,0.9995196233940676,0,15,14,0,0.3073399176665048,0.4955500635576221,4,199
service_2,python,2,3,8,4,5,0.2809682570697777,0.1345226361619648,0.2301678170804741,0.32872656307010684,1,1,1.3371530030260117,1,0.014918132690377731,631.5631161845347,77614.77152649255,95.0161987498938,0.19489060843755823,synthetic,deployment,0.6916181339531157,1,26,7,0,0.40012647472931356,0.5720778053669198,5,232
service_2,python,2,3,8,4,5,0.33828174529689586,0.16196332147053658,0.2771187453172788,0.3957820596551912,1,1,1.3371530030260117,1,0.012202700001165226,516.6045508880507,63487.153000566876,77.72113257471547,0.2346454928816322,synthetic,scaling,0.14697876614047448,1,14,25,0,0.32224127586186024,0.6090964042070349,5,239
service_2,python,1,2,7,3,4,0.3689042048757371,0.17662481395111204,0.3022045138962771,0.43160965098201426,0,0,1.3371530030260117,1,0.015715312287878834,665.3119265219887,81762.2686435773,100.0,0.25588643248604015,synthetic,deployment,0.2119315591004592,1,15,15,0,0.2370270513695068,0.465750904529479,4,193
service_2,python,2,3,9,4,5,0.2992977059427509,0.1432984523609312,0.2451832116285232,0.3501716074100635,1,1,1.3371530030260117,1,0.01463510401566308,619.581021945109,76142.25439721454,93.21353957218372,0.2076046334325302,synthetic,scaling,0.5094270005568284,0,7,4,0,0.2869583151373656,0.5493049940272802,4,208
service_2,python,1,2,7,3,4,0.26610756089808907,0.12740759745593366,0.21799400771921137,0.31133988164105453,0,0,1.3371530030260117,1,0.012378629434259597,524.0525702413929,64402.463451131,78.84165793320307,0.1845826464317761,synthetic,code_change,0.566164474941321,1,11,0,0,0.17446875928550618,0.5085617081408996,4,201
service_2,python,1,2,7,3,4,0.27780923097662574,0.13301015029545749,0.22757995841080073,0.32503057334841834,0,0,1.3371530030260117,1,0.012117266157014406,512.987686367579,63042.665179468946,77.17698946483165,0.1926993839775951,synthetic,code_change,0.7391218886182592,1,18,19,0,0.31363863258140595,0.5180292204381625,4,203
service_2,python,2,3,8,4,5,0.3215908260694138,0.15397200430943217,0.2634456262122193,0.3762540582739949,1,1,1.3371530030260117,1,0.013853804749823624,586.5045096732663,72077.37809731011,88.23730776979262,0.22306801634549003,synthetic,config_change,0.4291126734352342,0,6,4,0,0.23441346481445238,0.5258063721716079,5,224
service_2,python,2,3,8,4,5,0.3200574117319123,0.15323783262341845,0.26218946071358445,0.37445999786949835,1,1,1.3371530030260117,1,0.01269022508583632,537.2440550460747,66023.60637884976,80.82626518762928,0.22200437998905878,synthetic,scaling,0.6785370233201569,1,28,12,0,0.3538020366461906,0.6111775126758859,5,240
service_2,python,1,2,7,3,4,0.24802425728964766,0.11874963125970042,0.2031802541636816,0.2901828217434309,0,0,1.3371530030260117,1,0.010380901694909484,439.4782349315829,54008.85821380759,66.11778022881053,0.17203935745114585,synthetic,deployment,0.9621407089510934,1,8,20,1,0.3519735721709471,0.5853260690434094,4,215
service_2,python,1,2,7,3,4,0.3041883265329045,0.14563999507154443,0.24918958401074187,0.35589352388079787,0,0,1.3371530030260117,1,0.012990316494973331,549.9485046865465,67584.89602820751,82.73759990796525,0.2109969597842418,synthetic,config_change,0.6047870170263558,1,14,68,0,0.24014163525050639,0.515178936097426,5,222
service_2,python,1,2,6,3,4,0.3201610908496553,0.15328747235275725,0.2622743941379385,0.37458130011336477,0,0,1.3371530030260117,1,0.013429999569779054,568.5626046292966,69872.44113210133,85.53801838457869,0.22207629589354538,synthetic,scaling,0.7405505251714438,1,17,9,0,0.18200202843557967,0.5522827385227342,3,189
service_3,go,1,4,5,3,5,0.34370512479190835,0.4197566448273606,0.15741377553723546,0.38127935705006055,1,0,1.887040427417844,5,0.014730797392191746,317.4043590599182,102965.44457271266,100.0,0.0412491129610071,synthetic,code_change,0.41953695080676245,1,12,91,0,0.2777549482692312,0.6602025792559967,4,228
service_3,go,0,3,4,2,4,0.4934814175862927,0.6026738887180786,0.22600993554214885,0.5474293632583151,0,0,1.887040427417844,5,0.01580751565339971,340.60439776033337,110491.4984239184,100.0,0.05922422818251247,synthetic,config_change,0.7944642198807469,1,1,0,0,0.2748075270524822,0.705483941107481,3,216
service_3,go,0,3,4,2,4,0.377033180826486,0.46045918887049186,0.17267771765883083,0.4182508737950774,0,0,1.887040427417844,5,0.015087065328070403,325.08086107338727,105455.68901964212,100.0,0.04524891584137845,synthetic,scaling,0.8274478956003438,0,8,15,1,0.5884675087674043,0.6145063539731637,4,220
service_3,go,0,3,4,2,4,0.45312436284603747,0.553387041735102,0.20752677687504242,0.5026604297339324,0,0,1.887040427417844,5,0.01601489164643758,345.0727264191396,111941.01678659508,100.0,0.054380853470650956,synthetic,deployment,0.607666625950166,1,20,8,0,0.20405919525018293,0.5987455107233045,4,217
service_3,go,1,4,5,3,5,0.44288565000471297,0.5408828122673941,0.2028375408737746,0.4913024092460973,1,0,1.887040427417844,5,0.012443484265338887,268.1196436661068,86977.56511764367,92.00941439988239,0.05315207393812927,synthetic,code_change,0.4847516481953006,1,25,4,0,0.3307293600643264,0.7452067471258712,5,264
service_3,go,1,4,5,3,5,0.4334830991619147,0.5293997620888983,0.19853125935195617,0.48087196093042817,1,0,1.887040427417844,5,0.010951810809069727,235.9785691058952,76551.05414930453,80.9797061396746,0.05202364478808091,synthetic,scaling,0.26752230797801313,1,25,6,0,0.34128213439677574,0.7057862714760743,5,257
service_3,go,1,4,5,3,5,0.37969842626204625,0.4637141722878894,0.1738983754741571,0.42120748687050447,1,0,1.887040427417844,5,0.01409483206647248,303.70121990050967,98520.16908951144,100.0,0.04556878017306915,synthetic,scaling,0.41734234533597236,1,15,18,0,0.34503486267446987,0.7707389052858178,5,268
service_3,go,0,3,4,2,4,0.4787326808867515,0.5846617038948533,0.21925515023109193,0.5310682780126229,0,0,1.887040427417844,5,0.010926747742674572,235.43853543945923,76375.86812881792,80.79438521083259,0.05745418676541152,synthetic,code_change,0.3737788476726528,1,7,0,0,0.22464081840911795,0.6168007229643152,4,221
service_3,go,0,3,4,2,4,0.3722860986233619,0.45466172134797694,0.17050359781458413,0.4129848352064275,0,0,1.887040427417844,5,0.011728216905467981,252.70778428932627,81977.98364648066,86.72059580874324,0.04467920385308498,synthetic,deployment,0.3275322454802805,0,4,12,0,0.21472102930930048,0.5349254203140881,3,186
service_3,go,1,4,5,3,5,0.3007826450824171,0.3673367221350974,0.13775567590726315,0.333664543402643,1,0,1.887040427417844,5,0.011366625451938096,244.9165764888556,79450.52883360455,84.04692200630517,0.03609785367974013,synthetic,config_change,0.6253955024627005,1,2,9,1,0.24861694190040423,0.7047411841217716,5,256
service_3,go,0,3,4,2,4,0.42571835123871227,0.519916910943903,0.19497507645411252,0.47225836199847493,0,0,1.887040427417844,5,0.012907887462225988,278.1261351769778,90223.65427055102,95.44329716775295,0.0510917734219154,synthetic,scaling,0.975177999136093,1,5,5,0,0.2994497626722388,0.6576639357805668,4,228
service_3,go,0,3,4,2,4,0.48926869572959114,0.5975290192802704,0.22408054780563164,0.5427561018924092,0,0,1.887040427417844,5,0.013949857646719696,300.57745738062687,97506.82573924387,100.0,0.05871864642883453,synthetic,deployment,0.9523816003976672,1,12,5,0,0.4105464364357725,0.6891010449168111,4,234
service_3,go,1,4,5,3,5,0.2984385293675958,0.3644739247062368,0.13668209254073757,0.3310641663115562,1,0,1.887040427417844,5,0.014159610973737134,305.09701043333155,98972.96120984669,100.0,0.035816529117085216,synthetic,config_change,0.8589502818427621,0,17,20,0,0.216162983152253,0.7693974033282476,5,268
service_3,go,0,3,4,2,4,0.5391216251315556,0.6584128899914019,0.24691272944245088,0.5980590098166105,0,0,1.887040427417844,5,0.014228433128167227,306.5799207765005,99454.01485132184,100.0,0.06470165037032,synthetic,code_change,0.4568983137909669,0,26,5,0,0.13451237742629374,0.645267508678868,4,226
service_3,go,1,4,5,3,5,0.35899589693174855,0.43843080109466953,0.16441680807819362,0.3982417336623004,1,0,1.887040427417844,5,0.013653125936995684,294.1837818972055,95432.72807860066,100.0,0.043084205724430856,synthetic,code_change,0.8656122345443616,1,19,8,0,0.3100656938595118,0.717651121544893,5,259
service_3,go,1,4,5,3,5,0.40461275102114647,0.4941412815006216,0.1853089063112088,0.44884547373857153,1,0,1.887040427417844,5,0.01527945670737016,329.22631639460843,106800.4678102361,100.0,0.048558825191913554,synthetic,deployment,0.16151788027896277,1,9,17,0,0.23507425419773956,0.6009214151249919,5,238
service_3,go,1,4,5,3,5,0.45811356083899785,0.5594801979287212,0.20981178351685545,0.5081950524838932,1,0,1.887040427417844,5,0.013952581139652902,300.63614045838926,97525.8624317726,100.0,0.054979622522235656,synthetic,code_change,0.20457186087290138,1,23,27,0,0.27409741283070815,0.6425900342853307,4,225
service_3,go,1,4,5,3,5,0.3473360156698652,0.4241909417369228,0.15907669005446567,0.3853071810177843,1,0,1.887040427417844,5,0.012977369653047001,279.62326731833167,90709.32143963201,95.95706128336082,0.041684867382954134,synthetic,code_change,0.33784863684277533,0,15,9,0,0.20227745555689983,0.6233885047990668,5,242
service_3,go,0,3,4,2,4,0.31469330050866456,0.38432538371704605,0.1441266277287377,0.34909592738411765,0,0,1.887040427417844,5,0.01575132849766035,339.39373362043386,110098.76099661211,100.0,0.03776731437627857,synthetic,code_change,0.48733727472171395,1,14,2,0,0.2925262117056734,0.6074279985847807,3,199
service_3,go,1,4,5,3,5,0.443375751767324,0.541481358685991,0.2030620029585246,0.4918460894866832,1,0,1.887040427417844,5,0.013016255781181837,280.4611463718785,90981.1280068201,96.2445924765276,0.053210892563486024,synthetic,code_change,0.6379014544324328,1,28,3,0,0.4452759164428347,0.7404286554088692,4,243
service_4,java,6,5,4,4,11,0.6392406242798415,0.5956280774920177,0.5020091421764384,0.24066905921510173,3,1,1.3580062988137747,1,0.04744903019677532,947.2967325794141,27359.531020921822,89.84980758311701,0.4206789570852443,synthetic,deployment,0.44705216157908323,1,16,84,1,0.5675683778540648,1.0,6,330
service_4,java,5,4,3,3,10,0.6609480208762698,0.6158544748938625,0.5190564184763975,0.24884172302656885,2,0,1.3580062988137747,1,0.045432182832298953,907.0313591764882,26196.598969328366,86.03069164183833,0.43496441488372045,synthetic,scaling,0.7735459147086082,1,13,8,0,0.4104261033935114,0.9503680929629378,4,281
service_4,java,6,5,4,4,11,0.6245561819245035,0.5819454893758353,0.490477139937927,0.23514048234979526,3,1,1.3580062988137747,1,0.043317970301888525,864.8221377502435,24977.52530078968,82.02720435749544,0.4110152472695839,synthetic,scaling,0.28362219916472087,1,24,1,1,0.4125418993674341,0.8623740443749023,5,285
service_4,java,5,4,3,3,10,0.7101478754191846,0.6616976420225124,0.5576941017464798,0.2673650806740946,2,0,1.3580062988137747,1,0.04683066403138307,934.9513538522941,27002.975613694813,88.67886518985857,0.467342431411028,synthetic,scaling,0.9394394573194852,1,6,28,1,0.6392162341729972,0.9739854658459501,4,285
service_4,java,5,4,3,3,10,0.7225404195914236,0.673244697982639,0.5674262280116057,0.27203077592863883,2,0,1.3580062988137747,1,0.05,1034.8190088310305,29887.32231352722,98.15117653118831,0.4754978620266644,synthetic,deployment,0.40024611012613887,1,27,58,1,0.5479681039131091,0.933518846226159,7,338
service_4,java,5,4,3,3,9,0.6751958947625035,0.6291302796673259,0.5302455742900228,0.2542059353024679,2,0,1.3580062988137747,1,0.04772847781404465,952.8757678867432,27520.662991832418,90.37897149936742,0.4443408226079564,synthetic,code_change,0.36314479937097377,1,1,10,1,0.4277769831237411,0.9156680329012379,4,274
service_4,java,5,4,3,3,9,0.668430059009286,0.6228260468178324,0.5249322207990649,0.25165865144145666,2,0,1.3580062988137747,1,0.047486811405642745,948.051015977085,27381.316000545838,89.92135033821481,0.43988828217112136,synthetic,config_change,0.46789953510621884,1,4,21,0,0.4762781991032287,0.9563145219428889,4,282
service_4,java,6,5,4,4,11,0.49205239859465544,0.45848185028986577,0.38641912472732,0.18525385176782547,3,1,1.3580062988137747,1,0.05,1113.2983508734726,32153.938379292787,100.0,0.32381560559498407,synthetic,config_change,0.8457000381154732,1,9,73,1,0.511601137857407,0.9674002990541185,4,284
service_4,java,7,5,4,4,12,0.7071555538384707,0.6589094732443368,0.5553441685088315,0.26623849517194387,3,1,1.3580062988137747,1,0.0398502362327784,795.5905193272902,22977.999126225764,75.46067944504023,0.46537320937784366,synthetic,deployment,0.16987669838990316,1,11,22,1,0.44651853401334773,0.8527457260384825,6,303
service_4,java,5,4,3,3,10,0.5627708528295241,0.5243754986895994,0.4419558181070397,0.21187879267959286,2,0,1.3580062988137747,1,0.047522185364332815,948.7572397997117,27401.71293839894,89.988334707939,0.37035483424260135,synthetic,scaling,0.7245546314591411,0,4,5,1,0.5292010048104907,0.8670747353328391,4,266
service_4,java,5,4,3,3,10,0.4402920104637197,0.4102528434000073,0.3457706004355418,0.16576647339584724,2,0,1.3580062988137747,1,0.04282907588003834,855.0615992002595,24695.624447493108,81.10143054189733,0.28975252313400884,synthetic,deployment,0.29070489739609817,1,5,8,1,0.3220991766292863,0.798986012578763,4,253
service_4,java,6,5,4,4,12,0.7054764333039618,0.657344911641304,0.5540255197447777,0.26560631951852026,3,1,1.3580062988137747,1,0.05,1081.747964114008,31242.709874453318,100.0,0.4642681940699173,synthetic,scaling,0.7319314865636465,0,15,15,1,0.5742872719882066,1.0,6,330
service_4,java,6,5,4,4,11,0.44439666316367793,0.41407745388874595,0.34899407075731564,0.16731184280164274,3,1,1.3580062988137747,1,0.04568487437292711,912.076222470739,26342.303149495372,86.50919006865895,0.2924537610582426,synthetic,scaling,0.9823920132433346,1,4,43,1,0.578852041394479,0.9779845555065783,6,326
service_4,java,6,5,4,4,12,0.4806361414531143,0.4478444736352903,0.3774536972547665,0.18095572088931985,3,1,1.3580062988137747,1,0.05,1099.4526554666356,31754.051290103624,100.0,0.31630266138319996,synthetic,scaling,0.10898089899260444,1,16,54,0,0.44393666515927815,0.7046506418485621,6,276
service_4,java,6,5,4,4,12,0.5600380498730623,0.5218291427333338,0.4398096903175923,0.2108499138950305,3,1,1.3580062988137747,1,0.04186129435830714,835.7403133997964,24137.59305137241,79.26883284391626,0.3685563992652577,synthetic,config_change,0.46411179076361564,1,1,15,1,0.39831049180703204,0.8979926749021412,6,311
service_4,java,6,5,4,4,12,0.5926757920385399,0.552240156804294,0.4654407974856101,0.22313776670588675,3,1,1.3580062988137747,1,0.05,1232.0368805274668,35583.30784053999,100.0,0.3900350268966888,synthetic,config_change,0.4379220356198503,1,13,176,1,0.42527861334096373,0.9098971125671113,5,293
service_4,java,5,4,3,3,10,0.4276123424042867,0.39843825273943184,0.3358129897271032,0.16099267825968644,2,0,1.3580062988137747,1,0.046489743487542354,928.1450415649788,26806.397808917813,88.03329572008884,0.2814081386677703,synthetic,code_change,0.43253374062824224,0,11,79,1,0.3887503992912466,0.7945731243981609,4,253
service_4,java,5,4,3,3,9,0.4206701895754901,0.39196973214481196,0.33036117071862253,0.15837901240871496,2,0,1.3580062988137747,1,0.05,1033.1142999995388,29838.087440701427,97.98948721544697,0.2768395654247374,synthetic,deployment,0.6253422289582276,1,22,48,1,0.3844667488880534,0.8301007529464959,5,279
service_4,java,6,5,4,4,12,0.46263022045052876,0.4310670165981603,0.3633132677931878,0.17417663347935475,3,1,1.3580062988137747,1,0.04214807964576676,841.4658417116651,24302.95598789727,79.8118914225438,0.30445311399678265,synthetic,scaling,0.45167963709667336,0,8,27,1,0.4868943533922114,0.9248339892506187,6,316
service_4,java,5,4,3,3,10,0.6505475026602625,0.6061635378122272,0.5108886722013695,0.24492600985171245,2,0,1.3580062988137747,1,0.0469034669691506,936.4048289767246,27044.95443235569,88.81672532994513,0.42811992004081967,synthetic,scaling,0.382444127401974,0,7,16,1,0.5238439173247103,0.8197559935493997,5,277
service_5,python,1,4,9,10,5,0.2397233755761664,0.47724069268058705,0.2972896161880869,0.1569825506764236,1,0,1.7339008409894874,1,0.030528437939861264,1794.498630137992,25679.19159248633,93.16370950660982,0.29729853364489855,synthetic,scaling,0.5944083804124819,1,19,41,1,0.3389632685833212,0.768479423969344,6,288
service_5,python,1,4,9,10,5,0.16143747587775764,0.32138932061728603,0.2002044445049259,0.10571712782344794,1,0,1.7339008409894874,1,0.030269838112354053,1779.2978184512042,25461.668687140726,92.37453977392317,0.2002104498088119,synthetic,code_change,0.8002227188301878,1,6,2,1,0.33741901732742924,0.6616788563531093,6,269
service_5,python,0,3,7,8,4,0.15756973400075855,0.31368942982419024,0.19540791811126879,0.10318434192490955,0,0,1.7339008409894874,1,0.03163117937320308,1859.3191098306156,26606.769629709885,96.52894826396586,0.19541377953923506,synthetic,code_change,0.8418942026913423,1,25,45,0,0.31856277604764804,0.5952207270551471,6,257
service_5,python,0,3,6,7,4,0.2513400302628148,0.5003670995900619,0.31169584922599103,0.16458970237222428,0,0,1.7339008409894874,1,0.03074743477038599,1807.3715296016114,25863.402182634112,93.83202267553334,0.31170519881010855,synthetic,deployment,0.16053032257063107,0,29,11,0,0.24290948963388417,0.47531947983345985,4,195
service_5,python,0,3,6,7,4,0.20046245237635546,0.399080145599504,0.2486007273335526,0.13127258454982338,0,0,1.7339008409894874,1,0.03036220840469565,1784.7274563317592,25539.36655164223,92.65642642333856,0.24860818432541715,synthetic,code_change,0.11232869536802309,0,10,0,0,0.16660701894505156,0.42178334066122575,3,165
service_5,python,0,3,7,8,4,0.1622497831593569,0.32300645990880555,0.20121181610309824,0.10624906622408159,0,0,1.7339008409894874,1,0.028428908370031994,1671.085734122325,23913.158814001457,86.7565699297527,0.20121785162395864,synthetic,code_change,0.49806442490602176,1,12,7,0,0.1922869359201506,0.5145541044732924,5,222
service_5,python,1,4,8,9,5,0.18093058052059713,0.36019614427344676,0.22437854760878742,0.11848216285635031,1,0,1.7339008409894874,1,0.033179315454462135,1950.320427440094,27908.99423485366,100.0,0.22438527803561295,synthetic,scaling,0.5447329035740944,1,14,84,0,0.30483658281484866,0.7015715878294821,6,276
service_5,python,0,3,6,7,4,0.23772096820573038,0.47325430512785555,0.29480635848667025,0.15567127673099043,0,0,1.7339008409894874,1,0.032895023273618366,1933.6093880450203,27669.86004153155,100.0,0.29481520145603896,synthetic,config_change,0.34775939210667417,0,19,27,0,0.25204062095823254,0.6524378817254108,4,227
service_5,python,1,4,9,10,5,0.1754293625259324,0.3492443333369845,0.21755628848503644,0.11487969717875883,1,0,1.7339008409894874,1,0.02019697005877416,1187.202410251226,16988.811047216277,61.63514344153447,0.21756281427235297,synthetic,scaling,0.12246959990805145,0,14,18,0,0.3176254602701035,0.5666581513768348,6,251
service_5,python,1,4,9,10,5,0.2375005500212848,0.47281549716108395,0.29453300993525255,0.15552693616042002,1,0,1.7339008409894874,1,0.02098686301672474,1233.6332769005533,17653.23458060263,64.04566173339042,0.2945418447052972,synthetic,code_change,0.6335561624572992,1,2,0,1,0.41312424252853186,0.7566525693456162,6,286
service_5,python,1,4,9,10,5,0.2396622876937061,0.4771190790779516,0.2972138588987249,0.15694254735350613,1,0,1.7339008409894874,1,0.022750758529996907,1337.3171957603677,19136.946617349207,69.42854603039312,0.2972227740831317,synthetic,deployment,0.9785682774892753,1,11,48,1,0.43275044935974405,0.861127448856088,6,305
service_5,python,1,4,8,9,5,0.16994336744615315,0.33832282814115816,0.21075290784784403,0.11128720020781399,1,0,1.7339008409894874,1,0.02456253252286423,1443.8154697541017,20660.93194462912,74.95754120189939,0.2107592295619279,synthetic,deployment,0.9778088201311634,1,25,83,1,0.3489214628639167,0.7179281717174832,5,259
service_5,python,0,3,7,8,4,0.16640446774549758,0.3312775955249864,0.2063641905139278,0.108969756194431,0,0,1.7339008409894874,1,0.022169227115327712,1303.1340734839573,18647.787733958015,67.65388517509699,0.20637038058467416,synthetic,deployment,0.5768931349796735,1,5,3,1,0.2984825785379817,0.5983732453394914,4,217
service_5,python,1,4,9,10,5,0.17548016276222775,0.3493454663195302,0.2176192876928284,0.11491296364953768,1,0,1.7339008409894874,1,0.03188447882218489,1874.2083588353626,26819.83408762576,97.30194281840761,0.21762581536986017,synthetic,config_change,0.4083806318702694,1,5,2,1,0.21579682647576923,0.6847573598989388,6,273
service_5,python,0,3,6,7,4,0.22937771990285885,0.4566445874075933,0.28445959493154704,0.15020771108427955,0,0,1.7339008409894874,1,0.0266631584910095,1567.2928133933258,22427.886965597336,81.368026660207,0.28446812754087586,synthetic,config_change,0.3805208456635373,0,6,62,0,0.3756407764337325,0.5157385321214337,4,202
service_5,python,0,3,7,7,4,0.19870809210637938,0.3955875695899998,0.246425081800182,0.13012374393582696,0,0,1.7339008409894874,1,0.027217940681099596,1599.9035837872389,22894.54556698032,83.06105684074919,0.24643247353169426,synthetic,scaling,0.7993443570865805,1,10,23,0,0.3012755561822206,0.6108369911456709,4,219
service_5,python,1,4,8,9,5,0.21780884166053727,0.43361329372322455,0.27011261118780394,0.14263184573289417,1,0,1.7339008409894874,1,0.026366309995370013,1549.8436985767423,22178.19094746224,80.46213337245638,0.2701207134470601,synthetic,code_change,0.6922743262742713,0,24,3,0,0.3650463174307297,0.7082036943612667,7,297
service_5,python,1,4,8,9,5,0.26730270979159737,0.5321455618157197,0.33149174463685555,0.17504284296410802,1,0,1.7339008409894874,1,0.02529732834699209,1487.0076600137568,21279.010170128528,77.1999194343059,0.3315016880158208,synthetic,scaling,0.5973960409990734,1,20,4,1,0.3870020528908076,0.680418283734128,6,272
service_5,python,0,3,6,7,4,0.2615405703901121,0.520674309199334,0.32434590745275693,0.17126951323176876,0,0,1.7339008409894874,1,0.02374091045400453,1395.519527460417,19969.81926587281,72.45019510386929,0.32435563648621196,synthetic,deployment,0.618952606416746,1,11,46,0,0.3545302375747211,0.7071307383548258,6,277
service_5,python,1,4,8,9,5,0.2518219817591895,0.5013265674159069,0.3122935346833818,0.16490530770283243,1,0,1.7339008409894874,1,0.028231552544439917,1659.4849191912633,23747.151694107026,86.15429866906399,0.3123029021955868,synthetic,config_change,0.8133353318882213,1,22,4,1,0.4684142462369549,0.7555337830964511,6,285
service_6,java,1,2,4,3,3,0.23024956962671325,0.14416472868310976,0.23788595525644285,0.15772131629185152,1,1,0.6802469717084633,1,0.005028355280024666,619.5635788051303,87756.09436261018,52.63895597382154,0.20636198345953388,synthetic,scaling,0.9320702218587099,1,18,0,0,0.4505254696426525,0.5707847399444579,4,212
service_6,java,1,2,4,3,3,0.2943116367144056,0.18427551167197337,0.3040726849409528,0.20160393271466842,1,1,0.6802469717084633,1,0.006197858409205408,763.6626934833329,108166.55091277855,64.88181080405734,0.26377783552894923,synthetic,config_change,0.2536375269812322,0,6,12,0,0.27502031169539976,0.4486495325958966,3,170
service_6,java,1,2,4,3,3,0.2321927090666737,0.14538137447580116,0.23989354025484638,0.15905236985562596,1,1,0.6802469717084633,1,0.004308260678217984,530.8378695566353,75188.82607964125,45.10070023599258,0.20810352899040624,synthetic,deployment,0.8676837957975323,1,29,47,0,0.2832295274163352,0.4264981671471579,3,166
service_6,java,0,1,3,2,2,0.3985986045660392,0.24957206119382172,0.411818401940137,0.2730406692449996,0,0,0.6802469717084633,1,0.006162780739706658,759.3406348298555,107554.36678832312,64.5146028806745,0.3572453958363755,synthetic,code_change,0.8213011986006583,1,22,4,1,0.3999291651318287,0.5651486872369701,2,171
service_6,java,1,2,4,3,3,0.2965092361523367,0.18565148091802722,0.3063431692784949,0.20310929177611925,1,1,0.6802469717084633,1,0.004395984828554155,541.6467097246775,76719.80954959667,46.01903385210174,0.2657474417245059,synthetic,deployment,0.7744834053827278,1,3,9,0,0.21057112693355395,0.5030656165086921,3,180
service_6,java,1,2,4,3,3,0.3472750579988833,0.21743716870344917,0.3587926745866822,0.23788395935641435,1,1,0.6802469717084633,1,0.004750053622193173,585.2729287791768,82899.1053103546,49.725576171040046,0.3112464874130207,synthetic,scaling,0.8632983115140671,1,26,40,1,0.31792823381209706,0.6545065646358774,4,227
service_6,java,1,2,4,3,3,0.4115240094067629,0.25766496440750963,0.42517248673863073,0.2818945918316479,1,1,0.6802469717084633,1,0.005085666931924498,626.6251745319381,88756.31142208855,53.23891865607804,0.36882983520915485,synthetic,code_change,0.2280297157991339,1,25,2,0,0.24701603811174155,0.5100003126384373,3,181
service_6,java,1,2,4,3,3,0.2746863625834609,0.17198766103665544,0.28379652507069486,0.18816058915689657,1,1,0.6802469717084633,1,0.00516859754373742,636.843383824234,90203.6368775341,54.1070714776267,0.2461886148317525,synthetic,deployment,0.5020430745326683,1,8,19,0,0.30450896610272526,0.507473293487748,4,201
service_6,java,1,2,4,3,3,0.37857175868500176,0.23703277694022262,0.3911273519159922,0.2593222484086342,1,1,0.6802469717084633,1,0.006335186952352041,780.5834874459275,110563.24245900448,66.31942424504895,0.3392962650512476,synthetic,scaling,0.8057855569287402,1,26,8,0,0.47499441080033517,0.5790188941435092,2,174
service_6,java,0,1,3,2,2,0.306571449865448,0.19195167210732647,0.3167391032427522,0.21000192395004585,0,0,0.6802469717084633,1,0.006258458419896203,771.1294609268284,109224.1572194933,65.51619742097716,0.27476573601794485,synthetic,code_change,0.4078968587772347,1,25,3,0,0.2881591082138626,0.38350444633038144,0,99
service_6,java,0,1,3,2,2,0.3363416248807706,0.21059148633538632,0.3474966266255445,0.23039454052373917,0,0,0.6802469717084633,1,0.005428002490586556,668.8056952122266,94730.8358772255,56.82263249433279,0.30144735967552355,synthetic,deployment,0.6252445333072898,1,11,1,0,0.26731558393004645,0.5038659057810658,1,140
service_6,java,1,2,4,3,3,0.4024703652208392,0.25199626257335134,0.4158185722048833,0.27569283136557193,1,1,0.6802469717084633,1,0.004442491044638706,547.3769248883697,77531.44748285419,46.505880648848304,0.36071547488799083,synthetic,code_change,0.8208826303630284,0,17,18,0,0.5204454917882911,0.6369811576915257,3,204
service_6,java,1,2,4,3,3,0.24230958284776127,0.15171578963295568,0.25034594712589775,0.165982444261839,1,1,0.6802469717084633,1,0.0046945173094560515,578.4300796253511,81929.87190704458,49.14419849219327,0.21717081256127105,synthetic,code_change,0.773344743748917,1,8,16,0,0.29588491978157877,0.4933640586325195,2,158
service_6,java,1,2,4,3,3,0.39390023263593255,0.24663029884588644,0.4069642052675635,0.2698222771044779,1,1,0.6802469717084633,1,0.006301873563139856,776.4788127574818,109981.84898848811,65.97068555606945,0.35303446353322593,synthetic,config_change,0.5296153583101612,1,11,49,1,0.3197410819371887,0.5659796226444062,3,191
service_6,java,0,1,3,2,2,0.38305584585537517,0.23984037050644005,0.39576015692712335,0.26239385515267843,0,0,0.6802469717084633,1,0.004831252316065294,595.2777415992979,84316.2049074872,50.57559854094814,0.3433151438877375,synthetic,code_change,0.2256389806238201,1,23,45,0,0.2251108134204125,0.3634020710813535,1,115
service_6,java,0,1,3,2,2,0.27026391137569006,0.16921865921173906,0.279227400221336,0.18513120314389797,0,0,0.6802469717084633,1,0.0060463962703480876,745.000443189145,105523.19637442131,63.29624088804849,0.2422249774426873,synthetic,config_change,0.9740358166314572,1,21,2,1,0.32453619172403814,0.5060910295888348,1,141
service_6,java,1,2,4,3,3,0.2372605028474185,0.14855444062575093,0.24512941090828397,0.1625238165431945,1,1,0.6802469717084633,1,0.005205762813061988,641.4226639243213,90852.25430813113,54.49613328149382,0.21264555692146328,synthetic,scaling,0.713217711917214,1,2,11,0,0.3555211308566141,0.5278360683430379,3,185
service_6,java,1,2,4,3,3,0.27566891790375075,0.17260286227848784,0.2848116675152101,0.18883364109222445,1,1,0.6802469717084633,1,0.00481923213586813,593.7966875674911,84106.42576323535,50.44976619598448,0.24706923347995433,synthetic,config_change,0.26360098049562575,0,24,1,1,0.333492514933928,0.44476363295132804,4,190
service_6,java,0,1,3,2,2,0.318471826064567,0.199402780523096,0.3290341636184481,0.21815370030965517,0,0,0.6802469717084633,1,0.006263439037156003,771.743142515001,109311.08017817354,65.56833663510601,0.2854314898794882,synthetic,deployment,0.38174513055683224,1,2,18,0,0.15577022866219986,0.37620446198785823,1,117
service_6,java,1,2,4,3,3,0.2985900196504568,0.18695430892739595,0.30849296339509036,0.20453463173559855,1,1,0.6802469717084633,1,0.005456239109366353,672.2848408991005,95223.62830022008,57.11822539698703,0.2676123512247411,synthetic,config_change,0.23179263094253452,1,16,55,1,0.20396645286938148,0.43678595180647456,3,168
service_7,go,2,1,6,1,3,0.33977011855349953,0.19439523634009073,0.19120040916898753,0.47598749943617635,2,0,0.5273327384773245,2,0.016747008121135346,1717.281309807837,3327.2067566668275,91.36281753588189,0.03542792507012474,synthetic,deployment,0.9114247047583608,0,26,24,0,0.22579180688967943,0.48847990914286665,2,157
service_7,go,2,1,6,1,3,0.4090144841530528,0.23401253662903682,0.23016661105762382,0.5729926527206787,2,0,0.5273327384773245,2,0.01613568053761944,1654.5942061921805,3205.751434516245,88.02773761811872,0.042648054392953993,synthetic,deployment,0.4601910482647048,1,8,139,0,0.15340341976371685,0.43255659333782853,3,167
service_7,go,1,0,5,0,2,0.433324272743172,0.2479210790237376,0.24384657074634056,0.6070484888609923,1,0,0.5273327384773245,2,0.01397887579334619,1433.429897352386,2777.248906419869,76.26135183229738,0.04518284283258456,synthetic,code_change,0.8984073855013286,1,15,74,0,0.14631458813488357,0.4656200837437708,1,133
service_7,go,2,1,6,1,3,0.310237711067028,0.17749863767077445,0.17458150101073666,0.4346152420650432,2,0,0.5273327384773245,2,0.019165549703554486,1965.284787589628,3807.709771659043,100.0,0.032348572700865816,synthetic,deployment,0.6955468143795609,1,5,7,0,0.2299147495446205,0.36593915907982144,2,135
service_7,go,1,0,4,0,2,0.2482497167992518,0.14203297975113854,0.13969871049925306,0.3477756149895476,1,0,0.5273327384773245,2,0.017244691843346607,1768.3150794320588,3426.0839191573978,94.0779166612941,0.02588506724159953,synthetic,config_change,0.8721595818235515,1,28,45,0,0.08937647537575136,0.352119693336462,1,113
service_7,go,1,0,4,0,2,0.350339232512294,0.20044222309299345,0.1971480155155326,0.49079388130966184,1,0,0.5273327384773245,2,0.017179185211841964,1761.5978608615715,3413.069409020888,93.72054713127066,0.03652996953178572,synthetic,scaling,0.9138189622668086,1,16,1,0,0.20990827353566577,0.3043176213810248,1,104
service_7,go,1,0,5,0,2,0.4083719668223251,0.23364492835055972,0.2298050443105058,0.5720925434971263,1,0,0.5273327384773245,2,0.020208526974577236,2000.0,4014.9229644930087,100.0,0.04258105893159269,synthetic,scaling,0.27392447371075135,0,19,10,0,0.1288779258219623,0.24938901686752465,1,94
service_7,go,1,0,5,0,2,0.38295132656696884,0.21910082602809988,0.21549996993005688,0.5364805036840714,1,0,0.5273327384773245,2,0.017068519853594033,1750.2499502385083,3391.0830025518558,93.11681547603915,0.039930441678858765,synthetic,deployment,0.6147962904552335,1,23,5,0,0.19674964657702984,0.23040078780984263,0,71
service_7,go,2,1,6,1,3,0.25180832500399725,0.14406899305904322,0.14170126254154605,0.3527609063037487,2,0,0.5273327384773245,2,0.01276065458367898,1308.5103595196683,2535.219177252651,69.61538132269322,0.026256124312092913,synthetic,deployment,0.40377921929543703,1,8,111,0,0.07634614229415498,0.27101943375236326,2,118
service_7,go,2,1,6,1,3,0.402858702337613,0.23049058282696336,0.22670253950572314,0.5643689538330894,2,0,0.5273327384773245,2,0.013645650361990223,1399.260104092534,2711.0454449608897,74.4434501472275,0.04200618930536508,synthetic,scaling,0.8419154025244145,1,5,40,0,0.17578517709353003,0.4232933967363594,2,146
service_7,go,2,1,7,1,3,0.27229330053942563,0.15578921636056217,0.15322886750240985,0.38145852198175745,2,0,0.5273327384773245,2,0.02069097904413211,2000.0,4110.7739830140445,100.0,0.02839209842724519,synthetic,code_change,0.25215560059574466,1,23,21,0,0.21675522724520901,0.220195124744209,3,129
service_7,go,2,1,6,1,3,0.24498530094928092,0.14016528493039018,0.13786171068046563,0.34320246081059114,2,0,0.5273327384773245,2,0.016044626828346766,1645.2573245240271,3187.661366456309,87.53099674559557,0.025544685690029136,synthetic,scaling,0.8409458914120271,1,23,0,1,0.2953309575464609,0.33521373210558536,2,130
service_7,go,2,1,6,1,3,0.26131013867335984,0.1495053372607609,0.14704826206335228,0.3660720960806573,2,0,0.5273327384773245,2,0.013519659646255476,1386.3406918742085,2686.014277743571,73.75611144830123,0.027246881074758197,synthetic,scaling,0.1839443021003529,1,4,4,0,0.23511757981065953,0.18604668483306586,1,83
service_7,go,2,1,6,1,3,0.2838473577199351,0.16239972609536216,0.15973073550033812,0.3976447210775068,2,0,0.5273327384773245,2,0.01348683421541607,1382.9746877223527,2679.492695232272,73.57703326152156,0.029596843193470338,synthetic,config_change,0.14049713911188194,1,10,19,0,0.20663094835515255,0.2346791685716092,2,112
service_7,go,1,0,4,0,2,0.29336881980396734,0.1678473118925141,0.1650887918653428,0.4109834365232598,1,0,0.5273327384773245,2,0.012703943092445664,1302.6950172661827,2523.952038940704,69.305993425568,0.03058964870181587,synthetic,scaling,0.799709920464147,1,22,20,0,0.338114710586352,0.26550830953326254,0,77
service_7,go,1,0,4,0,2,0.31480906444667167,0.18011408050139516,0.17715395982602317,0.44101929864741474,1,0,0.5273327384773245,2,0.017018081321935344,1745.0778534027575,3381.062142579897,92.84164952810514,0.03282522899333956,synthetic,deployment,0.6408208050931775,1,27,15,0,0.15386930717041467,0.2753851751182731,0,79
service_7,go,2,1,6,1,3,0.4254478369802366,0.24341467452244747,0.23941422764601766,0.5960143079293959,2,0,0.5273327384773245,2,0.019059347309734864,1954.3945208241198,3786.6100432935386,100.0,0.044361564677763574,synthetic,deployment,0.8537777506684501,1,17,8,0,0.231355672579383,0.48142355070312026,2,156
service_7,go,1,0,4,0,2,0.38106188738089253,0.21801980695940945,0.21443671708423362,0.533833568640619,1,0,0.5273327384773245,2,0.019978263118035404,2000.0,3969.1753626670297,100.0,0.03973342932770249,synthetic,code_change,0.600920585651938,1,4,2,0,0.13804474410925965,0.3612863368814328,1,115
service_7,go,2,1,6,1,3,0.2644750723188075,0.15131611457875105,0.1488292798013998,0.3705058846027073,2,0,0.5273327384773245,2,0.012472609837513582,1278.9735099880847,2477.991974714045,68.04396155650429,0.027576889589103704,synthetic,code_change,0.39045391545397456,1,5,2,0,0.3248588788028404,0.23780026006657343,2,112
service_7,go,1,0,5,0,2,0.25682210407252914,0.1469375642304389,0.14452268960955134,0.3597847616436943,1,0,0.5273327384773245,2,0.019371419515681658,1986.3952079144062,3848.610894113196,100.0,0.026778912454600328,synthetic,config_change,0.49969320121595673,1,26,162,0,0.02952088681929053,0.15035007321572233,0,57
service_8,python,0,4,4,3,4,0.49910561418824867,0.32060506201764577,0.37340926931379476,0.2662319852829838,0,0,1.4036613888516785,4,0.05,2000.0,108670.08337631813,57.602831466527455,0.2775231765878677,synthetic,deployment,0.7251883955291578,1,22,32,1,0.4888963090599013,0.7967068324190743,5,273
service_8,python,0,5,5,4,5,0.5248839400396557,0.3371640057028279,0.39269549961589706,0.2799826117507983,1,0,1.4036613888516785,4,0.042129476250212336,1763.3100216472114,90012.44691211225,47.71296430695556,0.29185698224748763,synthetic,code_change,0.6553953499857906,1,6,4,0,0.43786008949382155,0.88592457534595,6,309
service_8,python,0,4,4,3,4,0.3452295859244741,0.22176138608590348,0.2582858692848521,0.18415172145194278,0,0,1.4036613888516785,4,0.048610383637745405,2000.0,103859.33949387552,55.052796898785886,0.1919617984936906,synthetic,code_change,0.16002449326490398,0,9,80,0,0.29682221062055064,0.5472468394106516,5,228
service_8,python,0,5,5,4,5,0.46444153352421275,0.29833827235399313,0.3474751009449532,0.2477415360657266,1,0,1.4036613888516785,4,0.03812423579910135,1595.6725085529154,81454.98250560767,43.17690281998965,0.25824852708301776,synthetic,code_change,0.4283402231870188,1,14,6,0,0.539683959018309,0.8842231618627507,6,309
service_8,python,0,4,4,3,4,0.40229693560497065,0.2584191207684821,0.3009811961657709,0.21459248061869182,0,0,1.4036613888516785,4,0.036287422777599825,1518.7935369400318,77530.50849592785,41.09665397917926,0.22369358373625967,synthetic,deployment,0.8498839209370069,1,29,29,0,0.40400336462603087,0.7254483141917671,6,280
service_8,python,0,4,4,3,4,0.47392851162790367,0.30443231961940154,0.3545728483174343,0.252802062221077,0,0,1.4036613888516785,4,0.043017390102040975,1800.4732511160544,91909.53430943901,48.7185548267223,0.2635236757183181,synthetic,deployment,0.1558330872659034,1,15,5,1,0.3335023555218109,0.6534059193667996,5,247
service_8,python,0,5,5,4,5,0.4291772975940194,0.27568596745898094,0.32109192232048644,0.22893095314641318,1,0,1.4036613888516785,4,0.043988144866061285,1841.1037491975528,93983.61686252126,49.81796529960409,0.23864016665371587,synthetic,code_change,0.6547853596346831,1,12,18,1,0.5081416251856211,0.8563247377292075,6,304
service_8,python,0,5,5,4,5,0.34678329394965834,0.2227594246645351,0.259448286540676,0.18498049748718665,1,0,1.4036613888516785,4,0.05,2000.0,117931.50713547767,62.51204120819606,0.19282572383209914,synthetic,deployment,0.21414162029537692,1,5,39,0,0.3583900977380744,0.7500180603201793,7,305
service_8,python,0,4,4,3,4,0.5345212901652505,0.34335464581359354,0.3999057488421505,0.2851233490694465,0,0,1.4036613888516785,4,0.04755433707859053,1990.3650984278645,101603.02530952418,53.8567907703407,0.2972157438897396,synthetic,code_change,0.7105526969527118,1,5,5,0,0.44557183429762254,0.8917810369286514,5,290
service_8,python,0,4,4,3,4,0.44412726309573897,0.2852892147088359,0.3322768409741123,0.23690553584452267,0,0,1.4036613888516785,4,0.04667358294564419,1953.5015357287282,99721.23513098959,52.85930885865279,0.24695296017471077,synthetic,config_change,0.17216808113090198,1,19,52,1,0.5065425911082876,0.7141492625924126,5,258
service_8,python,0,4,4,3,4,0.42662560557721396,0.2740468647239248,0.31918285653476325,0.22756983435280928,0,0,1.4036613888516785,4,0.046995053458689554,1966.9565374940087,100408.07840711884,53.223384382012625,0.23722132131508053,synthetic,code_change,0.9960740502353275,0,26,4,0,0.5292860067855785,0.8232473031595811,4,258
service_8,python,0,5,5,4,5,0.32314693386406823,0.20757639230486738,0.24176458253515662,0.17237243440081015,1,0,1.4036613888516785,4,0.037676041795313524,1576.9135528557797,80497.38600636148,42.669308935406,0.17968293892354564,synthetic,config_change,0.6395150256928449,1,12,7,1,0.452459463856634,0.8323588432927514,6,299
service_8,python,0,5,5,4,5,0.41242728888992847,0.26492644597352294,0.3085602890681399,0.21999619476255852,1,0,1.4036613888516785,4,0.05,2000.0,114525.98375860522,60.70687291312826,0.22932647534011658,synthetic,config_change,0.29635689663394593,1,14,17,0,0.35634115458242593,0.7910005129955475,6,292
service_8,python,0,5,5,4,5,0.5404486294633867,0.347162126493548,0.40434032816438825,0.28828509933618146,1,0,1.4036613888516785,4,0.05,2000.0,113926.35008668872,60.38902464917277,0.300511587462664,synthetic,deployment,0.5710612338298074,0,20,2,1,0.4470542076325635,0.8946860205998121,6,311
service_8,python,0,4,4,3,4,0.33048491407751895,0.21229001109523885,0.2472545424792061,0.17628664611203604,0,0,1.4036613888516785,4,0.04423331991367627,1851.3654390403062,94507.44976817022,50.095633795322705,0.18376315665839896,synthetic,deployment,0.9571737753969792,1,8,6,1,0.4163579692142874,0.757277295510017,5,266
service_8,python,0,4,4,3,4,0.38664695707312696,0.2483662137380993,0.28927255798934637,0.20624449827642682,0,0,1.4036613888516785,4,0.03760802302636044,1574.0666582909685,80352.05935209562,42.592275528297236,0.21499155428152575,synthetic,code_change,0.18820691630266695,0,6,23,0,0.34372640395737925,0.6340702464370698,5,244
service_8,python,0,4,4,3,4,0.35105355861919524,0.22550246828153653,0.26264311417775177,0.18725833409798823,0,0,1.4036613888516785,4,0.03783511375466617,1583.571437193665,80837.25389865138,42.84946296043479,0.19520016599879023,synthetic,scaling,0.7125023456011913,0,2,35,1,0.5089234441172402,0.7050558646668358,6,276
service_8,python,0,5,5,4,5,0.32263357090439376,0.20724662890640974,0.24138050653557766,0.17209859728890517,1,0,1.4036613888516785,4,0.05,2000.0,123925.79864048107,65.6894397395677,0.17939748807855138,synthetic,scaling,0.9610483905004148,1,22,11,1,0.3592721744315593,0.906119730649377,7,333
service_8,python,0,5,5,4,5,0.44553149266601383,0.2861912344330524,0.33332742490440526,0.23765457736130743,1,0,1.4036613888516785,4,0.05,2000.0,120633.82739232354,63.944462105349785,0.2477337693660382,synthetic,code_change,0.49334636965796885,1,19,55,1,0.5861530425630459,0.8422632476186656,6,301
service_8,python,0,4,4,3,4,0.369460668493777,0.23732644387937474,0.2764145189727575,0.19707702029570262,0,0,1.4036613888516785,4,0.05,2000.0,115058.07443013621,60.98891860891532,0.20543527347700244,synthetic,scaling,0.47800990386609654,1,25,48,1,0.44940759037938083,0.7689927637018388,3,228
service_9,python,1,1,2,7,3,0.6058598039996442,0.5398840599135175,0.028482898317714538,0.06010802367006745,0,3,0.9285681294227911,3,0.05,227.18867832647388,111373.99345287101,95.34865027036942,0.2568656788678267,synthetic,scaling,0.6695223495953562,1,29,0,0,0.2938736282730391,0.5440961932070018,0,127
service_9,python,1,1,2,7,3,0.6817658712553777,0.607524255700657,0.03205142156528738,0.06763874885960658,0,3,0.9285681294227911,3,0.05,200.270239803927,98177.85173552959,84.05127049151238,0.2890474862217972,synthetic,scaling,0.4220301244020338,1,17,5,0,0.19520240795222765,0.47397991467569905,1,135
service_9,python,2,2,3,8,4,0.42822322890731956,0.3815914075261791,0.020131783963436106,0.042484501875369486,0,4,0.9285681294227911,3,0.0450019884507284,168.79325336710642,82746.98736695928,70.84071707204723,0.18155330601915284,synthetic,config_change,0.13898374592888077,1,10,40,0,0.12117547651611946,0.4555097621451061,1,131
service_9,python,2,2,3,9,4,0.44106045998905113,0.3930307147531978,0.020735292473438166,0.043758097820545114,0,4,0.9285681294227911,3,0.05,199.65978919557992,97878.59244779496,83.79507092209995,0.1869958920016256,synthetic,config_change,0.3593660733635765,0,15,10,0,0.24095754499459815,0.4987397636430365,1,139
service_9,python,1,1,2,6,3,0.6439695816397523,0.5738438330143502,0.030274528847200107,0.06388893701228014,0,3,0.9285681294227911,3,0.04975006372263412,186.60231247689123,91477.46657615954,78.3149880665862,0.27302303712200454,synthetic,deployment,0.21283781431048596,0,19,9,0,0.14245481554706657,0.5229709466728053,2,164
service_9,python,2,2,3,8,4,0.5254280838412124,0.46821103698264227,0.02470161345334874,0.05212830343249563,0,4,0.9285681294227911,3,0.042597908561570474,159.77604146568808,78326.50784892385,67.0562900031656,0.2227651356982475,synthetic,config_change,0.2627066355061416,0,6,8,0,0.225612221807733,0.4517436000312921,3,171
service_9,python,2,2,3,8,4,0.44847839611945506,0.3996408668838118,0.021084027146269703,0.04449403949808481,0,4,0.9285681294227911,3,0.03852296783277397,144.49177233511912,70833.74851505547,60.641646268698295,0.19014086578492598,synthetic,config_change,0.7954038893153499,1,17,0,1,0.46740938542931,0.5800567054785042,1,154
service_9,python,1,1,2,7,3,0.5387337114894728,0.4800677342367228,0.02532714239066539,0.053448369520965176,0,3,0.9285681294227911,3,0.049916823547019235,187.22779446686394,91784.09465097937,78.57749614556107,0.22840630723012706,synthetic,deployment,0.5126667059683139,1,20,34,0,0.2920121720140534,0.5033559661098014,1,140
service_9,python,1,1,2,7,3,0.49844680119850804,0.4441679096474842,0.023433159720454923,0.04945146043180465,0,3,0.9285681294227911,3,0.0397442470606889,149.0725409021599,73079.36432722012,62.56414567881689,0.21132591256941446,synthetic,deployment,0.28851019255856,1,11,72,0,0.2877650340802873,0.4304133419810098,2,147
service_9,python,1,1,2,6,3,0.5578329809264375,0.4970871685298364,0.026225044092881664,0.05534322924233851,0,3,0.9285681294227911,3,0.04546576394570669,170.5327803818968,83599.75024133961,71.57077789281912,0.23650380235592738,synthetic,deployment,0.7892727794962678,1,29,15,0,0.33046914500135716,0.5784937190908372,2,174
service_9,python,1,1,2,7,3,0.6004145285190631,0.5350317534650683,0.028226903074588246,0.05956779184528542,0,3,0.9285681294227911,3,0.043967404027429234,164.91273882311475,80844.65488895067,69.21210676078671,0.25455705173377996,synthetic,config_change,0.28592291459960273,1,19,15,0,0.3121434895577589,0.5004048150347584,2,160
service_9,python,1,1,2,6,3,0.6554791022559038,0.5841000122110639,0.03081561855678526,0.06503080932838311,0,3,0.9285681294227911,3,0.05,194.88684356978328,95538.76627866477,81.79191686272559,0.27790271523729465,synthetic,config_change,0.4053165950564527,0,15,3,0,0.21669166847980878,0.5395588318776099,1,147
service_9,python,1,1,2,7,3,0.7276895412382094,0.6484470190739378,0.034210401603015785,0.07219488713470171,0,3,0.9285681294227911,3,0.05,214.512532587341,105159.80627172525,90.0286079348092,0.30851769135567175,synthetic,config_change,0.3463286119105339,1,3,57,0,0.23788706472421156,0.5888105666328151,1,155
service_9,python,1,1,2,6,3,0.4828091747144036,0.430233159037004,0.022697998017802326,0.04790003415027042,0,3,0.9285681294227911,3,0.03651774468662225,136.97059048919792,67146.66312050186,57.48508695980502,0.2046960461940519,synthetic,code_change,0.9571480771588522,1,20,41,0,0.2895120393223594,0.5660580469344436,1,151
service_9,python,2,2,3,8,4,0.6626674137575935,0.5905055449297482,0.03115355803424696,0.06574396969162061,0,4,0.9285681294227911,3,0.04251471489554665,159.46399904198336,78173.53626992303,66.9253291465485,0.28095033533291014,synthetic,code_change,0.6745155196783886,1,25,96,1,0.4191810167757243,0.6602072965177825,3,208
service_9,python,1,1,2,7,3,0.6267762284232877,0.5585227681792957,0.02946622876164864,0.06218316535474386,0,3,0.9285681294227911,3,0.04386269853131415,164.52000992505654,80652.12863261042,69.04728265675188,0.26573359108711947,synthetic,deployment,0.5148085043859237,1,25,37,0,0.4540291653149757,0.5770021195762846,1,153
service_9,python,2,2,3,8,4,0.45962191203148284,0.40957089784572714,0.021607910111485048,0.04559960008121987,0,4,0.9285681294227911,3,0.04628657029710023,173.61145710721064,85109.00027956502,72.8628654763194,0.1948653693100338,synthetic,config_change,0.39349706726131617,0,11,59,1,0.3726929105323028,0.5381030401211401,2,166
service_9,python,1,1,2,6,3,0.511017586811346,0.455369786266725,0.024024142000547668,0.05069862202625209,0,3,0.9285681294227911,3,0.04919281262218182,184.51217758672456,90452.82630232282,77.43778088298697,0.21665553397526935,synthetic,deployment,0.5684894535743726,1,26,21,1,0.30196807938310344,0.4938429109378238,1,138
service_9,python,2,2,3,8,4,0.568326401651671,0.5064378971078344,0.02671836455010414,0.056384293160374375,0,4,0.9285681294227911,3,0.04663628805525717,174.9231768820866,85752.04055206092,73.41338018941461,0.24095268577819584,synthetic,deployment,0.8358610404740375,1,25,33,1,0.425849087072283,0.7065932097888631,2,197
service_9,python,1,1,2,7,3,0.41976007550739586,0.3740498581659836,0.01973391116159994,0.0416448630323108,0,3,0.9285681294227911,3,0.04552563846678296,170.75735746291457,83709.8439596322,71.66503048372479,0.17796519268157412,synthetic,deployment,0.283817895731586,1,7,0,0,0.2320117622740393,0.3941410942225728,1,120
service_10,go,0,6,2,2,7,0.13575091492083774,0.02448908973185514,0.051375123424023006,0.029393702189246577,3,1,1.1168826748780536,5,0.04188699747183023,1188.5743308493938,7332.828530340797,52.16232207021808,0.051176800175943775,synthetic,config_change,0.1657032336096646,1,21,8,0,0.2938903217475123,0.6838826476247727,6,273
service_10,go,1,7,3,3,8,0.13174149815757735,0.02376580203287245,0.049857754047978896,0.028525556273909118,4,2,1.1168826748780536,5,0.04063416419710845,1153.0242661265706,7113.504822862875,50.60215550969359,0.049665288296741265,synthetic,deployment,0.49976506619052996,1,15,59,1,0.49502495489294973,0.8670409129530205,7,326
service_10,go,1,8,3,3,9,0.20283719086080657,0.03659126843339779,0.07676401828696965,0.043919674387039656,4,2,1.1168826748780536,5,0.036396377300919575,1032.7739491205011,6371.628667170965,45.32479455555464,0.07646768635766928,synthetic,deployment,0.8978522739777123,1,26,9,1,0.5615552517976371,1.0,8,370
service_10,go,0,6,2,2,6,0.16837555469215046,0.030374484547021054,0.06372196392887622,0.03645780887337926,3,1,1.1168826748780536,5,0.03250031990174021,922.2204576869194,5689.576417621184,40.47299296732372,0.06347597820625209,synthetic,scaling,0.47565530409623313,1,26,70,1,0.30029568450005806,0.774008053144389,6,289
service_10,go,0,6,2,2,7,0.15699928680835198,0.028322237273531784,0.05941659945324289,0.03399454274809044,3,1,1.1168826748780536,5,0.03464133745577098,982.9734039521732,6064.3875893867325,43.1392248280927,0.05918723371729841,synthetic,config_change,0.924226825015605,1,9,11,1,0.49803320292875797,0.8102857761295867,5,275
service_10,go,0,5,2,2,6,0.21147878440691092,0.03815018801710872,0.08003444143859441,0.04579081041056354,3,1,1.1168826748780536,5,0.041680368139320516,1182.7110717130292,7296.655551705804,51.90500437159873,0.07972548470376958,synthetic,deployment,0.8376623825928804,1,6,10,1,0.3084172217784877,0.8226788161097502,3,238
service_10,go,0,6,2,2,6,0.19615180818214933,0.03538524388170399,0.07423392587136325,0.04247211031285135,3,1,1.1168826748780536,5,0.03470960276559992,984.9104822783228,6076.33826242991,43.22423634222463,0.07394736085087714,synthetic,deployment,0.5024809289947942,1,19,15,0,0.3959542506833174,0.7790608561560308,6,290
service_10,go,1,8,3,3,9,0.14533270813187393,0.026217618735685285,0.0550013664524955,0.03146841657513769,4,2,1.1168826748780536,5,0.036652680994494806,1040.0467547516587,6416.497747079214,45.64397226269511,0.0547890448283969,synthetic,code_change,0.41709434882728535,0,6,14,1,0.38546433342242525,0.9557440149605989,8,362
service_10,go,1,7,3,3,8,0.1593420057440809,0.028744857292461578,0.06030320470773457,0.03450180402695607,4,2,1.1168826748780536,5,0.044286413646626166,1256.6595278441232,7752.875524507363,55.150340473169216,0.06007041641195732,synthetic,code_change,0.6699368814484694,1,16,41,0,0.523698638979739,0.9498521018481926,7,340
service_10,go,1,7,3,3,9,0.19589460714933757,0.03533884552648608,0.07413658778113236,0.04241641941334143,4,2,1.1168826748780536,5,0.04271007741760277,1211.929829090586,7476.918688943624,53.187312253622814,0.07385039851460906,synthetic,scaling,0.21904184358863354,0,7,10,0,0.4646206246596275,0.7950616109924772,8,333
service_10,go,1,7,3,3,9,0.14471931255822773,0.02610696387009631,0.054769226040608035,0.0313356000351794,4,2,1.1168826748780536,5,0.040984644729163015,1162.969408748518,7174.860704160099,51.03861263232852,0.05455780054750489,synthetic,config_change,0.5252638985376268,1,16,15,1,0.3677371415730258,0.8423762352129778,7,321
service_10,go,0,6,2,2,7,0.13236513598144017,0.023878304572083044,0.05009377065377139,0.028660590534851395,3,1,1.1168826748780536,5,0.03542942851291238,1005.3360667694396,6202.352517338404,44.120642977505646,0.04990039380827759,synthetic,scaling,0.2324469259854508,0,3,72,0,0.33429535913139347,0.6958126636182163,6,275
service_10,go,1,8,3,3,9,0.14024360067803746,0.02529955782121756,0.05307538662605065,0.03036648876128557,4,2,1.1168826748780536,5,0.05,1456.3881212465242,8985.087503188855,63.91572177518876,0.05287049985659489,synthetic,scaling,0.7432261077121608,0,13,9,0,0.31792044584884804,1.0,8,370
service_10,go,1,7,3,3,8,0.18429754771169196,0.03324676806712034,0.06974766443345391,0.03990534601409451,4,2,1.1168826748780536,5,0.032356424900596606,918.1373312987877,5664.385846956174,40.293798996712795,0.06947841771569489,synthetic,deployment,0.3313564229702879,1,7,40,0,0.40421787877719767,0.8757035716699983,7,327
service_10,go,0,6,2,2,7,0.17480444266476955,0.03153423816289408,0.06615498556460607,0.03784983498668678,3,1,1.1168826748780536,5,0.03854120961000243,1093.6351418633508,6747.107658221032,47.995776971236985,0.06589960765523308,synthetic,config_change,0.5982026793961223,0,13,11,0,0.43929670604947907,0.8749773279376915,6,307
service_10,go,0,5,2,2,6,0.20180842422060463,0.036405681775807046,0.07637468011458448,0.04369691890681352,3,1,1.1168826748780536,5,0.04050413724290347,1149.3346557602392,7090.7420225416345,50.440231564975164,0.07607985114636338,synthetic,deployment,0.46168864411306554,1,14,41,0,0.15690300095577542,0.7251802639129965,5,260
service_10,go,1,7,3,3,8,0.1447168555198433,0.02610652062716491,0.054768296170998466,0.031335068020683726,4,2,1.1168826748780536,5,0.037297777064589734,1058.3518297421087,6529.429662783701,46.447317238594934,0.05455687426746843,synthetic,config_change,0.12418088864044177,1,4,22,1,0.37391800208924936,0.8459229977086059,7,322
service_10,go,1,7,3,3,8,0.1950354126110322,0.03518384920724985,0.07381142440763741,0.04223038082644643,4,2,1.1168826748780536,5,0.04509948414557655,1279.7310006770292,7895.213407662904,56.16286578631837,0.07352649036839319,synthetic,deployment,0.2853820322892655,0,2,113,0,0.3221206332094566,0.8662241851881618,8,345
service_10,go,0,6,2,2,6,0.20004438628608684,0.03608745420957669,0.07570707749353874,0.04331495753492895,3,1,1.1168826748780536,5,0.04371573213675277,1240.4660206780377,7652.970782942826,54.439664738114345,0.07541482566988504,synthetic,scaling,0.7307791292128858,1,13,11,0,0.3289271971294403,0.8482307685692134,5,282
service_10,go,0,6,2,2,7,0.18181987642865177,0.0327998030178476,0.06880998627456582,0.03936886394427568,3,1,1.1168826748780536,5,0.043375786825269894,1230.8198226808458,7593.45922018463,54.01632723735995,0.06854435927323237,synthetic,scaling,0.8826847163309541,0,23,56,1,0.39923080779129616,0.8955929177008447,6,311
service_11,java,4,3,4,8,7,0.4218461260812122,0.676905754810246,0.48878548139517036,0.1882658621037689,3,2,1.8898814377422415,4,0.014512452627834425,1105.652827844703,21014.73714870565,45.629702859062064,0.47500642826197054,synthetic,deployment,0.566269448677805,1,25,36,1,0.3848023321883096,0.6796885172248078,4,232
service_11,java,3,2,3,6,5,0.39771029051877926,0.6381767373338134,0.46081972498571766,0.1774942712112133,2,1,1.8898814377422415,4,0.019860284196983102,1513.0853445184016,28758.657326998742,62.44422564844524,0.44782903742012037,synthetic,deployment,0.20917269820498072,1,16,24,1,0.36803572721040656,0.6081686308527603,1,159
service_11,java,4,3,4,9,8,0.4434553934732615,0.7115805723575702,0.5138237489334774,0.19790986996224524,3,2,1.8898814377422415,4,0.02072395659126053,1578.8855127982094,30009.29695448132,65.15976351989147,0.4993388572843936,synthetic,deployment,0.7490191216211413,0,10,20,1,0.3921715140153678,0.7438836494821525,4,243
service_11,java,4,3,4,8,7,0.3633749834576083,0.5830813707867964,0.4210360253067629,0.1621707544480784,3,2,1.8898814377422415,4,0.01716602192999273,1307.8189591012522,24857.234541860093,53.972991335413845,0.40916685573336714,synthetic,scaling,0.4939451424401873,0,17,12,1,0.4246714158083777,0.5629984875982812,4,211
service_11,java,4,3,4,9,8,0.2759267479992262,0.442759556338311,0.31971133551346437,0.12314344941871755,3,2,1.8898814377422415,4,0.017560629240215855,1337.8827050182988,25428.645116899064,55.21370610453291,0.31069854841767763,synthetic,config_change,0.15679573220399162,1,20,12,0,0.186297002740033,0.40314101678633574,4,182
service_11,java,3,2,3,7,6,0.4710876878513792,0.7559201026429753,0.5458407889739522,0.21024189674017982,2,1,1.8898814377422415,4,0.013808853507392313,1052.048080450468,19995.89140613334,43.41746350703864,0.5304533244934777,synthetic,config_change,0.5544203061251254,1,2,25,0,0.45562795405775763,0.6324119504560773,1,163
service_11,java,3,2,3,6,5,0.3782461834951806,0.6069441023943615,0.43826701599242646,0.1688076277592064,2,1,1.8898814377422415,4,0.017772763362757855,1354.0444592362635,25735.825642466552,55.88069308640902,0.42591209807904784,synthetic,config_change,0.6884080760120155,1,18,64,1,0.39970222902718155,0.7541859647483841,2,205
service_11,java,4,3,4,9,7,0.43351629147717297,0.6956320192647699,0.5023074911005002,0.1934741444923599,3,2,1.8898814377422415,4,0.01531277850444074,1166.6268472857648,22173.64793804608,48.14606814041519,0.48814724724603437,synthetic,config_change,0.7819989043376422,0,10,77,0,0.34214728995180893,0.7864884157522972,4,251
service_11,java,4,3,4,8,7,0.33158198649589876,0.5320654640959698,0.38419805438763993,0.1479818461903161,3,2,1.8898814377422415,4,0.0157681424827513,1201.3194304919994,22833.037123085116,49.57781255715006,0.37336736156515954,synthetic,config_change,0.5637746691949391,0,22,71,0,0.4170973999313083,0.6965961493013576,4,235
service_11,java,3,2,3,6,5,0.44779760023978044,0.7185481953061019,0.5188549854281838,0.19984775501034482,2,1,1.8898814377422415,4,0.01969258944846603,1500.3092702277618,28515.827176115392,61.91696387250098,0.5042282612623313,synthetic,code_change,0.8918539731473211,1,27,29,1,0.4563024422578389,0.7469431988964782,3,224
service_11,java,3,2,3,7,6,0.3162017456518083,0.507385911780422,0.3663772473204081,0.1411177928712183,2,1,1.8898814377422415,4,0.01930261779742265,1470.5986989127236,27951.129261001755,60.690824430954166,0.3560489299914776,synthetic,deployment,0.28813333364733007,1,28,162,0,0.2721954870763803,0.481296232795505,2,156
service_11,java,3,2,3,7,6,0.2751715841591936,0.4415477999239728,0.31883634082165235,0.12280642707198171,2,1,1.8898814377422415,4,0.016100544955928553,1226.644008209904,23314.372069047447,50.622944380809194,0.30984822016709324,synthetic,scaling,0.8967149908368087,0,16,73,0,0.3788741327680356,0.5274350766222766,3,184
service_11,java,4,3,4,9,8,0.33762706025470246,0.5417655536845579,0.3912023720868792,0.1506797043720526,3,2,1.8898814377422415,4,0.0156731631013627,1194.0832847961415,22695.502359967275,49.2791806813645,0.38017422481983526,synthetic,scaling,0.6647211088894655,1,29,0,1,0.2931832320672679,0.654020054521826,3,207
service_11,java,3,2,3,7,6,0.42033607485688346,0.6744826855899549,0.487035812335811,0.187591940789829,2,1,1.8898814377422415,4,0.01830970399197012,1394.9520811453692,26513.341785100823,57.568928837609505,0.47330608305500066,synthetic,deployment,0.26259178718017284,1,7,11,0,0.3296600293553055,0.5084341083062975,4,201
service_11,java,4,3,4,8,7,0.32656921718129683,0.524021838264647,0.3783898491889297,0.1457446955370488,3,2,1.8898814377422415,4,0.01333169552892247,1015.6950888677785,19304.943449016886,41.917194921654904,0.36772289193366203,synthetic,deployment,0.36031951253770134,1,20,3,0,0.48099926895488126,0.5318317877402373,4,205
service_11,java,3,2,3,6,5,0.459786973542684,0.7377866694404864,0.5327468555655853,0.20519849681263058,2,1,1.8898814377422415,4,0.01717682530900693,1308.6420306291081,24872.878360043233,54.00695905864667,0.517728514168803,synthetic,code_change,0.9811286567125006,1,15,72,0,0.5531218541476559,0.7545245556234538,2,205
service_11,java,3,2,3,7,6,0.3843397753795238,0.616722045485352,0.4453275507667603,0.171527139112959,2,1,1.8898814377422415,4,0.016134061381231083,1229.197507012988,23362.905482796272,50.72832591532109,0.43277359362757106,synthetic,scaling,0.7812348934072973,1,26,172,0,0.34828808343752216,0.6608226316208545,2,188
service_11,java,3,2,3,7,6,0.3908107310536837,0.6271055167658673,0.4528253301434806,0.17441506429067288,2,1,1.8898814377422415,4,0.020012652556603144,1524.6937550337163,28979.294121433704,62.92329856278162,0.4400600076828053,synthetic,code_change,0.3744128119465572,0,4,10,1,0.4633951876790402,0.5333566188387524,2,166
service_11,java,3,2,3,7,6,0.4931532709263893,0.7913271367325626,0.5714077812461712,0.22008955389192367,2,1,1.8898814377422415,4,0.01576601434568316,1201.157295198416,22829.955477118696,49.571121320006846,0.5552995732935923,synthetic,config_change,0.5110575335972563,1,2,17,1,0.395761909298397,0.7595261512388968,3,226
service_11,java,3,2,3,6,5,0.28413321108108514,0.45592786995624557,0.32922001595408057,0.1268059148330177,2,1,1.8898814377422415,4,0.01299798836119872,990.2711110517788,18821.719241903655,40.86796090893062,0.31993917545244416,synthetic,config_change,0.5209485543740359,1,13,0,0,0.37994464332359035,0.5780295376403803,0,134
service_12,javascript,3,2,2,2,6,0.06115921879317488,0.20504063988736243,0.43130812067137453,0.11021036349772563,2,0,1.5307482581049967,2,0.05,922.5947551911937,48129.54684264273,65.94479391384613,0.22963823016055138,synthetic,deployment,0.8066708959805572,1,28,1,0,0.32335264030639116,0.3693305994850033,2,136
service_12,javascript,4,3,3,3,7,0.07372981727123648,0.24718446720512552,0.5199587168083585,0.13286288023990694,3,1,1.5307482581049967,2,0.045399137736675886,806.7411891399997,42085.745268036335,57.66386721830375,0.27683781909452787,synthetic,config_change,0.6206876363831783,0,5,17,1,0.30678613735259164,0.5076423945759657,3,181
service_12,javascript,3,2,2,2,6,0.08385400952718942,0.2811265433052691,0.5913567238692017,0.1511069149196624,2,0,1.5307482581049967,2,0.05,944.7311003521778,49284.34666711139,67.52704518010697,0.3148517381297665,synthetic,code_change,0.33283985267407107,1,24,29,0,0.34453030511079447,0.456797734861385,2,152
service_12,javascript,4,3,3,3,7,0.07529024793044771,0.25241592220370107,0.5309632134049942,0.1356748133148902,3,1,1.5307482581049967,2,0.037255302568846065,662.0255052086814,34536.27650133599,47.31994763795193,0.2826968627831225,synthetic,config_change,0.35876007944538313,1,16,15,0,0.31959461989154997,0.418007029447705,3,165
service_12,javascript,4,3,3,3,7,0.07317826398305408,0.2453353454966985,0.5160690429886102,0.13186896812692667,3,1,1.5307482581049967,2,0.043823367905618006,778.7398109047564,40624.9807906224,55.66239787693067,0.27476686849318416,synthetic,deployment,0.7012029256687127,0,25,50,0,0.39182723380412615,0.5553122456168097,4,209
service_12,javascript,3,2,2,2,6,0.07536493334383183,0.25266631037498105,0.5314899111935518,0.13580939820200066,2,0,1.5307482581049967,2,0.03775231376456902,670.8573778618377,34997.01403119573,47.95122807685387,0.28297728863693106,synthetic,code_change,0.10817833145609469,1,15,17,0,0.1878440246359858,0.3895256403672378,2,140
service_12,javascript,4,3,3,3,7,0.07408409223529085,0.2483721992716752,0.5224571409537674,0.13350129213163853,3,1,1.5307482581049967,2,0.040710895351073466,723.4312756549693,37739.66768524828,51.70908041202914,0.2781680368007213,synthetic,config_change,0.21827114456974162,0,17,37,1,0.3084021256342323,0.6015642071242684,3,198
service_12,javascript,3,2,2,2,6,0.08080577804584398,0.2709071300133252,0.5698599320930263,0.14561392945952464,2,0,1.5307482581049967,2,0.0361134123063159,641.7341526811471,33477.72549995711,45.869571887242024,0.3034063584092858,synthetic,config_change,0.7189922857291613,0,22,1,0,0.3126098758596796,0.39921397512408185,1,121
service_12,javascript,3,2,2,2,6,0.058467563641080064,0.1960166741528095,0.4123259827688055,0.10535993704401166,2,0,1.5307482581049967,2,0.03680113871831154,653.9550284747447,34115.25916320039,46.743089898395795,0.2195317092218215,synthetic,config_change,0.7874708501801926,1,23,22,0,0.34034916821867595,0.49876610712647224,2,159
service_12,javascript,3,2,2,2,6,0.08463738835613223,0.2837528766615508,0.5968812818533002,0.15251858215802555,2,0,1.5307482581049967,2,0.03867157254806655,687.1925763060823,35849.182000157576,49.11882770701246,0.3177931381569975,synthetic,config_change,0.8574598067884966,0,25,18,1,0.3187166937368893,0.4723593083856779,1,135
service_12,javascript,4,3,3,3,7,0.06727533478302779,0.22554535464550313,0.47444030164825096,0.12123174963928901,3,1,1.5307482581049967,2,0.03535249031361766,628.2125938182297,32772.338332930056,44.90308426351362,0.25260278201521313,synthetic,code_change,0.7438277037060007,0,23,38,0,0.3222827056966547,0.6025115879042807,2,178
service_12,javascript,4,3,3,3,7,0.05995845012858467,0.2010149773592507,0.4228400387320533,0.10804654987138261,3,1,1.5307482581049967,2,0.038443771112022324,683.1445522561969,35638.00633279892,48.829484948205355,0.2251296311887228,synthetic,deployment,0.7999551190610138,1,25,13,1,0.3601090252286517,0.5592379765000162,3,190
service_12,javascript,3,2,2,2,5,0.06194436676853018,0.20767290443308095,0.4368451550609835,0.11162521877990374,2,0,1.5307482581049967,2,0.039783084790605154,706.9441124143299,36879.57207877779,50.530618713639576,0.23258627290917538,synthetic,code_change,0.8796095832409033,1,4,59,0,0.2554932346459173,0.42426075907076394,3,166
service_12,javascript,3,2,2,2,5,0.05610807479828626,0.18810631964403796,0.3956863539669405,0.10110808216155275,2,0,1.5307482581049967,2,0.043891058899968034,779.9426776550624,40687.73145257724,55.74837582066861,0.2106723932816512,synthetic,config_change,0.9001005497331993,1,19,21,1,0.20897837040374379,0.4665378311130825,1,133
service_12,javascript,3,2,2,2,6,0.056005828082908764,0.18776353024350165,0.3949652878787123,0.10092383115425474,2,0,1.5307482581049967,2,0.0427103333358267,758.9612230911388,39593.17948967141,54.2486732812325,0.2102884813347308,synthetic,code_change,0.36815943818517893,1,5,10,0,0.16281359821426025,0.39891354475332086,2,141
service_12,javascript,3,2,2,2,6,0.07592224168744711,0.25453472631691576,0.5354201709166535,0.1368136810614313,2,0,1.5307482581049967,2,0.0383951697731996,682.2809080587441,35592.95209460518,48.76775379452661,0.28506984809414576,synthetic,config_change,0.5758365878956474,0,19,2,1,0.2532217310210062,0.37645110866492376,2,137
service_12,javascript,4,3,3,3,7,0.07711074762210585,0.25851927716895423,0.5438017734158279,0.13895539695745843,3,1,1.5307482581049967,2,0.036172581717408496,642.7855911763544,33532.57651447079,45.94472611339537,0.2895324034497547,synthetic,config_change,0.6265316518467957,1,16,32,0,0.2941975990771002,0.5339067384253654,3,186
service_12,javascript,3,2,2,2,6,0.07029099477740734,0.23565556970598894,0.4957073922099905,0.12666604050703323,2,0,1.5307482581049967,2,0.03740143729980413,664.6223145866824,34671.74579367335,47.505561157107834,0.2639258635970299,synthetic,code_change,0.22209532044434,0,12,85,0,0.3096184116984354,0.32054568706442677,2,127
service_12,javascript,4,3,3,3,7,0.05667372921600302,0.1900027163942316,0.3996754720209158,0.10212740484455628,3,1,1.5307482581049967,2,0.04651868001418086,826.6354187063298,43123.57932077008,59.08585760080327,0.21279629024976404,synthetic,code_change,0.49308203606236756,1,23,27,0,0.22005641226872844,0.5030692739711466,5,220
service_12,javascript,3,2,2,2,6,0.07604410300334037,0.25494327506363484,0.5362795634363358,0.1370332780442889,2,0,1.5307482581049967,2,0.04896925230514619,870.1820079731517,45395.3000260547,62.19846022367031,0.2855274081719061,synthetic,scaling,0.1359531759574849,1,24,36,0,0.2555142786872731,0.2903444671623224,0,82
service_13,go,1,5,5,7,7,0.12634727483686167,0.2612202463472752,0.04351283279618203,0.2844560752568067,2,4,0.7563313810850987,5,0.009207856097425596,647.6573568904153,39057.61311942193,68.28166849306281,0.18180331153802692,synthetic,config_change,0.9383310933370126,1,27,118,0,0.48692616986743276,0.8450116935687532,6,302
service_13,go,0,4,4,5,5,0.1281539721637941,0.2649555538275958,0.04413504264440887,0.2885236424557015,1,3,0.7563313810850987,5,0.008144969775144456,572.8966157493757,34549.09318532035,60.39974128482779,0.1844030000347303,synthetic,scaling,0.6379141019711132,1,26,17,1,0.31576108118350354,0.6839543706890358,5,253
service_13,go,0,4,4,5,5,0.11098606820525865,0.229461285295841,0.03822257531677388,0.249872119605396,1,3,0.7563313810850987,5,0.01188731895053065,836.1240109048344,50423.27982588788,88.15146145456973,0.15969980168036468,synthetic,code_change,0.41673679365859917,1,20,12,1,0.4156880690439794,0.5919899504010081,5,236
service_13,go,1,5,5,6,6,0.12933180552791723,0.26739069872430643,0.044540677560563804,0.2911753961757369,2,4,0.7563313810850987,5,0.011451638404081088,805.4793409429541,48575.222900710374,84.92063396044078,0.18609780513689061,synthetic,config_change,0.2679310871858508,0,6,1,0,0.40469994743056226,0.7245308567488029,6,280
service_13,go,0,4,4,5,5,0.10597576375615374,0.2191025896756946,0.03649707280765079,0.23859200658931137,1,3,0.7563313810850987,5,0.010654831674345564,749.4339667458826,45195.35155479924,79.01184342362363,0.1524903866626121,synthetic,scaling,0.9699030266996289,1,8,54,0,0.41086251605125745,0.7153555404388242,5,258
service_13,go,0,4,4,5,5,0.1346052037704393,0.2782933350477059,0.046356787138635995,0.303047834020327,1,3,0.7563313810850987,5,0.0107737707524171,757.7998412903739,45699.86383724005,79.89384664063977,0.19368579043207973,synthetic,code_change,0.6655124057945,0,4,50,0,0.32255498663564264,0.6804096090492044,5,252
service_13,go,1,5,5,6,6,0.08546944597842558,0.176706223086149,0.02943488663956942,0.19242443644936866,2,4,0.7563313810850987,5,0.011423185097380975,803.4780071669692,48454.53050138281,84.70963595666315,0.12298348606459132,synthetic,code_change,0.955276312362563,0,1,16,1,0.3529414047753771,0.796211555953728,6,293
service_13,go,0,4,4,5,5,0.08256426489716391,0.17069982430382077,0.02843436914685109,0.18588376187326042,1,3,0.7563313810850987,5,0.01230563770517065,865.5474962526976,52197.69201331288,91.25354105122474,0.11880317001208472,synthetic,scaling,0.5505575791005379,1,5,31,0,0.24128591089501464,0.6216132967947263,6,261
service_13,go,1,5,5,6,6,0.10316947662518945,0.2133006519875395,0.03553061347668862,0.2322739801471226,2,4,0.7563313810850987,5,0.009900705885182643,696.3906621802616,41996.52296703068,73.41955716362345,0.14845237085107513,synthetic,code_change,0.2488781369155684,0,29,70,0,0.17757347642964338,0.6490894438504275,5,246
service_13,go,1,5,5,6,6,0.12934487035255424,0.26741770996546355,0.04454517696532482,0.29120481009657506,2,4,0.7563313810850987,5,0.008590704883792075,604.2484982381445,36439.799256646744,63.70512927116976,0.18611660434238783,synthetic,deployment,0.3714281828861964,0,9,2,0,0.3239001783797714,0.6246805930327024,6,262
service_13,go,0,4,4,5,5,0.09320191340092776,0.19269293152593406,0.032097876897900654,0.20983318023031777,1,3,0.7563313810850987,5,0.012318788939581481,866.472520886906,52253.47653255669,91.35106518917972,0.13410986916692533,synthetic,deployment,0.24844062416745796,0,11,7,0,0.14764759518458356,0.5288819167761398,4,205
service_13,go,0,4,4,5,5,0.0820186622324032,0.16957180264541505,0.028246468635696118,0.18465540144468862,1,3,0.7563313810850987,5,0.009997509616490164,703.1995923038859,42407.14218674054,74.13741376564829,0.11801809276079026,synthetic,deployment,0.9870406605575203,1,8,48,0,0.2807012867997347,0.6546777122459212,5,247
service_13,go,1,5,5,6,6,0.11160404192874498,0.23073893254619665,0.03843539975115297,0.25126341498728477,2,4,0.7563313810850987,5,0.00984883010035856,692.7418504123219,41776.47778903404,73.0348677088039,0.16058901491838953,synthetic,code_change,0.6160886428200949,0,14,84,0,0.28927288240050814,0.7466476841505891,5,264
service_13,go,1,5,5,6,6,0.1291062269936475,0.2669243200044751,0.04446299039986516,0.2906675325545911,2,4,0.7563313810850987,5,0.009146374273955647,643.3328806101568,38796.821329285536,67.82574461196548,0.18577321622434712,synthetic,config_change,0.2314869089871882,1,7,31,0,0.1542587084090272,0.6414577904733741,6,265
service_13,go,1,5,5,6,6,0.15138704006009127,0.31298941705978567,0.05213629633206644,0.34083017078002675,2,4,0.7563313810850987,5,0.008698472317417995,611.8285875100153,36896.92398632306,64.50428817410379,0.2178334692410384,synthetic,scaling,0.47233542871902734,1,7,2,0,0.37582437456616274,0.7134887510221394,5,258
service_13,go,1,5,5,6,6,0.09578140727877674,0.19802597908942937,0.03298623073022939,0.21564060825430403,2,4,0.7563313810850987,5,0.008948689346021865,629.4282217440759,37958.28721742673,66.35979460444706,0.13782154818564993,synthetic,deployment,0.4080029723010141,1,19,16,0,0.34565221854172784,0.6717331260097972,6,270
service_13,go,1,5,5,7,7,0.11625889107009213,0.24036273203836706,0.040038486740092104,0.26174326205458237,2,4,0.7563313810850987,5,0.011908188730988891,837.5919385860943,50511.80464669315,88.30622315107051,0.16728695905449809,synthetic,config_change,0.15686478717420385,1,29,13,0,0.2615474338591609,0.5771958590197273,6,253
service_13,go,0,4,4,5,5,0.10881904648972372,0.2249810149686588,0.03747627308195704,0.2449933242930851,1,3,0.7563313810850987,5,0.012152539473863988,854.7789530887364,51548.284439565585,90.11822762252352,0.15658163609612272,synthetic,scaling,0.4698482971150989,1,19,16,0,0.2459051958697456,0.5406855895727534,6,247
service_13,go,1,5,5,6,6,0.09289875638491864,0.19206616098018184,0.031993472425658365,0.2091506577535025,2,4,0.7563313810850987,5,0.012501834336625108,879.3474721009434,53029.91311294805,92.70845446501868,0.13367365121527097,synthetic,scaling,0.7456354966566761,1,10,0,0,0.2889507915424985,0.8257222604785496,5,278
service_13,go,1,5,5,6,6,0.13370924905235035,0.27644096812900987,0.0460482286209197,0.3010306970219669,2,4,0.7563313810850987,5,0.008363459892621357,588.2646591347768,35475.87813814078,62.0199740092227,0.1923965854615174,synthetic,deployment,0.758997285681,0,24,26,1,0.34595887447301354,0.8178056277694653,6,297
service_14,python,2,3,2,3,6,0.14891070773299114,0.26258159436636924,0.020559985539829476,0.33408972641474066,3,2,1.382460013692585,6,0.034672965102080115,917.4402760541645,47052.319391323384,90.64811086386818,0.01132106681541516,synthetic,deployment,0.5871143929904471,0,21,1,0,0.08792015462141928,0.4987084150302574,3,179
service_14,python,3,4,3,4,8,0.2164343781782433,0.3816494123420635,0.029882926173755563,0.48558295970205695,4,3,1.382460013692585,6,0.021983573197291658,581.6813013655479,29832.40990195697,57.473290054807116,0.016454612927515277,synthetic,config_change,0.6276119489026855,1,6,18,0,0.2601852941781928,0.635387317016782,4,224
service_14,python,3,4,3,4,7,0.18791513165855173,0.33136001854846303,0.025945295999415967,0.4215983919542309,4,3,1.382460013692585,6,0.029925836667045062,791.8321312335228,40610.31471536614,78.23734001121149,0.014286412263573411,synthetic,code_change,0.5108579698073796,0,27,18,0,0.22894511198805398,0.549352345104241,4,208
service_14,python,3,4,3,4,7,0.15940840607346649,0.2810927035363145,0.022009394580774132,0.35764191564241216,4,3,1.382460013692585,6,0.031217483733845915,826.0088749311432,42363.12097664357,81.61418898168877,0.012119163514637711,synthetic,code_change,0.1985341294620946,1,6,31,0,0.15090087329047297,0.5417443889686399,5,227
service_14,python,3,4,3,4,7,0.21518206584351213,0.3794411482453808,0.02971002038420287,0.48277332504471365,4,3,1.382460013692585,6,0.023124377041310682,611.866761146652,31380.517099411863,60.45577837163005,0.01635940478680399,synthetic,config_change,0.12220295908643844,1,7,22,0,0.23470237398917643,0.5477761592560241,4,208
service_14,python,2,3,2,3,6,0.1500138724832383,0.2645268591722292,0.020712298638453655,0.33656473989907193,3,2,1.382460013692585,6,0.03659140702541797,968.2018963124613,49655.70626189657,95.66363623473384,0.01140493588054883,synthetic,code_change,0.8428959061737659,0,5,46,0,0.2294208259073761,0.45720548313474185,3,172
service_14,python,2,3,2,3,6,0.20235583694233134,0.3568240263079911,0.027939112940718904,0.4539969437504156,3,2,1.382460013692585,6,0.03385153459103106,895.7053758921086,45937.61199177251,88.50058399925425,0.015384279514815868,synthetic,deployment,0.8597673062416735,0,16,1,0,0.23271186181029138,0.6219096048588718,3,201
service_14,python,2,3,2,3,6,0.17856046945032067,0.3148644813584808,0.02465370506778138,0.4006106699466629,3,2,1.382460013692585,6,0.036155344043953985,956.663750067584,49063.9548896626,94.52360435770798,0.013575215886178452,synthetic,deployment,0.3602353010087359,1,2,4,0,0.2204475156464506,0.48368515749700464,3,177
service_14,python,3,4,3,4,7,0.20788667033041802,0.3665768175701388,0.028702750802719845,0.46640568615451883,4,3,1.382460013692585,6,0.022167169017661213,586.5392129870761,30081.555285211838,57.95327825973868,0.015804765961255515,synthetic,deployment,0.9128716216505071,1,24,33,1,0.329032747745804,0.6173049846072143,4,221
service_14,python,3,4,3,4,8,0.1441804515193321,0.2542405003157577,0.019906882745321892,0.3234771248876119,4,3,1.382460013692585,6,0.03087561042428542,816.9629700719734,41899.18799296447,80.72040416763552,0.010961444948968262,synthetic,deployment,0.9661042517330861,1,3,29,0,0.35061735685338313,0.499197938299877,4,199
service_14,python,3,4,3,4,7,0.13576135110946086,0.23939468538135747,0.018744464103166884,0.30458838951449435,4,3,1.382460013692585,6,0.02998406512644361,793.3728455539606,40689.33259172079,78.38957100234397,0.010321375475678634,synthetic,scaling,0.8335137850085333,0,9,0,0,0.24356240570569054,0.617981969448024,4,221
service_14,python,3,4,3,4,8,0.21626876598776335,0.38135738019954823,0.029860060227489348,0.4852113992397456,4,3,1.382460013692585,6,0.03217897318868471,851.4497089721164,43667.89282950568,84.12788235749524,0.01644202211586436,synthetic,deployment,0.6752816464509639,0,21,62,1,0.290588599029728,0.5673436330833379,4,212
service_14,python,3,4,3,4,7,0.20122061122695137,0.3548222268212499,0.02778237320958751,0.4514499996491873,4,3,1.382460013692585,6,0.023522371646132502,622.3976251509506,31920.608470512292,61.49628526092823,0.01529797298676257,synthetic,deployment,0.1710368695345711,0,14,13,1,0.317657290330699,0.5382796121338977,5,226
service_14,python,2,3,2,3,6,0.12771082586674168,0.22519879721520666,0.017632934347528845,0.28652657370029727,3,2,1.382460013692585,6,0.030090590400346583,796.1914846985667,40833.89078558089,78.66806794686924,0.00970932725188379,synthetic,deployment,0.3999698738834725,1,17,8,0,0.24383234090786055,0.3973276691087475,3,161
service_14,python,2,3,2,3,6,0.22111899360734638,0.3899100257465263,0.030529727380655496,0.49609316350737126,3,2,1.382460013692585,6,0.026441846868912745,699.6464023015416,35882.4294521586,69.1288864209318,0.01681076491339192,synthetic,config_change,0.2534842440084033,1,7,35,0,0.17683125933785648,0.4195732761921742,2,145
service_14,python,2,3,2,3,6,0.1411917049708802,0.24897029613905952,0.019494228835110355,0.31677170032885077,3,2,1.382460013692585,6,0.02926044686795863,774.2260395952609,39707.3595382081,76.49776198268991,0.01073422287820868,synthetic,code_change,0.7835681338452497,0,21,0,0,0.3012539537901388,0.5542349933366696,2,169
service_14,python,2,3,2,3,6,0.19945739006037758,0.35171305198629005,0.027538926635192865,0.4474941116803679,3,2,1.382460013692585,6,0.02273842638506281,601.654577805283,30856.76975061716,59.44675887264752,0.015163922555191663,synthetic,config_change,0.8364704584954437,1,6,51,0,0.18545580845351384,0.5057204658680713,2,161
service_14,python,2,3,2,3,5,0.13484385126781673,0.23777681266476414,0.018617785613995883,0.30252992591743666,3,2,1.382460013692585,6,0.030516691456226666,807.4660402256953,41412.12350710394,79.7820556210965,0.010251621747632354,synthetic,code_change,0.43863339639737975,1,16,9,0,0.2753752145367632,0.42582211218090404,3,166
service_14,python,2,3,2,3,5,0.12232748919145661,0.21570609418043274,0.01688966124188788,0.2744487486437586,3,2,1.382460013692585,6,0.03661313392607991,968.7767861057745,49685.190358982574,95.72043848669394,0.009300054372058006,synthetic,code_change,0.878765103280922,1,22,3,0,0.35440902742824143,0.5162579670527528,3,182
service_14,python,3,4,3,4,7,0.1886263337554633,0.33261411627834964,0.0260434911195051,0.4231940147109827,4,3,1.382460013692585,6,0.03221749743332911,852.4690533961448,43720.17145805623,84.22859915483839,0.014340482025116931,synthetic,config_change,0.6736622330882994,1,14,13,0,0.25268987457545916,0.4832442719086748,6,236
service_15,go,1,4,3,5,5,0.647899805724086,0.3977074889143499,0.3440091817749181,0.15960436145456114,1,3,1.920925009417723,2,0.032196169612522696,139.77036304799432,90823.89649614645,100.0,0.5846714901585756,synthetic,scaling,0.25605645958550743,1,15,34,1,0.5074722564205963,0.885143658079203,3,249
service_15,go,1,4,3,5,5,0.5569348890419253,0.34186949008591433,0.29571040736321536,0.1371959623262453,1,3,1.920925009417723,2,0.02790574030377897,121.1447044888587,78720.7950355985,87.07203020413623,0.5025838078983981,synthetic,scaling,0.6632570754841381,0,25,21,0,0.5143882755645884,0.8835451336143628,4,269
service_15,go,0,3,2,4,4,0.5397483954505128,0.3313197150295006,0.286585058743371,0.13296222230801097,0,2,1.920925009417723,2,0.026473698439142854,114.92790871069676,74681.0715636091,82.60374550235757,0.4870745382089868,synthetic,code_change,0.19912805462706978,1,7,0,0,0.3115568700575573,0.6901288244085717,3,214
service_15,go,1,4,3,5,5,0.358424372853918,0.2200155888827937,0.19030917148657622,0.08829466015222553,1,3,1.920925009417723,2,0.03310799713637833,143.72879865012527,93396.11951663863,100.0,0.32344586359529853,synthetic,scaling,0.31909835508886963,1,7,2,1,0.39946673390707915,0.7155979730245334,4,238
service_15,go,0,3,2,4,4,0.6484118057048109,0.39802177551369644,0.3442810335224906,0.15973048810140744,0,2,1.920925009417723,2,0.02722357216594635,118.18326872081148,76796.43045778919,84.94351599684182,0.5851335242401525,synthetic,config_change,0.38399812699879976,1,20,65,0,0.39289964999865545,0.7246348746374038,3,220
service_15,go,1,4,3,5,5,0.468640343311813,0.2876706745330811,0.2488294943525096,0.11544538535944741,1,3,1.920925009417723,2,0.029512557709970095,128.1202377562638,83253.5521785894,92.08565292839913,0.4229058960224937,synthetic,code_change,0.43004971773441913,0,19,3,0,0.30081722801239263,0.8059707341158895,4,255
service_15,go,0,3,2,4,4,0.4738827885802044,0.29088870257544597,0.2516130255271541,0.11673681517950577,0,2,1.920925009417723,2,0.03627335580551978,157.47028826480712,102325.44904866668,100.0,0.4276367328896534,synthetic,scaling,0.41873877708354557,1,12,32,1,0.32124425827438713,0.7899074210684807,2,212
service_15,go,0,3,2,4,4,0.3609902381893839,0.221590622322293,0.19167154453685334,0.08892673828348496,0,2,1.920925009417723,2,0.024636279280128397,106.95128459616538,69497.79760503682,76.87059473230973,0.32576132702958144,synthetic,deployment,0.5174288422069386,0,10,0,0,0.21947924271330937,0.7223343669157415,4,240
service_15,go,1,4,3,5,5,0.42382562573998067,0.26016156180541133,0.22503465109564125,0.10440567780184891,1,3,1.920925009417723,2,0.02508607751870326,108.90395362048012,70766.6575084392,78.27406388914318,0.38246463107339257,synthetic,config_change,0.5677165280353392,0,14,69,1,0.45188514695956644,0.8198521918421867,4,257
service_15,go,1,4,3,5,5,0.6526300978565895,0.4006111363444441,0.34652077988265373,0.16076962689935936,1,3,1.920925009417723,2,0.035219696768221696,152.89613214796668,99353.12592770233,100.0,0.5889401547353543,synthetic,config_change,0.428109784767878,1,6,52,0,0.5797798729406038,0.8774982679482652,4,267
service_15,go,1,4,3,5,5,0.6238391497385034,0.3829380708822458,0.33123392469744817,0.15367723259786234,1,3,1.920925009417723,2,0.029910374198843487,129.84724304122435,84375.773984622,93.32692762521111,0.5629589051801596,synthetic,deployment,0.17662927290047392,1,22,100,0,0.4254214223913644,0.9053208199441595,4,272
service_15,go,1,4,3,5,5,0.36440887741957995,0.22368912337405028,0.1934867068103611,0.08976888968800523,1,3,1.920925009417723,2,0.032992131471552645,143.22580136093268,93069.26786700971,100.0,0.32884634245229705,synthetic,config_change,0.4441269979554652,1,11,13,0,0.34638449988206366,0.7527230794992136,2,205
service_15,go,1,4,3,5,5,0.4403773592822529,0.270321695094724,0.23382296722496934,0.10848305032093468,1,3,1.920925009417723,2,0.027517170669612654,119.45784175051207,77624.65817646912,85.85960772208661,0.397401086724977,synthetic,scaling,0.2750171672640824,1,10,2,0,0.3878528783695139,0.7397405446721647,3,223
service_15,go,1,4,3,5,5,0.4544760428156607,0.27897604562165956,0.24130881078223163,0.11195613576226257,1,3,1.920925009417723,2,0.03378800919992349,146.68087444493514,95314.40190919796,100.0,0.4101238846605919,synthetic,config_change,0.1474388108680951,0,21,23,1,0.23635035549025923,0.698970105741181,4,235
service_15,go,0,3,2,4,4,0.4990305303795137,0.3063254184912537,0.2649654821931952,0.12293173796917582,0,2,1.920925009417723,2,0.027652735421375113,120.04635693099429,78007.08003381362,86.28259948046968,0.45033031535722834,synthetic,scaling,0.19469759971435274,1,19,49,0,0.4393625251220073,0.6371477157391872,3,204
service_15,go,0,3,2,4,4,0.4949791361642198,0.3038385064629874,0.26281435203890646,0.12193371299522167,0,2,1.920925009417723,2,0.03800529843580523,164.9890165212001,107211.17862716682,100.0,0.4466742952872293,synthetic,config_change,0.9505153848236446,1,2,18,1,0.33684049608847344,0.9359513449192509,2,238
service_15,go,0,3,2,4,4,0.40812762182074075,0.2505254827936092,0.21669963164348705,0.10053861399120091,0,2,1.920925009417723,2,0.03101883672241227,134.65931265102182,87502.69519053189,96.78557381347454,0.36829858986935216,synthetic,scaling,0.9243414662600383,1,6,27,0,0.45070589839816544,0.8405112661679397,4,261
service_15,go,1,4,3,5,5,0.5824891459292167,0.35755574164507126,0.309278707469184,0.14349102649652054,1,3,1.920925009417723,2,0.03109060573746208,134.97087708274873,87705.15224281362,97.00950888124595,0.5256442337886172,synthetic,config_change,0.7683723907135215,0,17,2,0,0.5282533848610947,0.9436290859313825,3,259
service_15,go,0,3,2,4,4,0.4928641520968438,0.30254024244886263,0.2616913791161536,0.12141270545890535,0,2,1.920925009417723,2,0.03648706998554827,158.3980665965335,102928.32680711645,100.0,0.4447657117756902,synthetic,deployment,0.5939018733367105,1,17,96,0,0.4005424088282813,0.7316980471415078,4,241
service_15,go,0,3,2,4,4,0.42068469766065053,0.2582335312546151,0.22336694246378472,0.10363193807226845,0,2,1.920925009417723,2,0.026154817105075893,113.54357758161635,73781.522156695,81.60876580107892,0.37963022506740446,synthetic,code_change,0.2792412078373603,1,12,74,0,0.36755470988139227,0.6369831602844284,3,204
service_16,go,1,0,3,2,2,0.44288607187467327,0.36912718156313923,0.17769077708463232,0.37017493962579495,3,0,1.8691241943186934,2,0.0025750500702869357,669.685835420874,75767.22285634403,61.83747027086679,0.18621989588136872,synthetic,config_change,0.7571171689987825,1,23,20,1,0.3123483367236949,0.3007712142581506,0,84
service_16,go,2,1,4,3,3,0.4789630615113385,0.39919585689423703,0.19216526325729144,0.40032896412266844,4,0,1.8691241943186934,2,0.0032644790660016133,848.9836433687835,96052.70039508518,78.3934765086909,0.20138915425387885,synthetic,deployment,0.5765802535202117,0,1,38,0,0.2287398512136074,0.49191379849231076,2,158
service_16,go,1,0,3,2,2,0.38130938359395017,0.3178055644735702,0.1529855305534294,0.31870764743891555,3,0,1.8691241943186934,2,0.002728825887117717,709.6778680225444,80291.85976269975,65.53025574769136,0.16032880286998,synthetic,config_change,0.14463415739807753,0,1,20,0,0.09412291132581217,0.2676225140274114,0,78
service_16,go,2,1,4,3,3,0.512460404506171,0.4271145036857199,0.2056047667436566,0.4283268572789146,4,0,1.8691241943186934,2,0.0029291790515844156,761.7831369154892,86186.96954611091,70.34155359169912,0.21547375099542052,synthetic,deployment,0.5843089090358319,0,28,43,0,0.3463207924193037,0.4989043260340551,2,159
service_16,go,2,1,4,3,3,0.6481855052630751,0.5402357488350733,0.2600591742198278,0.5417691941890022,4,0,1.8691241943186934,2,0.0026828649438999895,697.7249382482254,78939.52371780208,64.42654576836249,0.2725419582308721,synthetic,scaling,0.5860713897299762,1,22,29,1,0.29028850346309987,0.4705764996495179,2,154
service_16,go,1,0,3,2,2,0.3819902541831351,0.31837304188493076,0.15325870334383626,0.31927673562039227,3,0,1.8691241943186934,2,0.0029340473771144065,763.0492282770795,86330.21317062301,70.4584619729005,0.16061508789513332,synthetic,code_change,0.2959298189715092,1,4,13,0,0.23672019537945738,0.257643439465954,0,76
service_16,go,1,0,3,2,2,0.3878691778152714,0.3232728810281439,0.155617392349778,0.32419048283167634,3,0,1.8691241943186934,2,0.003069233387072235,798.2066634898772,90307.8711826839,73.7048302545366,0.16308699346226244,synthetic,scaling,0.6036551700802515,0,11,76,0,0.27113491553095465,0.37445093035678284,0,97
service_16,go,2,1,4,3,3,0.5900905285956375,0.49181599404473564,0.23675082879127315,0.4932120011632612,4,0,1.8691241943186934,2,0.002829411673799263,735.8369230881382,83251.4549191668,67.94573133993829,0.2481148172723681,synthetic,deployment,0.813285790859203,0,2,196,0,0.37741918490919674,0.6185259304731585,2,181
service_16,go,2,1,4,3,3,0.3644166408222895,0.3037261636430588,0.14620797582590886,0.3045882825892955,4,0,1.8691241943186934,2,0.0020953603063363605,544.9343037823894,61653.02691641793,50.31815969131465,0.15322592698414816,synthetic,code_change,0.881169977801918,1,2,37,0,0.24238688448632234,0.5028063871355017,2,160
service_16,go,2,1,4,3,3,0.5698690819782586,0.4749622565464953,0.22863776136513328,0.4763104247622479,4,0,1.8691241943186934,2,0.002315175142520157,602.1009134364086,68120.76898964784,55.59681176664937,0.23961232436777177,synthetic,config_change,0.4978595918062676,1,16,26,1,0.39397591144419253,0.4498010704240318,2,150
service_16,go,2,1,4,3,3,0.4095883027668091,0.3413748713333332,0.1643313448430256,0.3423438551733011,4,0,1.8691241943186934,2,0.0024688111271832253,642.0565802900363,72641.29153134096,59.286239301966845,0.17221921378698354,synthetic,scaling,0.20502020794230985,1,10,41,0,0.151202138634329,0.3030487886103743,2,124
service_16,go,2,1,4,3,3,0.5175101648595885,0.43132326960815276,0.20763078629647702,0.4325475696757588,4,0,1.8691241943186934,2,0.002875693971835617,747.8734266821131,84613.24637716103,69.05715836107251,0.2175970190477637,synthetic,config_change,0.7656069233001412,0,20,15,1,0.30277767878159895,0.5532056611603072,2,169
service_16,go,1,0,3,2,2,0.4550939665514375,0.37930195571166747,0.18258871908244578,0.3803785946104748,3,0,1.8691241943186934,2,0.002505819647787737,651.6812793685912,73730.21514513042,60.174965047169636,0.19135293803375564,synthetic,code_change,0.5345906807042592,1,27,0,0,0.36900254792717674,0.24582690869245016,0,74
service_16,go,1,0,3,2,2,0.615311594066961,0.5128367066041578,0.24686979844758256,0.514292380477577,3,0,1.8691241943186934,2,0.003191563397787922,830.0206761059699,93907.25951724999,76.64247348258581,0.2587194952795286,synthetic,scaling,0.37751690950857886,1,23,8,1,0.40295651136096655,0.4007812472667337,0,102
service_16,go,2,1,4,3,3,0.3966916432792883,0.3306260402670107,0.15915706280603725,0.33156451382495006,4,0,1.8691241943186934,2,0.00253554247950018,659.4112103769631,74604.76762093038,60.88873164285349,0.1667965673334207,synthetic,config_change,0.8015347151960757,1,29,10,0,0.27961658756699354,0.5494658845131584,2,168
service_16,go,2,1,4,3,3,0.6553776126771933,0.5462300722240104,0.2629447270435627,0.5477805323115449,4,0,1.8691241943186934,2,0.0020872368644696375,542.8216637153932,61414.00607663754,50.123082670977475,0.2755660169648837,synthetic,deployment,0.9161799196058523,1,3,17,0,0.5156382353876479,0.676659682368499,2,191
service_16,go,1,0,3,2,2,0.4888577393710914,0.4074426607175899,0.19613511715325935,0.408599176287722,3,0,1.8691241943186934,2,0.0031902284582382536,829.6735022323929,93867.9808004877,76.6104161312867,0.2055495602766365,synthetic,config_change,0.2705999576832464,1,13,6,0,0.2057410014142939,0.23298753414515666,0,71
service_16,go,1,0,3,2,2,0.5876718260637265,0.48980010574898314,0.23578041865709884,0.4911903908201473,3,0,1.8691241943186934,2,0.0027395053962899233,712.4552571321384,80606.08928420834,65.78671438457921,0.24709782766202892,synthetic,scaling,0.4976683372819576,1,22,67,1,0.35023441532912336,0.3758112494245738,0,97
service_16,go,1,0,3,2,2,0.4687204183746079,0.39065903843703276,0.18805580185413115,0.3917679141246438,3,0,1.8691241943186934,2,0.0030693351343981457,798.2331246230957,90310.86495449682,73.70727362343017,0.19708243959383479,synthetic,deployment,0.1374796201059823,1,17,28,0,0.261004134366587,0.30029919140357775,0,84
service_16,go,2,1,4,3,3,0.4858461874176727,0.4049326570049174,0.19492684929202678,0.40608204799371656,4,0,1.8691241943186934,2,0.002390603995746687,621.7174774678097,70340.15679812497,57.40816663030116,0.20428329581988103,synthetic,deployment,0.589135985724713,0,23,7,0,0.32040269671375476,0.5543900428410194,2,169
service_17,python,1,2,3,3,3,0.6781792245914946,0.743169519259447,0.2555647599983042,0.07089184601942157,3,2,0.5380795334905173,3,0.013710736146429259,622.2859933466004,77944.04153896117,58.85918456091681,0.26528495412068337,synthetic,config_change,0.37407087023624497,0,1,7,1,0.38132233408138066,0.6672627312273168,2,190
service_17,python,0,1,2,2,2,0.7417420441570937,0.8128235993999811,0.27951774489972575,0.07753623359988601,2,1,0.5380795334905173,3,0.011512425663391578,522.5117866219224,65446.885895713895,49.42199890863432,0.2901489709775818,synthetic,config_change,0.8413700157210697,1,13,2,1,0.373433780884234,0.7007078249633168,1,176
service_17,python,0,1,2,2,2,0.8884907538948253,0.9736353201267943,0.3348184639784838,0.09287625959455217,2,1,0.5380795334905173,3,0.011447111967468811,519.5474090923452,65075.58464874233,49.141612002955675,0.34755300713556575,synthetic,deployment,0.6175633771768734,1,1,23,0,0.37701440557690663,0.669424542576402,2,190
service_17,python,0,1,2,2,2,0.9156465312601328,1.0,0.3450518351483432,0.0957149239441991,2,1,0.5380795334905173,3,0.011531666246790378,523.3850545066674,65556.26651653931,49.504597321821976,0.3581755961079815,synthetic,scaling,0.25397737017144584,0,17,59,1,0.4399918304900598,0.5986188930096258,1,157
service_17,python,1,2,3,3,3,0.7015089825480466,0.7687349809785871,0.26435633570098976,0.07333056656519249,3,2,0.5380795334905173,3,0.010614164581634526,481.74261977515505,60340.36948977038,45.56582997427726,0.2744109101286672,synthetic,config_change,0.5664868501862647,1,6,98,1,0.3837090752013279,0.7187865251815423,2,199
service_17,python,1,2,3,3,3,0.5485180065218044,0.6010827940910534,0.20670328374616992,0.05733802016811519,3,2,0.5380795334905173,3,0.014682624760516391,666.3968758827632,83469.1224462602,63.03143109080909,0.21456507206064385,synthetic,config_change,0.9151811115728031,1,7,63,1,0.3486454111356645,0.6836398656350247,2,193
service_17,python,0,1,2,2,2,0.7112825118289543,0.7794451130407061,0.2680393881662376,0.07435221911325715,2,1,0.5380795334905173,3,0.010613304481786014,481.70358262332803,60335.479915818694,45.562137628718,0.2782340444460662,synthetic,config_change,0.11352028778250967,1,18,4,1,0.31176933486886665,0.5244677736970565,2,164
service_17,python,1,2,3,3,3,0.9037719260981419,0.9903808956151916,0.3405770141743937,0.09447364044544203,3,2,0.5380795334905173,3,0.012258371808062805,556.3678708366779,69687.50847535738,52.62429099075149,0.35353057902197815,synthetic,code_change,0.8432994037841332,1,12,11,1,0.4647707480115177,0.8339147640393597,2,220
service_17,python,0,1,2,2,2,0.7544923272579028,0.8267957492666449,0.28432255596206923,0.07886905400120554,2,1,0.5380795334905173,3,0.009246549434486426,419.67098910049174,52565.62634686586,39.694758465453894,0.29513652905186716,synthetic,code_change,0.6650774434018913,1,16,46,0,0.4351899088729451,0.6023994830019173,1,158
service_17,python,0,1,2,2,2,0.7583476521347164,0.8310205320842199,0.28577539488890574,0.07927206118221516,2,1,0.5380795334905173,3,0.01446425360368842,656.4857149652416,82227.70620595546,62.09397973259987,0.2966446255048098,synthetic,code_change,0.7388065452015753,1,16,110,1,0.501156967118212,0.6730787460421845,0,151
service_17,python,0,1,2,2,2,0.9348091346047773,1.0,0.3522730621442994,0.09771804093212817,2,1,0.5380795334905173,3,0.00943604505903857,428.27158294898294,53642.8883314742,40.50824928169322,0.36567147649591136,synthetic,deployment,0.3908748248716397,1,11,14,1,0.4753261248960954,0.579643048511201,2,174
service_17,python,1,2,3,3,3,0.7489835087044299,0.8207590175479195,0.2822466152071153,0.078293202806594,3,2,0.5380795334905173,3,0.010873012380539754,493.4908846346805,61811.891031331965,46.677044587864415,0.29298163160849955,synthetic,code_change,0.4746564356899192,1,18,2,1,0.4482238304582121,0.6118663385490015,2,180
service_17,python,1,2,3,3,3,0.8021958978906468,0.8790707797727032,0.30229914848768497,0.08385563286007597,3,2,0.5380795334905173,3,0.009334481902449822,423.66195957717696,53065.51284911959,40.07224610036125,0.31379684639544714,synthetic,config_change,0.8855472107379883,1,7,6,0,0.4008310679948388,0.7688871450265763,2,208
service_17,python,1,2,3,3,3,0.66961544207839,0.7337850646749822,0.25233758797168016,0.06999665146133331,3,2,0.5380795334905173,3,0.01085883400432061,492.84737397009303,61731.28850691771,46.61617785877386,0.2619350392770712,synthetic,code_change,0.49121033348482324,0,6,43,0,0.26765805476224325,0.6129580956271656,1,160
service_17,python,0,1,2,2,2,0.9400001638094793,1.0,0.3542292473011699,0.09826067277592097,2,1,0.5380795334905173,3,0.01444039441140291,655.4028233529118,82092.06929669497,61.991553970247715,0.367702063536141,synthetic,config_change,0.19565066041348222,1,15,32,0,0.24579055996304647,0.6582862106153641,0,148
service_17,python,0,1,2,2,2,0.8768884549620747,0.9609211663935381,0.3304462587639064,0.09166344097730936,2,1,0.5380795334905173,3,0.012051166789534377,546.9635048417168,68509.57051500454,51.73477504519892,0.34301450871440986,synthetic,deployment,0.3067446553149086,0,2,30,0,0.35261667507975086,0.6121566073194874,2,180
service_17,python,0,1,2,2,2,0.9554411598954792,1.0,0.3600480254585668,0.09987476043479103,2,1,0.5380795334905173,3,0.010098493672684622,458.33798413862087,57408.8365422785,43.35209258786545,0.3737421541047065,synthetic,code_change,0.6836094227632914,1,22,33,1,0.4421835767762166,0.7437693448433967,1,183
service_17,python,1,2,3,3,3,0.7645663311339724,0.8378351505725549,0.2881188391412841,0.07992211594366118,3,2,0.5380795334905173,3,0.012804076711640248,581.1356524036245,72789.78141082864,54.96696211303307,0.2990772007197209,synthetic,scaling,0.6842385683477854,1,19,11,1,0.378479488996436,0.6334371133770292,2,184
service_17,python,1,2,3,3,3,0.741630605899953,0.8127014819522869,0.27947575055603596,0.07752458466774621,3,2,0.5380795334905173,3,0.010748557566321098,487.8422829209795,61104.37896884443,46.142769199485784,0.2901053794137874,synthetic,config_change,0.6336844308706889,1,1,2,1,0.48490728829097024,0.6724580999668258,2,191
service_17,python,0,1,2,2,2,0.7283509460480947,0.7981492248642299,0.27447144939221957,0.07613642713169769,2,1,0.5380795334905173,3,0.014177983008470197,643.4928180260289,80600.2890544057,60.86504106596955,0.28491074379713227,synthetic,config_change,0.5866890681704886,1,21,93,1,0.40124861225562797,0.6008597359922675,1,158
service_18,java,6,1,8,1,8,0.10456819180179852,0.13704516041900056,0.044317378001536505,0.2194869709816124,1,2,1.1038250653954709,3,0.05,1655.3913554251485,80390.85045384546,100.0,0.3507178556406082,synthetic,deployment,0.8653865389110352,1,4,2,0,0.3385939966523332,0.45919821888921775,3,172
service_18,java,6,1,8,1,8,0.10505375866608999,0.1376815354740183,0.04452316763889213,0.22050616810471443,1,2,1.1038250653954709,3,0.049015432215342984,1535.0669204328574,74547.52909801753,98.97918340982781,0.35234642898093355,synthetic,config_change,0.582946758337397,1,25,55,0,0.08440406395437453,0.30335549243993576,3,144
service_18,java,5,1,7,1,7,0.17091243099540637,0.2239947073749053,0.07243494105685275,0.3587424735562883,1,2,1.1038250653954709,3,0.03927747599985378,1230.0932869586675,59737.07978605236,79.31486728067064,0.5732339850979556,synthetic,config_change,0.7244888817894544,0,26,15,1,0.4004165398982849,0.5185233637373079,2,163
service_18,java,6,1,8,1,8,0.1501402330286571,0.19677104448510258,0.06363140975968688,0.3151419604959315,1,2,1.1038250653954709,3,0.042582443746582925,1333.5983756991345,64763.6024164124,85.98874515917014,0.5035647998293699,synthetic,code_change,0.5801989901982215,0,7,7,0,0.337056683641584,0.38434790528585794,3,159
service_18,java,7,2,9,2,9,0.1643415666432701,0.21538305268609848,0.0696501221336911,0.3449503338192345,2,3,1.1038250653954709,3,0.03929185194795353,1230.5435133747242,59758.9441532698,79.3438973134449,0.5511955485946775,synthetic,scaling,0.16597523630234784,1,7,40,0,0.27701154235647485,0.5449401743586637,4,208
service_18,java,7,2,9,2,9,0.09457719686082207,0.1239511451086202,0.04008306265399813,0.19851603155058536,2,3,1.1038250653954709,3,0.034058581901998695,1066.6477897188843,51799.668198818814,68.77610728690749,0.3172084273810372,synthetic,deployment,0.3558594601859134,1,18,17,0,0.2631872569552855,0.4890798186171705,2,158
service_18,java,7,2,9,2,9,0.15773711748417724,0.20672738236330487,0.06685106952665908,0.3310877001066908,2,3,1.1038250653954709,3,0.04275447204239692,1338.9859635331522,65025.240104957804,86.33613004334798,0.5290444698884984,synthetic,scaling,0.1161893184151489,1,3,34,0,0.2790026411305904,0.3903077584318448,4,180
service_18,java,6,1,8,1,8,0.11640104374427475,0.15255307984199898,0.04933229662387339,0.24432393895606794,1,2,1.1038250653954709,3,0.04430561617446605,1387.5647465478926,67384.37389393715,89.46842884403242,0.3904048042993751,synthetic,scaling,0.8223906197369978,0,27,72,0,0.36335020516429256,0.4825455040428153,3,176
service_18,java,5,1,7,1,7,0.14293775616578444,0.18733160998711076,0.060578905129174965,0.300024076147377,1,2,1.1038250653954709,3,0.034619930648744225,1084.2281282573613,52653.4230295076,69.9096653940134,0.4794079582782057,synthetic,config_change,0.3180639962804199,1,16,0,0,0.2981701157996966,0.4158040223123597,3,164
service_18,java,6,1,8,1,8,0.09700605066667094,0.12713435650131383,0.04111244291169924,0.20361415704761401,1,2,1.1038250653954709,3,0.0471616794748596,1477.0110310534499,71728.15813430588,95.23581271607023,0.32535471339568356,synthetic,code_change,0.6567266341649038,1,3,2,0,0.142993562082871,0.35076190902613597,3,153
service_18,java,7,2,9,2,9,0.161909706230476,0.2121959008893104,0.06861946763633645,0.339845897502061,2,3,1.1038250653954709,3,0.034831198199400885,1090.844612366878,52974.739667313646,70.33628796367923,0.5430391785313122,synthetic,config_change,0.34788691327552557,1,10,190,1,0.3203010136236394,0.6006221272235617,4,218
service_18,java,7,2,9,2,9,0.10715489640814004,0.14043524818493,0.04541365750912172,0.22491642279757387,2,3,1.1038250653954709,3,0.05,1616.611465444879,78507.5807812068,100.0,0.3593935674137573,synthetic,scaling,0.8239369727239305,0,21,25,0,0.2906355451584729,0.489917964822383,2,158
service_18,java,5,1,7,1,7,0.11683364762335137,0.1531200425768841,0.04951563984998854,0.2452319676158099,1,2,1.1038250653954709,3,0.04116820704033204,1289.307263955187,62612.69101472286,83.13291000672402,0.3918557417421793,synthetic,code_change,0.7771016601800964,1,17,22,0,0.44550600553043174,0.3693992212171898,3,156
service_18,java,7,2,9,2,9,0.16640811667001973,0.21809143536968353,0.07052595327427484,0.3492879894479459,2,3,1.1038250653954709,3,0.04525567293057294,1417.3186553255637,68829.31440490703,91.38692344180146,0.5581266811070329,synthetic,deployment,0.6560318751303578,1,4,98,0,0.343074992239365,0.5689506913386908,5,232
service_18,java,6,1,8,1,8,0.1197682525478648,0.15696608213936045,0.05075936409809775,0.2513916566647516,1,2,1.1038250653954709,3,0.04695501968047014,1470.5388528064648,71413.84942908106,94.81849480683614,0.4016982983413077,synthetic,config_change,0.16309133224069783,1,15,17,0,0.2810452615584504,0.2739485863071831,3,139
service_18,java,7,2,10,2,10,0.12234232136724839,0.1603396096739152,0.051850288392617586,0.25679458616491535,2,3,1.1038250653954709,3,0.05,1630.788813728775,79196.07603158223,100.0,0.41033163015139296,synthetic,config_change,0.18713685788849677,1,29,44,0,0.12773654512908694,0.3850821181222685,4,179
service_18,java,7,2,10,2,10,0.15670633675591214,0.20537645998597567,0.06641421106727395,0.328924107757098,2,3,1.1038250653954709,3,0.03899289387427916,1221.18073457727,59304.25907371333,78.74019711804394,0.5255872693725134,synthetic,code_change,0.5242298359670591,0,5,8,0,0.3699540436850614,0.5312106968434637,5,225
service_18,java,6,1,8,1,8,0.11577800624355905,0.1517365382841754,0.049068245118797295,0.24301619315417783,1,2,1.1038250653954709,3,0.05,1578.8992054568298,76676.1584755145,100.0,0.38831515951859064,synthetic,code_change,0.22196518620467864,1,4,81,0,0.10978162470998404,0.2213746287567142,2,109
service_18,java,7,2,10,2,10,0.13124150617575425,0.17200271858557797,0.055621880214838444,0.2754738334978594,2,3,1.1038250653954709,3,0.03769925074022764,1180.6663762991855,57336.758333243095,76.12788227667713,0.4401791675258986,synthetic,scaling,0.16413249938340513,1,23,3,0,0.24334797198894387,0.4387300854183378,5,208
service_18,java,6,1,8,1,8,0.16376138241067453,0.21462267383801298,0.0694042324084943,0.34373253634536155,1,2,1.1038250653954709,3,0.04617479825459023,1446.1038524943324,70227.21132716359,93.24295673398667,0.549249632093433,synthetic,deployment,0.9526851982538138,1,1,17,0,0.3216994215849273,0.5036561859009105,1,140
service_19,python,2,0,6,4,2,0.5206301873181785,0.37573558877253366,0.43907842792470264,0.18143450210551684,4,1,0.8933960664497376,1,0.02737177761036526,1333.8948000040455,36849.769315159254,95.71344712678673,0.17600249328030654,synthetic,code_change,0.9713010127655048,1,1,27,0,0.3415678814609529,0.42102743660668124,0,105
service_19,python,1,0,5,3,1,0.4110085261117942,0.2966223133250002,0.34662795570577654,0.14323243083605952,3,0,0.8933960664497376,1,0.029540704994235854,1439.5920258150493,39769.72851162361,100.0,0.13894416251151936,synthetic,config_change,0.9135577586709004,1,17,1,1,0.24225870714255124,0.4171726469888525,0,105
service_19,python,1,0,4,3,1,0.5045391405895049,0.3641227797886597,0.4255078903850285,0.175826930507312,3,0,0.8933960664497376,1,0.01999483671258918,974.3981226762852,26918.42418280397,69.91781000640684,0.17056280804360383,synthetic,code_change,0.14370645096609552,1,13,67,0,0.28110376907921625,0.26214423358175915,1,97
service_19,python,2,0,6,4,2,0.5175125569105719,0.3734856141738434,0.4364491446223389,0.1803480385570491,4,1,0.8933960664497376,1,0.030736721959707173,1497.8769071869729,41379.88879795975,100.0,0.17494855761112887,synthetic,deployment,0.9535826399873436,1,21,2,0,0.2932070164561523,0.4479434029468193,0,110
service_19,python,1,0,5,3,1,0.4619506999350252,0.33338696535837664,0.38959052326757915,0.16098527761469247,3,0,0.8933960664497376,1,0.02062518608089297,1005.1166151518289,27767.04385013441,72.12201142121378,0.15616550277262095,synthetic,scaling,0.3636326830628106,1,20,2,1,0.1329191614681891,0.27888403458480765,1,100
service_19,python,2,0,6,4,2,0.36593797083781293,0.2640951721129119,0.30861727357969587,0.12752578539954268,4,1,0.8933960664497376,1,0.01905981038177698,928.8319640478098,25659.627436589668,66.6482162463561,0.12370776190515059,synthetic,scaling,0.9904145626378352,0,19,17,1,0.3695896092173111,0.3620386028966698,1,115
service_19,python,1,0,5,3,1,0.35329019743531986,0.2549673522096394,0.2979506533997933,0.12311816070562087,3,0,0.8933960664497376,1,0.028337166403279754,1380.9405969260247,38149.44209581445,99.08921213930178,0.11943209808943968,synthetic,code_change,0.18807130244480502,1,17,6,0,0.14736966597480333,0.12135885453594955,2,91
service_19,python,2,0,6,4,2,0.4407966478789904,0.31812021671834534,0.3717500519555985,0.15361329843294125,4,1,0.8933960664497376,1,0.027167400584905323,1323.9349992420346,36574.62290893297,94.99878292416359,0.1490142349523243,synthetic,code_change,0.5466656129505757,1,5,42,0,0.2525947940955091,0.3098301280909221,2,125
service_19,python,2,0,6,4,2,0.5157189923607135,0.3721912097221655,0.4349365248739724,0.17972299894347255,4,1,0.8933960664497376,1,0.025070435118857665,1221.7446566648757,33751.543794902405,87.66612824172728,0.17434223120070638,synthetic,config_change,0.23873277190270076,1,15,3,0,0.17162353191370544,0.22086685447527055,0,69
service_19,python,1,0,5,3,1,0.3911972571409629,0.2823246429393659,0.32991993329986496,0.13632839835896354,3,0,0.8933960664497376,1,0.02216920184132192,1080.3603433187766,29845.704045343333,77.52111530669832,0.13224683143305435,synthetic,code_change,0.18029995125151474,1,6,130,0,0.14611256587689486,0.19974742376808496,1,85
service_19,python,2,0,7,4,2,0.3716280819374433,0.268201690129498,0.3134160829787669,0.12950873317981723,4,1,0.8933960664497376,1,0.02435728359822268,1186.9910093668736,32791.450175984406,85.17238481974961,0.12563134176081664,synthetic,scaling,0.17208055870404512,0,18,24,0,0.12927668188262847,0.27421694349607756,1,99
service_19,python,1,0,5,3,1,0.427430319099492,0.30847381984005057,0.36047743125364107,0.14895526425405708,3,0,0.8933960664497376,1,0.0263991140536618,1286.4944857493776,35540.302747222064,92.31224376937546,0.1444956587181761,synthetic,code_change,0.7026501308837658,1,6,27,1,0.14698491535961677,0.3909006990772846,1,120
service_19,python,1,0,5,3,1,0.4374008727790418,0.3156695068140836,0.368886192677381,0.15242990419355776,3,0,0.8933960664497376,1,0.02285002929022548,1113.5387582072774,30762.280776042182,79.90182813290582,0.1478662706222328,synthetic,deployment,0.27368560714512574,0,18,17,0,0.22108099656345165,0.21638395199474622,2,108
service_19,python,1,0,4,3,1,0.5255083650764487,0.37925613951428416,0.44319248560597485,0.18313449909822496,3,0,0.8933960664497376,1,0.027892018888283743,1359.2474513824538,37550.15389932525,97.5326233146119,0.1776515936763913,synthetic,deployment,0.5140923639019191,0,7,0,0,0.24995667755763892,0.3288248863947507,1,109
service_19,python,1,0,5,3,1,0.46191910142226045,0.3333641609069883,0.389563874360836,0.16097426584363042,3,0,0.8933960664497376,1,0.019942842490207467,971.8643149034588,26848.42598510702,69.73599696066054,0.1561548206854773,synthetic,config_change,0.7782491183301884,1,23,55,0,0.22456214149800957,0.4107343532503703,1,123
service_19,python,2,0,6,4,2,0.42559282782327684,0.30714771374142136,0.35892776548216165,0.14831491660817694,4,1,0.8933960664497376,1,0.020181476209537877,983.4935295584808,27169.69110837816,70.57044973910014,0.1438744825861109,synthetic,code_change,0.6469864918690821,1,7,8,1,0.27836627852157353,0.3314107935371728,1,109
service_19,python,1,0,5,3,1,0.39650911949148604,0.28615818117124087,0.33439974301323205,0.1381795301686356,3,0,0.8933960664497376,1,0.029583885526575402,1441.6963205513664,39827.86111368799,100.0,0.1340425417864429,synthetic,code_change,0.8497055936809774,1,9,12,0,0.314072948049775,0.3697426259003793,1,116
service_19,python,2,0,6,4,2,0.3622577843832042,0.26143920429161066,0.3055135532762632,0.1262432765990314,4,1,0.8933960664497376,1,0.03010415973130905,1467.0505765353712,40528.29002619687,100.0,0.12246365042732017,synthetic,scaling,0.965275820061916,1,24,3,1,0.20641456345377146,0.4291281079598286,1,127
service_19,python,1,0,4,3,1,0.3169721121584481,0.22875681450553803,0.26732145022057274,0.11046166501992623,3,0,0.8933960664497376,1,0.02975730917703435,1450.147686364645,40061.3359578934,100.0,0.10715452810675682,synthetic,scaling,0.9574055798491681,1,15,106,0,0.313342536630531,0.29648514568178613,1,103
service_19,python,2,0,6,4,2,0.34596693912861237,0.24968220194630583,0.2917745137465032,0.12056607717870939,4,1,0.8933960664497376,1,0.021832191672857444,1063.936999622859,29391.997781118967,76.34266042518931,0.11695642197170329,synthetic,deployment,0.12031172488213938,0,18,51,0,0.08393971991640035,0.20268191674554567,0,66
service_20,java,0,1,1,5,1,0.15963589741987116,0.43644590742175915,0.5575408157661462,0.513638704218024,2,1,1.3823956354548965,4,0.03414785806462415,432.121695045358,11512.025884614228,65.92875972836347,0.32744635811391676,synthetic,code_change,0.7510552199694356,0,25,16,1,0.24124704392457427,0.423894969524133,1,126
service_20,java,0,0,0,4,0,0.1147533684565698,0.3137366897747447,0.40078508465367907,0.3692262982909071,1,0,1.3823956354548965,4,0.042835514134832324,542.059034597515,14440.833933645903,82.70188759399603,0.23538297582014198,synthetic,deployment,0.4543136973915516,0,2,26,0,0.0,0.22022685151617805,0,69
service_20,java,0,0,0,4,0,0.15402249211462438,0.4210988093581529,0.5379355601582448,0.4955772138274634,1,0,1.3823956354548965,4,0.036173133606342264,457.75040353901824,12194.792704589052,69.83892897883223,0.3159320987679384,synthetic,code_change,0.3297091909098551,1,16,7,0,0.256214296080762,0.2081261320107398,0,67
service_20,java,0,0,0,4,0,0.12707396456150236,0.3474213047886916,0.44381572697219196,0.40886860381750506,1,0,1.3823956354548965,4,0.042936708418716635,543.3395906253114,14474.948846893069,82.89726188703271,0.26065507557688805,synthetic,deployment,0.8385774043190309,0,11,23,0,0.15351258343064228,0.37940707122040007,0,98
service_20,java,0,1,1,5,1,0.15768867077296514,0.4311221731326635,0.5507399749105204,0.5073733780106925,2,1,1.3823956354548965,4,0.039982630000725584,505.95741072801275,13479.061282035125,77.19386679062875,0.323452192113304,synthetic,deployment,0.748091489085227,1,21,20,0,0.23138366751325043,0.46813499097207834,1,134
service_20,java,0,0,0,4,0,0.1698743890074973,0.4644380308965842,0.5932995457525844,0.5465817053675939,1,0,1.3823956354548965,4,0.04598069521968165,581.8595099022214,15501.146589041822,88.77424175608738,0.34844762936389334,synthetic,deployment,0.9912002811535665,0,1,178,0,0.21569235804660963,0.3860716381485065,0,99
service_20,java,0,1,1,5,1,0.12523429781504625,0.34239164018638185,0.43739054745345723,0.40294935846533103,2,1,1.3823956354548965,4,0.03995454921236177,505.6020643445583,13469.594604450465,77.13965163178871,0.25688153725620616,synthetic,scaling,0.7944127534502435,1,24,27,0,0.288420005617226,0.4475492603927824,1,130
service_20,java,0,0,0,4,0,0.17628481904873133,0.481964201397893,0.6156884723810417,0.5672076737937274,1,0,1.3823956354548965,4,0.04531882824368269,573.4839602843815,15278.016056360922,87.496385067384,0.36159675186624124,synthetic,deployment,0.8749300599750164,1,5,35,0,0.26041502800423166,0.3466119538432929,0,92
service_20,java,0,1,1,5,1,0.161493450891988,0.4415244744848435,0.5640284660685672,0.5196155012533694,2,1,1.3823956354548965,4,0.036610375675825035,463.283452899024,12342.197031156242,70.68310571423706,0.33125658582132717,synthetic,deployment,0.5745877116398738,1,25,64,1,0.2620326380155408,0.35780417485069826,1,114
service_20,java,0,1,1,5,1,0.10836399699340192,0.29626809360578626,0.37846970675068786,0.348668087185811,2,1,1.3823956354548965,4,0.03651679984422222,462.099304045794,12310.650472846577,70.50244025327467,0.22227704883212554,synthetic,scaling,0.6326271168969934,0,5,2,0,0.22982260038132837,0.3779395367381104,1,118
service_20,java,0,1,1,5,1,0.1384421617665643,0.3785020530734139,0.4835200418909722,0.4454465050043852,2,1,1.3823956354548965,4,0.039439512266864526,499.0845651363191,13295.963841523077,76.14527749076184,0.28397360751915895,synthetic,code_change,0.7535705354758946,1,9,11,0,0.2991304170896385,0.4169482495856468,2,145
service_20,java,0,0,0,4,0,0.12540942700520957,0.34287044488853374,0.43800219980187177,0.4035128478293157,1,0,1.3823956354548965,4,0.04555215219334675,576.4365419787501,15356.67490936862,87.946860133409,0.2572407635733771,synthetic,config_change,0.5658668455581706,1,22,100,0,0.19908791904198025,0.22224532607553685,2,110
service_20,java,0,0,0,4,0,0.16296073424160448,0.4455360396986743,0.5691530675455995,0.5243365792226651,1,0,1.3823956354548965,4,0.041371585383327025,523.5338500214011,13947.30998702921,79.87550221032767,0.33426628850674145,synthetic,deployment,0.6587369231553026,1,17,40,0,0.24456657833566076,0.29057480474741615,0,82
service_20,java,0,1,1,5,1,0.10668762425258942,0.29168487621003564,0.3726148442758496,0.34327425073489903,2,1,1.3823956354548965,4,0.028232702100806514,357.2687652743244,9517.891188431247,54.50845642394239,0.2188384604087665,synthetic,code_change,0.4197606788973869,0,1,24,0,0.31764992831514166,0.22743703124474446,1,90
service_20,java,0,0,0,4,0,0.10436218421685971,0.28532710328456706,0.36449306367705425,0.3357919987728147,1,0,1.3823956354548965,4,0.04518075973093456,571.7367818918683,15231.469995123383,87.22981825122241,0.21406850024930926,synthetic,code_change,0.7257325606798902,0,19,1,0,0.14350414730688713,0.2035383101007286,1,86
service_20,java,0,0,0,4,0,0.16619564465100892,0.454380312395981,0.58045124432,0.5347451102473485,1,0,1.3823956354548965,4,0.030922404553924282,391.30541791032044,10424.651554003914,59.70142479217211,0.3409017611636104,synthetic,code_change,0.10071055998389691,1,3,30,0,0.15352907522079115,0.13221984729163494,0,53
service_20,java,0,1,1,5,1,0.12363818694300514,0.3380278594255829,0.4318160058119214,0.3978137697077021,2,1,1.3823956354548965,4,0.036146185446633845,457.40938992611416,12185.707862092666,69.78690056922669,0.25360758258408594,synthetic,deployment,0.5002803083818114,0,1,76,0,0.3510702540222196,0.3659871569523999,1,115
service_20,java,0,1,1,5,1,0.14538957322333473,0.39749633535258916,0.5077844179722677,0.46780024546001303,2,1,1.3823956354548965,4,0.027882694518353436,352.8396186636608,9399.895607525828,53.83270201021067,0.29822419035551795,synthetic,scaling,0.1789458775479679,1,21,32,1,0.2524722961371536,0.2422474584426974,1,93
service_20,java,0,1,1,5,1,0.1407076337132844,0.3846958727311829,0.49143237926423533,0.452735805806792,2,1,1.3823956354548965,4,0.040663551883903575,514.5740893435647,13708.615660810818,78.50851250412762,0.2886205606816523,synthetic,deployment,0.3686931333839476,1,7,41,0,0.3104868437595253,0.31135520454530813,0,86
service_20,java,0,1,1,5,1,0.12242399344030508,0.33470824401553684,0.42757534035424677,0.39390702449890697,2,1,1.3823956354548965,4,0.03302091573451459,417.8608817028721,11132.107786965562,63.75298899718298,0.2511170197036143,synthetic,code_change,0.407741044217254,1,1,26,1,0.27174899912531464,0.40046250017231055,1,122
service_21,java,1,2,4,6,3,0.1359972848900718,0.07988320344384472,0.30597488087903174,0.3446408488606223,2,2,1.0319332364611649,2,0.003731512586992089,163.221022710676,120361.6940386397,86.98184645840085,0.43308659572404967,synthetic,code_change,0.7128254913555263,0,8,48,1,0.363877040046135,0.45042886520802194,4,191
service_21,java,0,1,3,5,2,0.18428514530193424,0.1082469239421382,0.414615816978349,0.46701071246090975,1,1,1.0319332364611649,2,0.003238803640793296,141.6693178128796,104469.13517679674,75.49676288764168,0.5868604383230083,synthetic,config_change,0.4883573078628781,0,15,8,1,0.35697362214154554,0.38171178140065154,0,98
service_21,java,1,2,4,6,3,0.1885285952695715,0.11073947647612845,0.42416298624289306,0.4777643550805121,2,2,1.0319332364611649,2,0.003608820846972109,157.85433271101667,116404.21424215405,84.1218925272969,0.6003738059030658,synthetic,code_change,0.2657979093667234,1,12,15,0,0.31499364067888624,0.4818301847117839,2,156
service_21,java,1,2,4,6,3,0.23360267513910674,0.13721546013398345,0.5255733653542177,0.5919899380427361,2,2,1.0319332364611649,2,0.003018287294492663,132.02365731234136,97356.27668169774,70.35650983252587,0.7439132877527952,synthetic,deployment,0.611487235970133,1,2,18,0,0.5031382661605517,0.6377599757712344,4,224
service_21,java,0,1,3,5,2,0.13750278083382547,0.08076751403030953,0.30936203630957027,0.3484560382626085,1,1,1.0319332364611649,2,0.00276123970059179,120.78007439959048,89065.08560858801,64.3647105758041,0.4378808834459236,synthetic,deployment,0.32507422202254765,1,15,4,0,0.19556634138417453,0.36822871428420695,0,96
service_21,java,0,1,3,4,2,0.20288109459181947,0.11916996554224125,0.45645410348093873,0.5141360926022526,1,1,1.0319332364611649,2,0.0029129212906016766,127.41481665775657,93957.64665520121,67.90042014805591,0.6460796821389662,synthetic,scaling,0.9758302402842177,0,11,13,0,0.4242560021936729,0.6728851215259195,1,171
service_21,java,0,1,3,5,2,0.21131356314284627,0.12412309825617732,0.47542597900405786,0.5355054392165286,1,1,1.0319332364611649,2,0.0023654777982126244,103.46895432420023,76299.59925531577,55.139470080346484,0.6729330792583738,synthetic,config_change,0.7720038683079733,0,15,24,1,0.5167488922473679,0.5334992379196065,3,186
service_21,java,1,2,4,6,3,0.16797809621826615,0.09866835536577011,0.37792723599015515,0.42568580481183443,2,2,1.0319332364611649,2,0.002412080318332619,105.5074067794851,77802.7854666301,56.225778421843856,0.5349302517780387,synthetic,deployment,0.5415522183083792,1,21,20,0,0.3016653703422969,0.46467985182637134,3,173
service_21,java,0,1,3,5,2,0.22947678523514517,0.13479196099683904,0.5162906898000325,0.5815342131364915,1,1,1.0319332364611649,2,0.002364524074335528,103.42723725023244,76268.83644296654,55.117238703148274,0.7307742929979859,synthetic,code_change,0.37860337136176614,0,24,2,0,0.3654145980267123,0.5684944323073473,1,152
service_21,java,1,2,4,6,3,0.18796135008563725,0.1104062833357846,0.42288676387033775,0.476326856810887,2,2,1.0319332364611649,2,0.0030209546295798893,132.1403298816278,97442.31282982341,70.41868561931511,0.598567400092468,synthetic,deployment,0.46986454723231297,1,21,5,0,0.40456480518019455,0.5672978712296095,3,192
service_21,java,0,1,3,5,2,0.23165160406835805,0.13606942396565846,0.5211837281718181,0.5870455835245283,1,1,1.0319332364611649,2,0.0034748651356239146,151.9949425322439,112083.40975117513,80.99937455500546,0.7377000554170964,synthetic,deployment,0.979680652942373,0,13,3,0,0.501884462500227,0.5912881359206527,0,136
service_21,java,0,1,3,5,2,0.1451148165355953,0.08523873415119503,0.3264880526045175,0.36774626488688156,1,1,1.0319332364611649,2,0.0033585594479566615,146.90758644123315,108331.91507773932,78.28827999721744,0.46212159259886104,synthetic,config_change,0.9043967689857504,1,20,53,1,0.43404797364028835,0.47296333488089426,0,115
service_21,java,1,2,4,6,3,0.1395217711019261,0.08195344513524438,0.31390448219205497,0.35357251187751904,2,2,1.0319332364611649,2,0.0027178678075589326,118.88293360944577,87666.10479386552,63.35370840109746,0.4443104060846914,synthetic,config_change,0.6437175659708816,1,7,2,1,0.30216318093064237,0.5790269903385076,3,194
service_21,java,0,1,3,5,2,0.19215995084124096,0.1128724919708355,0.4323330286769688,0.4869668437018587,1,1,1.0319332364611649,2,0.0027916380011755956,122.10973404679396,90045.59709524814,65.07329730902164,0.6119379442876601,synthetic,deployment,0.5079355952732737,1,25,31,1,0.3665899691078775,0.42588822262364096,1,126
service_21,java,0,1,3,5,2,0.16032224252724112,0.09417139707406007,0.3607026353443985,0.4062845357573798,1,1,1.0319332364611649,2,0.0029941619596488365,130.96838502405433,96578.10265619,69.79414641495134,0.5105500031937562,synthetic,deployment,0.7347759782823345,1,9,12,0,0.2772310389730944,0.4722748370421028,1,135
service_21,java,0,1,3,5,2,0.1967402139249262,0.11556288456239427,0.4426379803718355,0.4985740295250331,1,1,1.0319332364611649,2,0.0029117988149958227,127.36571817233437,93921.44067644917,67.87425515503351,0.6265239012649423,synthetic,scaling,0.5258918681959589,1,14,67,0,0.35970931232725956,0.4524378404955215,2,151
service_21,java,0,1,3,5,2,0.18322133374336377,0.10762205356161635,0.41222238967445507,0.46431482835653354,1,1,1.0319332364611649,2,0.003562097461668318,155.81059346158344,114897.12946747354,83.032766809035,0.5834727050549097,synthetic,deployment,0.7989017246066981,1,2,28,1,0.3748711301547174,0.5519962041113348,1,149
service_21,java,0,1,3,4,2,0.18914601515793444,0.11110214164692388,0.4255520946868366,0.47932900480569474,1,1,1.0319332364611649,2,0.0037396352584404048,163.57631850829938,120623.69462763588,87.17118655689399,0.6023399942560139,synthetic,config_change,0.7345569557848411,1,3,36,0,0.4405124343160614,0.42056297348556326,0,105
service_21,java,0,1,3,5,2,0.19190807563010798,0.11272454343826249,0.4317663446598203,0.4863285479693962,1,1,1.0319332364611649,2,0.003141930758325839,137.4319769006746,101344.45477753057,73.23864851918412,0.6111358416734421,synthetic,code_change,0.21036524498020592,1,12,83,0,0.27989939710375544,0.3648551781702295,1,115
service_21,java,0,1,3,4,2,0.17449871825372476,0.10249849195312916,0.3925977240971003,0.44221019877467144,1,1,1.0319332364611649,2,0.0027295102580031138,119.39218893796375,88041.63751030536,63.625094819694965,0.5556953280927802,synthetic,config_change,0.6485756587786572,1,11,19,1,0.28212712869914397,0.45327627765613593,1,131
service_22,python,3,4,5,1,7,0.26123169485379216,0.19359240858599663,0.2692773004639045,0.5462094234754018,4,4,1.2150152424955527,0,0.05,204.996286234783,41140.88412713684,100.0,0.1045936325359621,synthetic,code_change,0.865339227369735,0,7,13,1,0.3251969613649073,0.6683171286210449,5,250
service_22,python,3,4,5,1,7,0.18299842309059308,0.1356156476853823,0.1886345429354053,0.38263145377196367,4,4,1.2150152424955527,0,0.037360729991227644,146.18595555753245,29338.187384131972,84.38943085215044,0.07327009010185642,synthetic,config_change,0.9894359036288681,1,2,48,1,0.4007370159435391,0.7781458804952106,5,270
service_22,python,3,4,5,1,7,0.23820066223852918,0.17652467460101123,0.24553694119009903,0.4980538309701865,4,4,1.2150152424955527,0,0.03859321491262127,151.00845195914135,30306.01840832378,87.17333526394023,0.0953723190057153,synthetic,code_change,0.11625419778396448,1,10,40,0,0.3339778122357375,0.5684815963443195,5,232
service_22,python,2,3,4,0,6,0.28670029627216453,0.2124665650877909,0.2955303025751869,0.599461729269459,3,3,1.2150152424955527,0,0.03275914308651065,128.18075654495883,25724.70823351972,73.99548780026267,0.11479091560090199,synthetic,config_change,0.8005347140909421,1,29,14,0,0.31575638092407654,0.6311986384077505,4,223
service_22,python,3,4,5,1,7,0.20793192316669862,0.15409325369300697,0.21433596326025528,0.43476491602054657,4,4,1.2150152424955527,0,0.03463935418924341,135.53769140055206,27201.177929552192,78.24245901519257,0.08325312583668623,synthetic,config_change,0.46249852091349986,0,16,37,0,0.2266958272471335,0.6627264127372399,5,249
service_22,python,2,3,4,0,6,0.2948150334429292,0.21848019798486293,0.30389496338152816,0.6164288354782921,3,3,1.2150152424955527,0,0.0343256731690353,134.31031282175687,26954.85424819286,77.53392460564811,0.1180399464592743,synthetic,code_change,0.26312522999639676,1,12,15,0,0.1321478034844061,0.3896449653272735,4,180
service_22,python,2,3,4,0,6,0.17425061747037013,0.12913286327130533,0.17961731597251707,0.3643406645659636,3,3,1.2150152424955527,0,0.046724065353709696,182.82303752813277,36690.91543493474,100.0,0.06976758721050659,synthetic,code_change,0.9880271164723814,1,19,6,1,0.30962392873021016,0.5736427539887882,4,213
service_22,python,3,4,5,1,8,0.24162055588966155,0.179059073994627,0.24906216323777586,0.5052044875571587,4,4,1.2150152424955527,0,0.036444638931298935,142.60145260470378,28618.81034884848,82.3201885441367,0.09674159810509415,synthetic,deployment,0.5681442007219561,1,26,15,1,0.2063991853492049,0.5639732790298283,4,211
service_22,python,3,4,5,1,7,0.20817540112333838,0.15427368924118906,0.21458694002983567,0.43527400414784906,4,4,1.2150152424955527,0,0.04440791656180938,173.760355282982,34872.11780217282,100.0,0.0833506111128953,synthetic,code_change,0.7152331826996822,0,27,3,1,0.39182462105617877,0.6467404406453825,6,266
service_22,python,3,4,5,1,7,0.30701370739928957,0.22752033637269836,0.31646934105819763,0.6419350462487624,4,4,1.2150152424955527,0,0.05,202.9837550387645,40736.987479746764,100.0,0.12292413029436244,synthetic,deployment,0.602029113161891,1,15,24,1,0.24612063162213926,0.7107472447749812,5,257
service_22,python,2,3,4,0,6,0.18073355506441677,0.1339372094829954,0.18629991984023644,0.37789584058567705,3,3,1.2150152424955527,0,0.05,200.57861644373895,40254.29810978264,100.0,0.0723632676192135,synthetic,deployment,0.25143439990420374,1,29,42,1,0.1597094960664591,0.4279104366399158,3,167
service_22,python,3,4,5,1,8,0.18132477602711264,0.1343753488528712,0.18690934966038716,0.37913202466112556,4,4,1.2150152424955527,0,0.033118933697346906,129.58855382991754,26007.2403029478,74.80817333615954,0.07259998448526751,synthetic,code_change,0.7391559399311446,1,1,15,0,0.23133853018754863,0.6640700582887046,4,229
service_22,python,3,4,5,1,8,0.28082699173058734,0.2081140029945909,0.28947610768645615,0.587181235168826,4,4,1.2150152424955527,0,0.05,202.55796645091468,40651.53559533884,100.0,0.11243932400962382,synthetic,scaling,0.7445339009881251,0,8,166,1,0.29634179224743123,0.6211271660246213,5,241
service_22,python,2,3,4,0,5,0.21250643370944905,0.15748331137558927,0.2190513629386325,0.44432976138755426,3,3,1.2150152424955527,0,0.04482390722742033,175.38805348292695,35198.78197871887,100.0,0.08508469790150829,synthetic,scaling,0.42858452820862525,1,21,12,0,0.34229865481054633,0.4996624106786137,5,219
service_22,python,2,3,4,0,6,0.22368645489803013,0.1657685511553612,0.2305757146313906,0.4677060708023649,3,3,1.2150152424955527,0,0.032633513846385735,127.68919145728684,25626.0556057853,73.7117197883684,0.08956102696486024,synthetic,deployment,0.3031867673875253,0,21,49,0,0.22587157352448034,0.5102797262989328,4,201
service_22,python,2,3,4,0,6,0.27893059648888086,0.2067086309447772,0.2875213058712127,0.5832160618301401,3,3,1.2150152424955527,0,0.03406270309149531,133.2813572291534,26748.35224962111,76.93993473500167,0.11168003303934164,synthetic,deployment,0.794190828895165,1,18,31,1,0.4034666758940946,0.5563667451316643,4,210
service_22,python,2,3,4,0,5,0.19553174569501905,0.1449037859870311,0.20155387601499952,0.4088373814938132,3,3,1.2150152424955527,0,0.035886972943036506,140.4194038225943,28180.893068719266,81.06054732818296,0.07828826272319815,synthetic,code_change,0.7824723554894667,1,18,127,0,0.2971778357008348,0.5483112340128531,4,208
service_22,python,3,4,5,1,7,0.19693137024260957,0.14594101344687585,0.20299660722741664,0.4117638568499116,4,4,1.2150152424955527,0,0.04644579502872836,181.7342147623503,36472.3986409732,100.0,0.07884865343574522,synthetic,scaling,0.9127877563443787,1,14,40,0,0.23840040435926385,0.7559048226984724,5,266
service_22,python,2,3,4,0,6,0.30129264964772223,0.22328060064535718,0.3105720819679392,0.6299728850037342,3,3,1.2150152424955527,0,0.042466135799443055,166.1625091944177,33347.29941991471,95.9213867460991,0.12063349625579618,synthetic,config_change,0.6471634157491077,1,5,4,0,0.30537202478457653,0.5413231511799962,5,227
service_22,python,3,4,5,1,7,0.21653019062560983,0.16046521903958885,0.22319904647570546,0.4527430358434408,4,4,1.2150152424955527,0,0.05,200.10658168161973,40159.5650401792,100.0,0.08669575567356962,synthetic,deployment,0.14651711192001865,0,24,4,0,0.12664232181771257,0.6216331231465192,5,241
service_23,java,1,1,7,10,3,0.3349739678168855,0.33888182921937904,0.1684797264961048,0.3621110454083533,2,1,1.641541853753042,5,0.04970084852100358,1490.2384858822368,8172.441143517862,68.89728419106184,0.23136497873498196,synthetic,config_change,0.15657173872514288,1,20,28,0,0.06122949383441246,0.28669851466650975,2,121
service_23,java,1,1,7,10,3,0.2552106315557741,0.2581879607585855,0.12836166847126423,0.2758858821008627,2,1,1.641541853753042,5,0.04896851419890535,1468.280052096905,8052.021486251918,67.88209335601708,0.17627280928027547,synthetic,code_change,0.8672848667703703,0,15,111,0,0.2023546172830522,0.43864378733553705,3,168
service_23,java,1,1,6,9,3,0.3639716199633808,0.3682177727451262,0.1830644912003919,0.39345786976485153,2,1,1.641541853753042,5,0.05,1558.6997012095283,8547.881221180845,72.06240967477092,0.2513935236871849,synthetic,deployment,0.15808229546020863,1,11,9,0,0.23516569426473358,0.3301197874678458,2,129
service_23,java,2,2,9,12,4,0.34540291450523597,0.34943244171506876,0.1737251074943567,0.3733848671098981,3,2,1.641541853753042,5,0.045139446637414656,1353.468655209682,7422.397843757931,62.57408828525228,0.23856820424084418,synthetic,config_change,0.5587508544432087,1,14,118,1,0.257053062010656,0.5401584821335779,5,227
service_23,java,2,2,8,12,4,0.2254004838032154,0.22803004291940163,0.11336824801864842,0.24366073984038292,3,2,1.641541853753042,5,0.04860944953878982,1457.513797770316,7992.979540513882,67.38434370652182,0.1556830773503373,synthetic,config_change,0.6673579581473442,1,13,45,1,0.18719750610326025,0.4656110113374678,4,193
service_23,java,2,2,8,12,4,0.31432498427678335,0.31799195124111207,0.15809403855165907,0.3397892361493911,3,2,1.641541853753042,5,0.03687806770353451,1105.7580989498197,6063.9575935295725,51.12183768681322,0.21710282078643853,synthetic,code_change,0.2861533995549477,1,13,5,0,0.306917182545294,0.4810382876003186,5,216
service_23,java,1,1,6,9,3,0.3187016855692089,0.32241971185066126,0.1602953601693022,0.3445205049425132,2,1,1.641541853753042,5,0.04555277264158439,1365.8618906766653,7490.362124905668,63.14705715842562,0.22012578823686726,synthetic,deployment,0.9206852363605067,1,6,55,1,0.4110223230888147,0.5167776404102692,4,203
service_23,java,2,2,9,12,4,0.21704994579633677,0.21958208616270247,0.10916823101833237,0.23463370389756008,3,2,1.641541853753042,5,0.042439351914532006,1272.508567176843,6978.4141722245095,58.8311100665481,0.1499153991603614,synthetic,code_change,0.3654380222234779,0,7,9,1,0.2518181128776622,0.42416970092042344,4,186
service_23,java,1,1,6,9,3,0.3110438427866367,0.3146725314146845,0.15644374368111222,0.336242281193837,2,1,1.641541853753042,5,0.05,1515.0788876373808,8308.665461469946,70.04571528806919,0.214836551452013,synthetic,code_change,0.45274707080959364,1,4,16,0,0.2597110232086467,0.3529089479463689,2,133
service_23,java,1,1,7,10,3,0.27277083219990156,0.27595302159159407,0.13719381092406704,0.29486867844849246,2,1,1.641541853753042,5,0.038461339475149674,1153.231182365584,6324.299132009546,53.31663170837923,0.18840155909056375,synthetic,deployment,0.38449439914680605,1,9,9,0,0.28000246758518377,0.29894757052862597,3,143
service_23,java,2,2,8,11,4,0.3217458812360615,0.32549942160484924,0.1618264799058434,0.34781131850195424,3,2,1.641541853753042,5,0.05,1539.260732195831,8441.278263560234,71.16369971310657,0.22222840018106316,synthetic,deployment,0.2336656818314057,1,15,9,0,0.26532194316985636,0.43940752335267763,4,189
service_23,java,1,1,7,10,3,0.3191854601820745,0.32290913025772805,0.16053868121001635,0.3450434713447936,2,1,1.641541853753042,5,0.047625602250199094,1428.013957479477,7831.202945154158,66.02049563833451,0.220459929136674,synthetic,deployment,0.7120414507368429,1,27,0,0,0.31941309001164714,0.33805599556925187,3,150
service_23,java,1,1,6,9,3,0.3517007321233191,0.355803730709301,0.17689268077395265,0.38019288665941087,2,1,1.641541853753042,5,0.046238220261331904,1386.4144658016642,7603.072078478868,64.09725179013043,0.24291807790052247,synthetic,scaling,0.6955239715223529,1,4,58,0,0.24136761460342826,0.47907367342547363,2,156
service_23,java,1,1,6,9,3,0.36972342224729016,0.37403667650049177,0.18595743861946554,0.3996756399145222,2,1,1.641541853753042,5,0.04840261171859675,1451.3119382616712,7958.968654139034,67.0976169301514,0.25536626706714805,synthetic,config_change,0.6343352046562911,1,25,5,0,0.32345096635458975,0.4493691842711255,3,170
service_23,java,2,2,8,11,4,0.3570895416170111,0.3612554069408564,0.1796030560175989,0.3860182570665047,3,2,1.641541853753042,5,0.05,1688.31581137052,9258.693645888376,78.05487199680995,0.2466401038300015,synthetic,code_change,0.2818748485071313,1,13,5,0,0.28479460346837954,0.40939227264687844,4,183
service_23,java,1,1,6,9,3,0.2532765606866058,0.25623132670055637,0.12738890114493967,0.27379512732104283,2,1,1.641541853753042,5,0.0376781511891058,1129.7479348902116,6195.517423800253,52.230945094882635,0.17493695542741222,synthetic,code_change,0.5171930553330297,1,26,43,0,0.22273175582308258,0.3982173078323767,2,141
service_23,java,2,2,8,12,4,0.29268159170682695,0.2960960632936958,0.1472081990209065,0.3163924583019418,3,2,1.641541853753042,5,0.047619718671189144,1427.8375432705395,7830.235492794633,66.01233958814278,0.20215382909512533,synthetic,deployment,0.43012529662600507,1,1,20,0,0.30089153403549596,0.5162045874048089,4,202
service_23,java,1,1,7,10,3,0.22624846989431843,0.22888792175571368,0.1137947541905538,0.24457742340221994,2,1,1.641541853753042,5,0.04386574993344551,1315.2779219711133,7212.960547260235,60.80843948049403,0.1562687774428378,synthetic,code_change,0.9199141299812981,1,4,7,0,0.23527446333836516,0.3451555018345376,3,152
service_23,java,2,2,9,12,4,0.2482736010393362,0.2511700017031934,0.12487259434493245,0.2683868654199302,3,2,1.641541853753042,5,0.05,1538.363922248574,8436.360173885118,71.12223804748267,0.17148143421199868,synthetic,code_change,0.3160762317429795,1,16,115,0,0.24120084569880934,0.44741857793312134,4,190
service_23,java,1,1,7,10,3,0.27133011351801634,0.2744954952486076,0.13646918181015769,0.29331124354859006,2,1,1.641541853753042,5,0.048018131346096095,1439.783614999249,7895.7475360172475,66.56463501377893,0.18740646132410183,synthetic,deployment,0.5825730513539837,1,13,2,1,0.3279366291410673,0.3624869110393668,2,135
service_24,go,0,5,3,0,5,0.3990227283902456,0.19830421335993423,0.44110453649415005,0.4058536637889141,0,1,1.5969051004605284,6,0.03415112828217768,1419.5894608447009,19496.488866334726,87.40308397054743,0.2127858320234925,synthetic,deployment,0.5310735053081242,1,12,91,1,0.39372242200745855,0.8311590217986469,7,319
service_24,go,0,4,3,0,4,0.30476967870381355,0.1514628292857843,0.33691135440946246,0.30998708071772246,0,1,1.5969051004605284,6,0.03649133998047556,1516.8670627909553,20832.488981579576,93.3923947155728,0.16252374876024425,synthetic,code_change,0.7389397660908217,1,5,0,1,0.40222969474687675,0.6370580569986606,5,244
service_24,go,0,6,4,0,6,0.3378869254818651,0.16792126411595645,0.37352121833608065,0.3436712670639417,1,2,1.5969051004605284,6,0.028959037227273134,1203.7653252440325,16532.38341691771,74.11494992399602,0.180184098431111,synthetic,deployment,0.6455820282492988,1,1,46,1,0.42175961636321374,0.8447597300059498,7,322
service_24,go,0,6,4,0,6,0.4724471976760882,0.23479431927906264,0.5222725106151258,0.48053509858245225,1,2,1.5969051004605284,6,0.04313083730120617,1792.8567854126404,24622.90212758499,100.0,0.2519407113731003,synthetic,config_change,0.16101675624530135,1,24,10,1,0.5130544808766132,0.9934324311171436,7,348
service_24,go,0,6,4,0,6,0.3789314036333336,0.18831933263057926,0.41889433676391397,0.38541839235497494,1,2,1.5969051004605284,6,0.03308884408508317,1375.4325756561016,18890.042957713176,84.68437687214416,0.20207178254540714,synthetic,deployment,0.7306828006957443,1,28,53,0,0.5380513476078781,0.9011476163729194,6,312
service_24,go,0,6,4,0,6,0.38224345931060316,0.18996534061196646,0.42255568906396634,0.38878714765549527,1,2,1.5969051004605284,6,0.04520893283343859,1879.2387781775801,25809.26311901651,100.0,0.20383799402373345,synthetic,deployment,0.9838696407720677,1,3,2,0,0.5198438019589808,0.9307858522885478,6,317
service_24,go,0,4,3,0,4,0.38367937601795066,0.19067895493225764,0.42414304068224123,0.3902476460559842,0,1,1.5969051004605284,6,0.036583198589616575,1520.6854289763119,20884.930011802564,93.62748872657684,0.20460372166166024,synthetic,scaling,0.7845952078212458,1,28,36,0,0.36287623904735355,0.7961523418218632,3,233
service_24,go,0,5,3,0,5,0.4345250338467277,0.21594796208676462,0.4803509925946144,0.4419637390234622,0,1,1.5969051004605284,6,0.03499375825957621,1454.61578927002,19977.536691081525,89.55962937256564,0.23171805584890204,synthetic,code_change,0.11764947922682824,1,16,68,0,0.2703505217473138,0.74849512942814,5,264
service_24,go,0,5,3,0,5,0.3047207595931866,0.15143851772390843,0.336857276182626,0.3099373241528337,0,1,1.5969051004605284,6,0.03202076345871862,1331.0347452830774,18280.2879338614,81.95083495510671,0.16249766179096659,synthetic,code_change,0.541401813928878,0,16,36,0,0.358683538859577,0.7412421230733418,6,283
service_24,go,0,5,3,0,5,0.30321687159288213,0.15069112338854074,0.33519478487044024,0.3084076908476982,0,1,1.5969051004605284,6,0.035326049017932105,1468.4284063701202,20167.237687696987,90.41006209663976,0.16169568727511402,synthetic,code_change,0.5245806784517869,1,22,2,0,0.32837198547029933,0.7498977138555595,6,284
service_24,go,0,5,3,0,5,0.29715618816605815,0.14767911686894095,0.32849492853741363,0.30224325358928816,0,1,1.5969051004605284,6,0.036620253067717545,1522.2257044879907,20906.08398990174,93.72232236235554,0.15846372209155069,synthetic,deployment,0.24204765356301075,1,15,12,1,0.2586101195293441,0.7629467274096798,5,267
service_24,go,0,5,3,0,5,0.41788631201878085,0.207678937771491,0.4619575148361404,0.4250401761931452,0,1,1.5969051004605284,6,0.0384190589282704,1596.9982221233488,21933.00169941907,98.32601153998843,0.22284516712336427,synthetic,code_change,0.8611703904931869,1,19,37,1,0.39886151238849155,0.8143162218795554,5,276
service_24,go,0,5,3,0,5,0.492239700140268,0.24463069287967903,0.5441523736012333,0.5006664321359192,0,1,1.5969051004605284,6,0.029693403843152128,1234.2913769657864,16951.62492577774,75.9944165835598,0.26249540864976423,synthetic,scaling,0.7326527937552159,0,13,14,1,0.47579835927117564,0.9284748691172552,5,297
service_24,go,0,5,3,0,5,0.3325959156125809,0.16529176590606523,0.3676722070143646,0.33828967953068173,0,1,1.5969051004605284,6,0.04193970262886894,1743.3438611740855,23942.896955116143,100.0,0.17736257510129438,synthetic,deployment,0.14424267125928483,1,25,8,0,0.34490823787404334,0.6773935484439003,6,271
service_24,go,0,4,3,0,4,0.47567036865118884,0.23639615380944257,0.5258356042382607,0.4838134475490387,0,1,1.5969051004605284,6,0.03595466587069717,1494.5586663053493,20526.10786527529,92.01888307360875,0.25365952353314347,synthetic,code_change,0.22975103423624454,1,13,156,1,0.4076344608867556,0.664836057017454,4,229
service_24,go,0,6,4,0,6,0.4538027726270353,0.2255285111437307,0.5016618037948888,0.4615714965692971,1,2,1.5969051004605284,6,0.04057721546676841,1686.7081799200785,23165.06860441185,100.0,0.24199824640959486,synthetic,deployment,0.4761992952283164,1,19,12,1,0.3443864968402427,0.8866523926695757,7,329
service_24,go,0,6,4,0,6,0.3668952642909253,0.18233767551090632,0.4055888398885089,0.3731762043731093,1,2,1.5969051004605284,6,0.027996181516096345,1163.7414698502412,15982.700094664437,71.6507104446982,0.19565330123569022,synthetic,config_change,0.5917789111240925,1,1,1,1,0.3026597584037547,0.8631059483284438,7,325
service_24,go,0,5,3,0,5,0.40237490075235743,0.1999701583200052,0.4448102362722131,0.4092632225383707,0,1,1.5969051004605284,6,0.03654859216410003,1519.2469137818832,20865.173598948146,93.53892039904309,0.21457343642396293,synthetic,scaling,0.6207268137336548,0,28,13,0,0.3727297307357922,0.8791079657165772,6,308
service_24,go,0,6,4,0,6,0.4113647821388258,0.2044379022095192,0.4547482101768907,0.4184070031757424,1,2,1.5969051004605284,6,0.03884566458629039,1614.7313081595705,22176.54599444732,99.41782466669238,0.21936744752786513,synthetic,deployment,0.232971691994165,1,6,0,0,0.3438296004781323,0.8934661382443171,7,330
service_24,go,0,6,4,0,6,0.457224755396524,0.22722915011227346,0.5054446763383045,0.4650520608219209,1,2,1.5969051004605284,6,0.03928857670897523,1633.1422191036718,22429.399463806807,100.0,0.24382307842784415,synthetic,deployment,0.24175049326822345,1,18,5,1,0.35795000523373005,0.9294327907949006,7,337
service_25,javascript,2,4,5,3,6,0.17353519030648928,0.13001110771143592,0.03934341526130148,0.2131497631876608,2,3,1.2207604208867435,1,0.0391812435718493,294.3698933456364,40009.754053128905,64.24102648873483,0.2188528054968833,synthetic,deployment,0.7179278519029897,1,22,100,1,0.305480914417578,0.7187817869003659,5,259
service_25,javascript,2,4,5,3,7,0.16522649246763663,0.12378630104391788,0.037459690416920835,0.20294435773864827,2,3,1.2207604208867435,1,0.043870212004323096,329.59825803082646,44797.87348589114,71.92899445031868,0.20837434387277548,synthetic,config_change,0.8416850414359368,0,17,12,0,0.26594390388338857,0.7133615579651521,6,278
service_25,javascript,2,4,5,3,6,0.13720696835575413,0.10279430880937854,0.031107181910658404,0.16852854317947658,2,3,1.2207604208867435,1,0.04982764088707309,374.35660526433054,50881.27571253935,81.69671266885078,0.17303769860939838,synthetic,deployment,0.6891095721012384,1,23,48,0,0.31734204320597137,0.5353505702562474,5,226
service_25,javascript,1,3,4,2,5,0.13727560666026042,0.10284573205088096,0.031122743395981662,0.1686128502201712,1,2,1.2207604208867435,1,0.04116064918472966,309.2412288631743,42031.01536397781,67.48643262740977,0.1731242613721396,synthetic,scaling,0.39587138951464595,1,19,12,0,0.39544165257538794,0.5260568963559541,6,244
service_25,javascript,1,3,4,2,4,0.17861168523199392,0.13381437509132976,0.04049434405893193,0.21938511919403395,1,2,1.2207604208867435,1,0.04628801723354049,347.76330340898306,47266.804631273655,75.89319455259292,0.2252549949005148,synthetic,scaling,0.7194099496020845,1,14,30,0,0.30541239397083003,0.5950601411989628,5,237
service_25,javascript,1,3,4,2,4,0.11579384755615087,0.08675177847418632,0.02625245877253707,0.14222724014414903,1,2,1.2207604208867435,1,0.04319785619498559,324.54682806480054,44111.3003168069,70.82660913990097,0.14603267701602535,synthetic,deployment,0.492443468175329,1,10,10,0,0.2881096139907965,0.40551030008476174,4,182
service_25,javascript,1,3,4,2,5,0.11988438736169098,0.08981637655551336,0.02717985457005808,0.14725156742509227,1,2,1.2207604208867435,1,0.038299677444004726,287.7466597937237,39109.5466900841,62.79562282596993,0.15119143536848414,synthetic,deployment,0.1811022696407301,1,18,27,1,0.2539746326132988,0.4395149374720119,4,189
service_25,javascript,2,4,5,3,6,0.1605057681190519,0.12024957399347999,0.036389420934100206,0.19714598753374676,2,3,1.2207604208867435,1,0.05,427.8293671578508,58149.111521377454,93.3661978671691,0.2024208322775738,synthetic,config_change,0.9972914525312959,1,11,37,0,0.34121858860786786,0.8120465875404314,5,276
service_25,javascript,1,3,4,2,5,0.1929541212961674,0.1445596077826954,0.04374602123711602,0.2370016432270757,1,2,1.2207604208867435,1,0.05,414.4367552244992,56328.83328744393,90.443497015579,0.2433428672494044,synthetic,config_change,0.9861799324360296,0,13,16,1,0.5909464922741565,0.557128493404486,4,210
service_25,javascript,2,4,5,3,7,0.14134131147560675,0.10589172396605002,0.03204450867366126,0.1736066731851355,2,3,1.2207604208867435,1,0.03976323326942787,298.7423999224198,40604.05026577651,65.19524876883565,0.1782516992341042,synthetic,config_change,0.3835074476707967,1,28,58,0,0.24928353182852783,0.6072630340385085,5,239
service_25,javascript,1,3,4,2,5,0.1601936324984554,0.12001572460697646,0.03631865441511761,0.19676259766627913,1,2,1.2207604208867435,1,0.0484664158796334,364.1296797323566,49491.26680027092,79.46486692358481,0.20202718441778003,synthetic,config_change,0.34850676919911233,1,11,58,1,0.2660228820237626,0.45690923961930185,4,192
service_25,javascript,2,4,5,3,6,0.11616657378933189,0.08703102183896663,0.02633696222653347,0.1426850522351494,2,3,1.2207604208867435,1,0.05,451.0888229223787,61310.45758829917,98.4421629969596,0.14650273834289446,synthetic,deployment,0.40417298131643087,1,10,42,1,0.2613107349046506,0.5848638835482567,5,235
service_25,javascript,1,3,4,2,5,0.17052568074420638,0.12775640841286992,0.03866110763117394,0.20945324348247216,1,2,1.2207604208867435,1,0.04769269547564343,358.3166944353429,48701.18562245532,78.1962856220126,0.21505738158481075,synthetic,config_change,0.19186743228948813,1,26,3,0,0.2759004076536106,0.5389611007274138,4,207
service_25,javascript,1,3,4,2,5,0.12379930451007942,0.09274939961649331,0.02806743368764572,0.1520601809495568,1,2,1.2207604208867435,1,0.041657503682942014,312.9741120571154,42538.376143306145,68.30106840899684,0.15612870831986334,synthetic,scaling,0.3621643724849548,0,24,7,0,0.3223920199173344,0.5941659706899235,5,236
service_25,javascript,1,3,4,2,5,0.1430827762684736,0.10719641476888496,0.03243932872363319,0.1757456791558763,1,2,1.2207604208867435,1,0.04874579796269721,366.22868595311024,49776.55658209563,79.92293793313989,0.18044793652130708,synthetic,config_change,0.46191803952598876,1,16,8,1,0.2011995661949782,0.532103365643241,5,225
service_25,javascript,2,4,5,3,7,0.1358075065416069,0.10174584376700993,0.03078989982395838,0.16680961254789214,2,3,1.2207604208867435,1,0.05,377.251846914049,51274.78710398317,82.32854798800304,0.1712727762114055,synthetic,scaling,0.568734027529674,0,23,24,1,0.3891174933379779,0.7378223591873552,5,262
service_25,javascript,1,3,4,2,5,0.13085840221753303,0.09803801635623582,0.02966785266885603,0.160730727839815,1,2,1.2207604208867435,1,0.05,456.3161830775419,62020.94258993497,99.58294196174218,0.16503124465744598,synthetic,config_change,0.2532422234157349,1,13,21,0,0.2217709398449256,0.47613878605735543,3,175
service_25,javascript,2,4,5,3,6,0.13201732455022575,0.0989062712384807,0.02993060031393134,0.1621542086930648,2,3,1.2207604208867435,1,0.04486223017413793,337.0513211861556,45810.868464413026,73.55549375750678,0.16649281221279216,synthetic,scaling,0.4616143033000274,1,19,43,0,0.32958575923403033,0.6109962811196668,5,239
service_25,javascript,1,3,4,2,5,0.13781724910495463,0.10325152602323809,0.0312455430632256,0.16927813867616132,1,2,1.2207604208867435,1,0.04405718210038137,331.0029701384085,44988.79717479509,72.23554804072363,0.17380735030867261,synthetic,code_change,0.49459586046537274,0,23,29,0,0.3474292696568616,0.5132040319463549,4,202
service_25,javascript,1,3,4,2,5,0.1762569441626639,0.1320502228507582,0.03996048371879072,0.21649283838107894,1,2,1.2207604208867435,1,0.048346789094831796,363.23092000262125,49369.11043661947,79.26872849737306,0.22228532812381416,synthetic,scaling,0.7556238510027329,0,28,50,0,0.3846962115350265,0.5841586799155973,4,215
service_26,go,2,4,5,9,6,0.5841333880301821,0.1480968616383362,0.21619014967642064,0.3572680899388607,3,2,1.8077491684596818,1,0.010852871844748896,169.85665777176982,79886.20227202511,81.03291504895599,0.06777398084454565,synthetic,deployment,0.24577046596264632,1,27,14,1,0.38886957604759637,0.7884561736348985,5,271
service_26,go,1,3,4,8,5,0.6956081160317337,0.17635934022167635,0.25744740123169124,0.4254483445958852,2,1,1.8077491684596818,1,0.009522111951247402,149.02913570752952,70090.69786097873,71.09680275137644,0.08070781793560013,synthetic,config_change,0.6303406048810003,1,8,68,0,0.31263640457159947,0.7156092796038177,4,238
service_26,go,2,4,5,9,6,0.5839925721530307,0.14806116022166954,0.21613803314587812,0.3571819640291047,3,2,1.8077491684596818,1,0.0072383066798091065,113.28564440335904,53279.983381537815,54.04478175673444,0.06775764270542155,synthetic,scaling,0.3011750400713602,0,24,5,0,0.258580085233244,0.6638764046500671,4,229
service_26,go,1,3,4,8,5,0.5740495265131687,0.14554027392315474,0.212458071395412,0.35110059118392695,2,1,1.8077491684596818,1,0.007534008032767812,117.9136216089001,55456.59234112857,56.25263447599029,0.06660400246067383,synthetic,deployment,0.2794427371095643,1,2,30,1,0.2563172689186217,0.5697139094911211,5,232
service_26,go,1,3,4,8,5,0.4748867151317881,0.12039926767740673,0.17575751040339482,0.29045055997331104,2,1,1.8077491684596818,1,0.010148091764725914,158.8262512057192,74698.43217435724,75.77067799597435,0.05509865348256384,synthetic,config_change,0.32932293942852603,1,13,12,0,0.3160598712286246,0.6433373976781345,4,225
service_26,go,1,3,4,7,5,0.6556400849890601,0.16622614105077446,0.2426550699072901,0.40100306822264825,2,1,1.8077491684596818,1,0.010074709752089517,157.6777604112743,74158.27926474411,75.22277155414498,0.07607053366836286,synthetic,scaling,0.44299046225063266,1,10,10,1,0.3448944524389046,0.6661284557040599,4,229
service_26,go,2,4,5,10,7,0.671299296051671,0.17019626168011462,0.24845060779779943,0.41058056634367573,3,2,1.8077491684596818,1,0.007084596626248363,110.87995157502439,52148.548992036696,52.89710638651575,0.0778873910717326,synthetic,config_change,0.856831459396114,1,18,18,1,0.5087878262242597,0.8879910998520983,4,269
service_26,go,2,4,5,9,6,0.6387360819811556,0.16194042507237827,0.2363988294401372,0.39066422954177704,3,2,1.8077491684596818,1,0.006771022131185202,105.97224452238194,49840.378776971986,50.55580393832856,0.07410924948305506,synthetic,code_change,0.9490852965387568,0,8,20,1,0.6227196353320706,0.83756226720407,5,280
service_26,go,1,3,4,8,5,0.6749485420099051,0.171121464527333,0.24980120861275565,0.4128125208251888,2,1,1.8077491684596818,1,0.0074263406767861775,116.22853608501526,54664.070665660285,55.44873668417892,0.07831079423741094,synthetic,code_change,0.3418306621788414,1,21,24,0,0.4255972127204625,0.6600122700268464,4,228
service_26,go,1,3,4,8,5,0.6338642508177451,0.16070525700885427,0.2345957448536394,0.3876845166030495,2,1,1.8077491684596818,1,0.008916926343912137,139.55746718844682,65636.02627438893,66.57818734620356,0.07354399606883012,synthetic,deployment,0.4858526275763333,0,28,42,1,0.30955353359491344,0.702574297589032,4,236
service_26,go,2,4,5,9,6,0.5716411514960472,0.14492967232257406,0.21156672197745763,0.3496275790948132,3,2,1.8077491684596818,1,0.009887650363668801,154.75012218090606,72781.3659136951,73.82609353676476,0.06632457114306452,synthetic,deployment,0.4321505434076236,1,6,26,0,0.3244921634679921,0.7524321971247845,3,225
service_26,go,1,3,4,8,5,0.6295936846225028,0.15962252922117048,0.2330151908845093,0.3850725497838324,2,1,1.8077491684596818,1,0.010616466038854609,166.15670621595424,78146.05806889516,79.26779224458227,0.07304850432423433,synthetic,deployment,0.6860779408858118,1,4,12,0,0.34588659314454656,0.6951634652672851,4,235
service_26,go,2,4,5,10,6,0.6589468554178688,0.16706451518363555,0.24387891913179766,0.40302555757041647,3,2,1.8077491684596818,1,0.009011543057780147,141.03829908408414,66332.48432259038,67.28464258190117,0.07645420116673193,synthetic,code_change,0.5920115498999082,1,2,2,0,0.45104204155273353,0.7354446370100093,7,302
service_26,go,2,4,5,10,6,0.4431731943631649,0.11235885602901007,0.16402020700278752,0.27105391321006017,3,2,1.8077491684596818,1,0.010162036886064735,159.04450419319733,74801.07991588752,75.87479917688951,0.051419097420319526,synthetic,code_change,0.3220195867695976,1,12,62,0,0.16428712572178017,0.688607903943537,3,213
service_26,go,2,4,5,10,6,0.739195540126266,0.18741017355456896,0.27357928468862464,0.4521073167942079,3,2,1.8077491684596818,1,0.007877970270609618,123.29692263329909,57988.441726179946,58.82082685841206,0.08576504168993428,synthetic,config_change,0.4052177339362324,0,17,38,1,0.4519881879794165,0.7633780042956101,4,247
service_26,go,2,4,5,9,6,0.5554773659230267,0.14083162560137605,0.2055844390024116,0.33974147274275507,3,2,1.8077491684596818,1,0.007496029883517613,117.31923133208895,55177.041439181216,55.96907080860976,0.06444917056461882,synthetic,code_change,0.6039037913823545,1,5,15,0,0.3097229969406256,0.7642921469010491,4,247
service_26,go,1,3,4,7,5,0.6533319795523745,0.16564096105848503,0.24180083067006947,0.3995913830876436,2,1,1.8077491684596818,1,0.010054764917124669,157.36560681217162,74011.46861931527,75.07385354050844,0.07580273611243026,synthetic,config_change,0.3747933091299397,1,19,44,0,0.25449100349171905,0.729709744714363,4,241
service_26,go,1,3,4,8,5,0.7435250234905032,0.1885078387657994,0.27518164414233154,0.4547553185754092,2,1,1.8077491684596818,1,0.008271749387430935,129.4599001051054,60886.98495297643,61.760976726382154,0.08626736928943014,synthetic,deployment,0.36157867237587804,0,9,38,1,0.3841601342192258,0.6830034984264631,4,232
service_26,go,1,3,4,8,5,0.5839798122458263,0.14805792516911048,0.21613331065217223,0.3571741598053295,2,1,1.8077491684596818,1,0.006890291938682383,107.83891826223226,50718.30418721954,51.446331378169354,0.0677561622392743,synthetic,deployment,0.6063693362806495,0,5,47,0,0.24767754557026836,0.6329424483138566,4,223
service_26,go,2,4,5,10,6,0.5231750271715682,0.13264192939379987,0.19362921166448138,0.31998469269426505,3,2,1.8077491684596818,1,0.011108617767077368,173.8592985683154,81768.70588707179,82.94244073898679,0.0607012969921836,synthetic,config_change,0.7153295911521587,0,22,20,1,0.3476005523308568,0.8664766348905244,5,285
service_27,python,0,0,8,4,0,0.11288575792868265,0.06888856360351338,0.0868130224572419,0.25672196925454505,2,2,0.8563149873858165,4,0.05,1143.9020729438503,62833.02283417248,82.17222086588404,0.079522604199379,synthetic,scaling,0.6809603369308294,1,3,14,0,0.19590352733764319,0.21912632446455949,2,109
service_27,python,0,0,7,4,0,0.1202060823345854,0.07335579350644741,0.09244260318296481,0.2733696680568398,2,2,0.8563149873858165,4,0.04826102639551403,1045.619290714408,57434.480033969274,75.1120758764731,0.08467942177338536,synthetic,deployment,0.26126170716279035,1,14,20,0,0.0,0.13010067278943835,1,73
service_27,python,0,0,7,4,0,0.14163683174582248,0.08643391399725069,0.10892358505393411,0.32210694273527424,2,2,0.8563149873858165,4,0.05,1149.0240209607146,63114.364641579865,82.54015607088127,0.0997763572451085,synthetic,deployment,0.9550622397460655,0,1,1,0,0.22661615555311743,0.2500818114344994,2,115
service_27,python,0,0,7,4,0,0.11856432582749006,0.07235391116419507,0.09118003607853135,0.26963602644188733,2,2,0.8563149873858165,4,0.037497674081950226,812.4214154851323,44625.23021641009,58.36030335849855,0.08352288302747926,synthetic,scaling,0.3901046122728493,1,28,33,0,0.06672763964203565,0.20130037887198748,2,106
service_27,python,0,0,6,3,0,0.1321049191157603,0.08061706179616067,0.10159321707485884,0.3004297052692531,1,1,0.8563149873858165,4,0.04659772458411453,1009.5823352210372,55455.01789210796,72.52336069168939,0.09306158180087241,synthetic,code_change,0.6422733011127281,0,3,7,0,0.14985890902922627,0.11937217636248026,2,91
service_27,python,0,0,5,3,0,0.15372520650548163,0.09381084788841514,0.11821996015684867,0.349598022481111,1,1,0.8563149873858165,4,0.04012855043655509,869.4217586878402,47756.18342536298,62.454923782631674,0.10829203769111706,synthetic,config_change,0.6737489226407468,1,24,3,0,0.1891987695605455,0.287918431363216,1,101
service_27,python,0,0,5,3,0,0.15263706765301102,0.0931468108661786,0.1173831440307984,0.34712340429938143,1,1,0.8563149873858165,4,0.04440968527793442,962.1764618226225,52851.0761770179,69.11795913558444,0.10752549603992262,synthetic,config_change,0.7389145412016472,0,13,55,0,0.13297703900913604,0.190402789266213,2,104
service_27,python,0,0,6,3,0,0.11660706294488757,0.07115949097292398,0.08967483374211756,0.2651848681134117,1,1,0.8563149873858165,4,0.036170199447442535,783.660463026311,43045.42926550616,56.29425995001225,0.08214408516685219,synthetic,config_change,0.34683566514300973,1,5,4,0,0.03217270131151909,0.1994798464460009,1,85
service_27,python,0,0,7,4,0,0.10638237502863242,0.06491987247038436,0.08181169778963605,0.24193213840651195,2,2,0.8563149873858165,4,0.0488847479211874,1059.1327882089108,58176.75851805005,76.08281815157986,0.07494128274832021,synthetic,deployment,0.7370758931087837,0,27,1,0,0.14353036150971002,0.24750596969762964,0,74
service_27,python,0,0,7,4,0,0.09773339638976049,0.05964183097071375,0.07516033635498146,0.22226284735551455,2,2,0.8563149873858165,4,0.03807396804632599,824.907351472801,45311.066110561595,59.25723073887787,0.06884849196896947,synthetic,code_change,0.7635049095248441,1,8,70,0,0.22469388606169377,0.2182404855020421,2,109
service_27,python,0,0,6,3,0,0.13221183639601147,0.08068230809468445,0.10167544013312432,0.3006728538757475,1,1,0.8563149873858165,4,0.03431121104267832,743.3837784546677,40833.08443177226,53.40098376960526,0.09313689989870422,synthetic,scaling,0.926062680538317,1,17,48,0,0.18468803412951584,0.3093490785435428,1,105
service_27,python,0,0,6,3,0,0.1616856968858386,0.09866873924640936,0.12434185048952627,0.3677015707424266,1,1,0.8563149873858165,4,0.05,1143.9328250275782,62834.71200532164,82.17442994223416,0.11389982150163123,synthetic,config_change,0.493999544700612,0,15,20,0,0.12057872074522155,0.27289723607536376,0,79
service_27,python,0,0,7,4,0,0.1394924621936846,0.08512531191145689,0.10727449126653198,0.31723027109541946,2,2,0.8563149873858165,4,0.04562813296676062,988.5752457548574,54301.12634550809,71.0143161360467,0.0982657517065463,synthetic,deployment,0.578760128904859,1,28,19,0,0.23150256401710329,0.18862398457677637,2,103
service_27,python,0,0,8,4,0,0.12539142670912143,0.0765201512811192,0.09643031098503778,0.2851620486327391,2,2,0.8563149873858165,4,0.045855606982783244,993.5036784272226,54571.83861184962,71.36835016365713,0.08833224827603607,synthetic,deployment,0.7701433111030421,0,7,36,0,0.18878498929072435,0.18700146279093652,3,123
service_27,python,0,0,6,3,0,0.12859540376118475,0.07847537912372006,0.09889427930909318,0.2924484531654678,1,1,0.8563149873858165,4,0.04541271237535281,983.9079615544109,54044.758618168,70.67904171244508,0.09058929649584863,synthetic,code_change,0.5619147148868133,1,14,11,0,0.14166444867825861,0.21829041832227083,0,69
service_27,python,0,0,5,3,0,0.11845783598964314,0.07228892571251143,0.09109814173814598,0.2693938499142254,1,1,0.8563149873858165,4,0.035138628204693205,761.3105282709823,41817.77700921659,54.68875208487953,0.08344786604232772,synthetic,code_change,0.4540175548729857,1,13,24,0,0.08859588494442083,0.2318345710135523,1,91
service_27,python,0,0,7,4,0,0.11354470931553698,0.06929068886145438,0.08731977869110939,0.25822054002893036,2,2,0.8563149873858165,4,0.048374796479427815,1048.0842236702788,57569.87553010851,75.2891443686633,0.07998680385826382,synthetic,code_change,0.9204563849530853,1,29,85,0,0.18687757542921068,0.22982321435367656,2,111
service_27,python,0,0,6,3,0,0.13523913845865645,0.08252971997831035,0.10400353932625094,0.3075574685632934,1,1,0.8563149873858165,4,0.033130626466004114,717.8053334880435,39428.094394019776,51.56355582982175,0.09526948905908146,synthetic,code_change,0.3446746540533242,0,21,44,0,0.22768843150021037,0.11955410118920856,1,71
service_27,python,0,0,8,4,0,0.16334756266924447,0.09968289327984363,0.12561988231765894,0.3714809443709603,2,2,0.8563149873858165,4,0.037214622466741766,806.2888432786416,44288.376163430716,57.91976995118435,0.11507052626856709,synthetic,config_change,0.2177887001119183,1,8,55,0,0.26288209570195925,0.11748084140085921,4,131
service_27,python,0,0,6,3,0,0.159006429549431,0.09703371564643022,0.12228140194657144,0.3616084479306324,1,1,0.8563149873858165,4,0.04203337710088926,910.6915710903405,50023.07945290047,65.41954131418703,0.11201240611950598,synthetic,scaling,0.8666991842233449,1,8,34,0,0.2838705247901426,0.2324581119661609,1,91
service_28,go,0,2,5,4,3,0.04595109713697533,0.12137542092068263,0.313437118930312,0.019847377217689234,0,0,1.4600044502553706,1,0.004596130009730929,255.05087490895494,50687.36235426002,72.6624634696366,0.5808504040771703,synthetic,scaling,0.3227555157128236,0,3,30,0,0.2932766954812238,0.5231031576174621,3,184
service_28,go,0,2,5,4,3,0.047237364807764005,0.12477297374718556,0.3222108818657958,0.02040294697022337,0,0,1.4600044502553706,1,0.0047288410062420435,262.41534364646583,52150.935045700826,74.76055641208853,0.5971096262259231,synthetic,deployment,0.47923924709246946,1,14,23,1,0.4269488176115826,0.5726559111671631,3,193
service_28,go,1,3,7,5,4,0.040581987284265174,0.10719343161149383,0.27681387316890305,0.01752833033503705,1,1,1.4600044502553706,1,0.006055747247994843,336.0487258973341,66784.41524392327,95.73826507456391,0.5129815212475601,synthetic,scaling,0.682400134876685,0,1,2,0,0.355839688292822,0.5785154965038283,5,234
service_28,go,1,3,7,5,4,0.03547860253528113,0.09371332970703464,0.24200316543441208,0.015324056476283307,1,1,1.4600044502553706,1,0.004367037575748414,242.33795651923273,48160.86915469734,69.04062932217325,0.4484715687480066,synthetic,deployment,0.8063946850490148,0,4,33,0,0.3958084318940264,0.646502816761699,6,266
service_28,go,1,3,7,5,4,0.04037375612233368,0.10664340894603064,0.27539350718128014,0.01743839031887133,1,1,1.4600044502553706,1,0.004306366183932508,238.97114758827806,47491.76866907158,68.08144566502222,0.5103493500463193,synthetic,config_change,0.12885642667612454,0,9,63,0,0.25344511970334904,0.5391813203809784,5,227
service_28,go,1,3,7,5,4,0.05097374474768946,0.13464226340911023,0.34769711041238,0.022016778776572894,1,1,1.4600044502553706,1,0.00635946042930161,352.9025382241547,70133.84618692708,100.0,0.6443397890101145,synthetic,config_change,0.5829609517619445,1,20,15,0,0.3594368713389521,0.6474095735115245,5,246
service_28,go,1,3,7,5,4,0.034685476338322425,0.09161836284014735,0.2365931707746142,0.01498148631380499,1,1,1.4600044502553706,1,0.005900491736251129,327.433205008927,65072.21555318598,93.28375488302176,0.43844596107612904,synthetic,scaling,0.8109772836128499,1,3,29,0,0.3740006948921237,0.6326661088237526,3,203
service_28,go,0,2,5,4,3,0.03720921003470474,0.09828456362262286,0.2538078156476939,0.01607154722181294,0,0,1.4600044502553706,1,0.004982813308693451,276.50890884277874,54951.8101504183,78.77572854823428,0.47034752227187393,synthetic,scaling,0.93994877114116,1,21,0,1,0.3205927898580484,0.55119319589543,2,169
service_28,go,0,2,5,4,3,0.03268668236188506,0.08633874003809253,0.22295919325624783,0.014118159418420031,0,0,1.4600044502553706,1,0.005603780355939983,310.96794032242354,61800.00236151776,88.59289979684323,0.4131799639353025,synthetic,deployment,0.5466732431378288,1,23,39,0,0.35109943902343,0.4497693327885912,3,170
service_28,go,0,2,5,4,3,0.03432754535526965,0.090672922438603,0.23415168704312603,0.014826887366637946,0,0,1.4600044502553706,1,0.004485982257049458,248.9384976195429,49472.62320613918,70.92108386581019,0.4339214911702592,synthetic,scaling,0.36633371408225957,1,3,50,0,0.25920646285201016,0.4318267628557153,3,167
service_28,go,1,3,6,5,4,0.047434126776370926,0.1252927016372435,0.3235530153163066,0.020487933167645283,1,1,1.4600044502553706,1,0.004115462776418949,228.37743483290623,45386.43436155289,65.06336048350771,0.5995968197010139,synthetic,scaling,0.4728774811007558,1,12,79,0,0.38099145959896163,0.6302841575504664,3,203
service_28,go,0,2,4,4,3,0.03073380166181225,0.08118039275701133,0.20963839487746677,0.013274663564557131,0,0,1.4600044502553706,1,0.006017922571106746,333.9497389424324,66367.27449740379,95.14027628903933,0.38849433912050263,synthetic,config_change,0.5063463452074998,1,4,7,0,0.2787391521699398,0.4630182432425038,3,173
service_28,go,1,3,6,5,4,0.04228530785377618,0.11169258971583641,0.2884323964509657,0.018264035203300822,1,1,1.4600044502553706,1,0.005424412800309195,301.0143811548074,59821.88854236845,85.75719053033725,0.534512551031772,synthetic,code_change,0.6210434585848214,1,20,44,1,0.3654095525647957,0.6269100685002997,4,222
service_28,go,0,2,4,4,3,0.04726928180350579,0.12485727943375349,0.3224285909481359,0.020416732683592828,0,0,1.4600044502553706,1,0.005812015286482961,322.5234231110188,64096.47338320324,91.88498748836768,0.5975130768729944,synthetic,scaling,0.14850846135440993,0,20,10,1,0.25366794164201434,0.4322297632502651,2,147
service_28,go,0,2,5,4,3,0.03987126939675682,0.10531613839921118,0.27196599399054927,0.01722135429120747,0,0,1.4600044502553706,1,0.00580030192454736,321.87341904162236,63967.29526605699,91.69980523026136,0.503997605783833,synthetic,code_change,0.4182320313615867,1,13,11,0,0.34158089825438426,0.48637740006988867,4,197
service_28,go,1,3,6,5,4,0.031919870619122284,0.08431328028100957,0.21772869217164814,0.013786955097700558,1,1,1.4600044502553706,1,0.00481526716297646,267.2113496000532,53104.06603068354,76.12690972307837,0.4034869873061009,synthetic,config_change,0.15996519856933725,1,28,1,1,0.1943915386447606,0.5300861958714307,4,205
service_28,go,1,3,7,5,4,0.04276406638685595,0.11295718451536226,0.2916980572212518,0.01847082245745271,1,1,1.4600044502553706,1,0.004949208470246563,274.6440913922483,54581.2069212652,78.24445324904121,0.5405643562055599,synthetic,scaling,0.6986195741653529,1,28,28,1,0.29537299603831413,0.6779203645315925,5,252
service_28,go,1,3,7,5,4,0.03922166894908803,0.10360028104914545,0.2675350031011215,0.01694077633052831,1,1,1.4600044502553706,1,0.0064233772261913635,356.44944288820795,70838.73787572078,100.0,0.49578625271445204,synthetic,deployment,0.8718903894176446,1,28,15,0,0.25088987945597274,0.5888201770617886,5,235
service_28,go,1,3,6,5,4,0.039021069539985465,0.10307041692764937,0.26616669407770893,0.01685413265083039,1,1,1.4600044502553706,1,0.006315503316244477,350.46324688122985,69649.07527904223,99.84487558824485,0.4932505516083927,synthetic,deployment,0.9454015141686881,1,2,43,0,0.3759986527624005,0.6521079645409728,3,207
service_28,go,1,3,6,5,4,0.03789783161934411,0.1001034915677277,0.25850497369115033,0.01636897934426781,1,1,1.4600044502553706,1,0.006583412584708673,365.3302095592529,72603.65100687384,100.0,0.47905212674522796,synthetic,config_change,0.25933896507555765,0,27,0,1,0.3709410188164084,0.5762728593270908,5,233
service_29,python,2,1,1,2,4,0.1141749568702802,0.44488242043019455,0.32090715394129166,0.39879658779320576,1,2,1.488328205348986,2,0.03951294362994978,2000.0,6863.604117218874,100.0,0.5753048887728174,synthetic,deployment,0.9425332940617209,1,7,11,0,0.37399103231064057,0.5072101968100456,1,141
service_29,python,2,1,1,2,4,0.08142834196557919,0.317285321214727,0.2288675046316935,0.2844174047941691,1,2,1.488328205348986,2,0.02534867546724805,1524.5975294641312,4403.196960784618,75.4018677779277,0.410301212293749,synthetic,code_change,0.9866865933199843,1,14,70,0,0.3102857961307382,0.31803290166673825,0,87
service_29,python,3,2,2,3,5,0.0898649769132433,0.3501586471934449,0.25258002955055564,0.3138853487445043,2,3,1.488328205348986,2,0.03018876985966023,1815.7052823161155,5243.946567055611,89.79915484252766,0.4528117370465389,synthetic,deployment,0.7549876364616497,0,18,36,0,0.25312686920085403,0.5504262319826855,2,169
service_29,python,2,1,1,2,4,0.08967187823474618,0.3494062386983905,0.25203729453190576,0.3132108830280029,1,2,1.488328205348986,2,0.035444989177827284,2000.0,6156.979240375136,100.0,0.45183875122898187,synthetic,code_change,0.15115651364114963,1,18,24,0,0.2595341536810551,0.3062174158213904,1,105
service_29,python,3,2,2,3,5,0.08402659065812872,0.3274093904406459,0.23617030216289875,0.29349271115933073,2,3,1.488328205348986,2,0.037509954469147934,2000.0,6515.6744671382385,100.0,0.4233932704477067,synthetic,deployment,0.685225647681571,1,11,20,0,0.15316349249934358,0.4518756592488788,4,191
service_29,python,2,1,1,2,4,0.08356200801941394,0.32559914540559765,0.23486451763319774,0.2918699912902274,1,2,1.488328205348986,2,0.028436782775453907,1710.3319193691952,4939.61728505906,84.5877149531872,0.42105233097535594,synthetic,scaling,0.30034327288711393,0,15,11,0,0.211170370586318,0.27413790076193,1,99
service_29,python,2,1,1,2,4,0.06735227411140543,0.2624379596850067,0.18930444283960962,0.23525173848988584,1,2,1.488328205348986,2,0.03510539826096742,2000.0,6097.990529309763,100.0,0.3393747072773763,synthetic,scaling,0.9623105159316517,0,29,34,0,0.22001821270760533,0.41428290640437004,0,104
service_29,python,2,1,1,2,4,0.095089291901887,0.3705151768646424,0.267263810479882,0.3321331243350404,1,2,1.488328205348986,2,0.03867463180921582,2000.0,6717.984987492948,100.0,0.4791360207234805,synthetic,config_change,0.610446779122053,1,1,19,0,0.2879384442496214,0.4677587115537353,1,134
service_29,python,3,2,2,3,5,0.08946756995853707,0.3486101520352083,0.25146305312869327,0.31249726381023807,2,3,1.488328205348986,2,0.03918258255888295,2000.0,6806.218678442694,100.0,0.4508092824790756,synthetic,scaling,0.5322286009775392,0,14,20,1,0.38705179362701436,0.4101537268046158,1,123
service_29,python,2,1,1,2,4,0.10492002720795143,0.4088206112388326,0.2948946795837222,0.3664704589224396,1,2,1.488328205348986,2,0.03868585422743273,2000.0,6719.934379990761,100.0,0.5286711397797206,synthetic,code_change,0.45249988859092805,1,4,16,0,0.13351335126752695,0.4538576392987103,0,111
service_29,python,2,1,1,2,4,0.08914181594832794,0.34734085238755147,0.2505474688782876,0.3113594522332304,1,2,1.488328205348986,2,0.028954139273452088,1741.4483554022875,5029.484803485066,86.12663742298304,0.4491678728412022,synthetic,code_change,0.8743331235524325,1,20,19,1,0.2662640880320215,0.3277925003408398,1,109
service_29,python,2,1,1,2,4,0.0697397059773844,0.27174058169830545,0.19601470563577178,0.2435906922135374,1,2,1.488328205348986,2,0.026530214519026662,1595.661263016385,4608.436448290066,78.91645975224127,0.3514045013912485,synthetic,scaling,0.25350434020586665,0,19,10,0,0.21563539596723263,0.2525570672071335,1,95
service_29,python,3,2,2,3,5,0.07104387329655712,0.27682226624195466,0.19968027849107364,0.24814595977005072,2,3,1.488328205348986,2,0.030001237510761107,1804.4261385125026,5211.371221263349,89.24132335369717,0.35797594100519337,synthetic,config_change,0.48466398450484083,1,21,31,0,0.29815058029452535,0.4336273454927026,2,148
service_29,python,3,2,2,3,5,0.11373017692263847,0.44314933652905075,0.3196570280727088,0.3972430358558935,2,3,1.488328205348986,2,0.036561428949206935,2000.0,6350.910643796573,100.0,0.5730637311203811,synthetic,deployment,0.3835508469468395,1,3,34,0,0.3187829099363668,0.46424944462091033,2,153
service_29,python,2,1,1,2,4,0.08911259870357675,0.3472270074698961,0.25046534909373835,0.31125740062900054,1,2,1.488328205348986,2,0.030419478017296372,1829.5812375948735,5284.021775712735,90.48541657718303,0.4490206529586414,synthetic,code_change,0.6829024205087433,1,29,2,1,0.2262281181830861,0.31794457076270966,2,127
service_29,python,3,2,2,3,5,0.06879715707873472,0.2680679423831753,0.19336551974766306,0.24029850542482858,2,3,1.488328205348986,2,0.037389741452424775,2000.0,6494.792839987104,100.0,0.3466551850423343,synthetic,code_change,0.9857484635348934,0,21,8,0,0.23906402738054622,0.5307599071088867,4,205
service_29,python,3,2,2,3,5,0.06636879898553286,0.258605851432685,0.18654022718087815,0.23181660231704648,2,3,1.488328205348986,2,0.036250876077884096,2000.0,6296.965992489705,100.0,0.334419171813117,synthetic,code_change,0.5630316779179275,1,27,2,0,0.25501218734920483,0.4996628010245374,2,159
service_29,python,2,1,1,2,4,0.06409841241317936,0.2497592960994659,0.18015893908362696,0.22388647085174815,1,2,1.488328205348986,2,0.03463472233244008,2000.0,6016.231668943121,100.0,0.3229791456437782,synthetic,deployment,0.8471646699559244,1,13,15,0,0.28694741360407605,0.3833412409297173,1,119
service_29,python,2,1,1,2,4,0.09476431359365542,0.36924889973770963,0.2663504064651493,0.33099802217269136,1,2,1.488328205348986,2,0.027313568551918327,1642.7761359329402,4744.509124012456,81.24661531747861,0.47749851969352025,synthetic,code_change,0.6918114752061512,1,17,13,0,0.257389127958574,0.4271370731218571,1,126
service_29,python,3,2,2,3,5,0.07673078493753971,0.29898130255748795,0.21566426201468264,0.2680095184669199,2,3,1.488328205348986,2,0.031040700234942153,1866.9446832508295,5391.931310640665,92.3332967781095,0.38663115716431556,synthetic,config_change,0.33272579939749647,1,27,8,0,0.2148015557793316,0.4272864218993236,3,166
service_30,python,0,6,5,4,6,0.07808143081475383,0.38901938618561605,0.1644693856203419,0.22913227098878128,3,0,1.9319900450499612,2,0.02699646847299976,517.9409570481248,19262.382435267195,89.18060566844164,0.20325315913814002,synthetic,code_change,0.48048289937941435,1,8,16,1,0.39347067987299006,0.7126368966911383,6,278
service_30,python,0,5,4,4,5,0.07378273652540177,0.36760231689790307,0.15541468975524242,0.21651762529738053,3,0,1.9319900450499612,2,0.029585010859609698,567.6034572533382,21109.34599091331,97.73164181849171,0.19206326180451186,synthetic,config_change,0.47534385548881086,1,25,4,0,0.236949256347154,0.7099553292213557,6,277
service_30,python,0,6,5,4,6,0.09294315294518526,0.4630638543839266,0.19577386201821087,0.27274443468784276,3,0,1.9319900450499612,2,0.029711629111509742,570.0326927155417,21199.689999938895,98.14991476424454,0.24193959126064957,synthetic,config_change,0.5428735348495736,1,6,10,0,0.38405348274584084,0.7431061538469538,8,323
service_30,python,0,6,5,4,6,0.10717732168964868,0.5339817093726613,0.22575647073567062,0.3145150243917414,3,0,1.9319900450499612,2,0.02569698068052305,493.0096238413057,18335.178536220832,84.887854988562,0.27899244409426965,synthetic,code_change,0.9618971273280759,1,1,14,1,0.5207792609066982,0.9989529797107796,8,369
service_30,python,0,6,5,4,6,0.11633013961207572,0.5795831228316278,0.24503580930168456,0.3413742396318936,3,0,1.9319900450499612,2,0.024519493155142492,470.41892771311444,17495.023645246074,80.99812212274304,0.3028180725226612,synthetic,code_change,0.21809393463851784,1,19,1,1,0.32833702162517076,0.8766239990009295,7,327
service_30,python,0,6,5,4,6,0.09749352182267848,0.4857348235140934,0.20535868091584075,0.28609762691110413,3,0,1.9319900450499612,2,0.021370930430861527,410.0121529391794,15248.47723577092,70.59710500388228,0.2537846207374866,synthetic,code_change,0.5875181416303555,1,16,1,0,0.4772518487172308,0.8346094522995937,9,360
service_30,python,0,6,5,4,6,0.07517729494484707,0.37455032303293007,0.15835216367272223,0.22060999827697056,3,0,1.9319900450499612,2,0.021771436523356075,417.6960657093885,15534.244299303704,71.92014382795244,0.19569342587037564,synthetic,scaling,0.4594614928670202,1,12,51,0,0.3254266645803201,0.7701441373337937,7,308
service_30,python,0,5,4,4,5,0.08211234284668398,0.4091023035715688,0.17296002953482212,0.240961101715813,3,0,1.9319900450499612,2,0.02072895246501757,397.6954796540947,14790.416393277063,68.47638377410297,0.21374599458119822,synthetic,deployment,0.7280173297562714,0,13,24,0,0.2982134146932678,0.6599600675966129,6,268
service_30,python,0,7,6,5,7,0.11273407226207288,0.5616667002125395,0.23746111476121795,0.3308214735012419,4,1,1.9319900450499612,2,0.022320960067497057,428.2389539637362,15926.337534573111,73.73544950560338,0.2934571778549435,synthetic,code_change,0.8622303395958163,1,9,66,0,0.3707428795321532,0.9950625909241064,7,349
service_30,python,0,6,5,4,6,0.0804214633817876,0.4006779588242443,0.16939839005347937,0.23599916585324943,3,0,1.9319900450499612,2,0.021486204454762934,412.22374362638334,15330.726969118889,70.97790322864444,0.2093444795298493,synthetic,deployment,0.7093737747559973,1,29,39,1,0.42983515686086465,0.8293340829620366,7,319
service_30,python,0,7,6,5,7,0.09389605959150049,0.46781145128082796,0.19778104822160958,0.2755407674603366,4,1,1.9319900450499612,2,0.02478904365757106,475.59039098581195,17687.351944356393,81.88855996237582,0.2444200950655402,synthetic,deployment,0.11512655183902826,1,21,85,1,0.37420851279024886,0.8532241231356977,7,323
service_30,python,0,6,5,4,6,0.11665997686566947,0.5812264467896455,0.24573057283108204,0.34234215682019337,3,0,1.9319900450499612,2,0.02235929073227961,428.9743472327344,15953.687034926388,73.8620716934055,0.30367666928625564,synthetic,code_change,0.5385246043109059,1,8,35,1,0.45824752631913607,0.771639051218423,8,328
service_30,python,0,6,5,4,6,0.06603420684955731,0.3289973857781154,0.1390933198475803,0.19377933550268675,3,0,1.9319900450499612,2,0.021242151264658587,407.54145923871556,15156.591382198008,70.17169365606317,0.17189312507856666,synthetic,deployment,0.739836673073095,1,15,41,1,0.4611449061413661,0.8584457323994354,7,324
service_30,python,0,5,4,4,5,0.1085837503960772,0.5409888559679472,0.22871894802190146,0.3186422310800042,3,0,1.9319900450499612,2,0.027163123977053345,521.138327524681,19381.293620159136,89.73113837253746,0.2826535076109253,synthetic,config_change,0.5615943422586164,1,8,3,1,0.3307376969974519,0.8405538054876984,6,301
service_30,python,0,6,5,4,6,0.10036769991050945,0.500054630206274,0.2114128003055137,0.2945319876242593,3,0,1.9319900450499612,2,0.025020985787771653,480.04031853896674,17852.84610961148,82.65476164805204,0.2612663711380809,synthetic,scaling,0.3015155817221325,1,18,145,0,0.42632709102940114,0.7565158667422587,8,326
service_30,python,0,6,5,4,6,0.08251242036823517,0.4110955804651461,0.17380274595898887,0.2421351410504926,3,0,1.9319900450499612,2,0.028099424851413063,539.1017352732124,20049.35824255335,92.82413104107123,0.21478743323449795,synthetic,deployment,0.3975696593735878,0,17,19,0,0.28614225742916855,0.8201513074904834,7,317
service_30,python,0,8,6,5,8,0.08852720347466544,0.4410625932066825,0.1864721818521549,0.2597857001949712,4,1,1.9319900450499612,2,0.030025584001859527,576.0560767200213,21423.701491345197,99.18703883482308,0.23044446788609235,synthetic,code_change,0.5451308002088324,0,12,23,0,0.3143703131560949,1.0,10,410
service_30,python,0,5,4,4,5,0.09754271521713564,0.48597991615540936,0.20546230103753327,0.2862419863839263,3,0,1.9319900450499612,2,0.02245451676643575,430.8013070558704,16021.632228926259,74.17664303854058,0.2539126756761297,synthetic,scaling,0.9624260550092529,0,7,1,0,0.3836022718536499,0.8449952538407219,6,302
service_30,python,0,7,6,5,7,0.10091411217950297,0.5027769799797106,0.21256375372989436,0.29613545060878954,4,1,1.9319900450499612,2,0.028707905513865508,550.775745782072,20483.518260051424,94.83419669352187,0.262688732622827,synthetic,config_change,0.27279275520771107,0,8,17,0,0.3451231565893556,0.844653495085834,8,342
service_30,python,0,5,4,4,5,0.10360235687801042,0.5161704243827876,0.21822622621979548,0.3040241842848401,3,0,1.9319900450499612,2,0.0242004174592816,464.29729845444774,17267.358382820414,79.94408189376222,0.26968648127838507,synthetic,scaling,0.16751988000362636,1,24,4,0,0.33465747500491405,0.580489572116248,6,254
service_31,javascript,3,2,4,6,5,0.3169949038384669,0.47890326898659497,0.23019915707062313,0.4703697631141575,2,3,1.5013248489372057,2,0.030453798206015553,429.23392410260243,75715.69585496264,95.36309797319359,0.12089662694853875,synthetic,scaling,0.7121285586205093,0,17,7,0,0.28515123437209633,0.494195889151261,3,178
service_31,javascript,2,1,3,4,4,0.2501196265847439,0.3778707649829568,0.1816348670260236,0.3711375422199801,1,2,1.5013248489372057,2,0.03221542100253706,454.0632823529032,80095.52706584404,100.0,0.09539149942654122,synthetic,code_change,0.7766886199322718,0,11,14,0,0.21704440861361965,0.3608321458925095,0,94
service_31,javascript,2,1,3,5,4,0.3024909108560686,0.4569912143493738,0.219666473679575,0.4488481561080823,1,2,1.5013248489372057,2,0.03573386275986526,503.6542907390467,88843.24596051511,100.0,0.11536504329333033,synthetic,code_change,0.4572207315880258,1,21,1,0,0.25315061869179245,0.4321742596207779,2,147
service_31,javascript,3,2,4,6,5,0.3158792019672988,0.47721771105854344,0.229388943318998,0.46871423989125177,2,3,1.5013248489372057,2,0.03617000103944286,509.80148275522924,89927.5938997709,100.0,0.12047111666029409,synthetic,code_change,0.7757302432369951,0,17,67,0,0.20994318983667748,0.5293323194828692,4,205
service_31,javascript,2,1,3,5,4,0.35679126689830426,0.5390260284769031,0.2590989567832372,0.5294212041265957,1,2,1.5013248489372057,2,0.0287342676208509,404.997838485575,71440.51632172742,89.97855570520913,0.1360743033101924,synthetic,config_change,0.3471833735816395,1,25,37,0,0.17170028891013459,0.43675248312478476,0,108
service_31,javascript,2,1,3,4,4,0.26831024652539304,0.40535242872260097,0.19484474934975748,0.3981295142951617,1,2,1.5013248489372057,2,0.029175382969703668,411.21518027293087,72537.23848967346,91.35986538440103,0.10232910178638217,synthetic,deployment,0.29352031242056614,0,6,0,0,0.21809577034580996,0.23664735054651262,1,92
service_31,javascript,2,1,3,5,4,0.2789149377576574,0.4213735736565677,0.2025457910797705,0.4138651808387501,1,2,1.5013248489372057,2,0.03650080559198759,514.4640386452768,90750.05606749373,100.0,0.10637355607976988,synthetic,code_change,0.22875461398423694,1,4,14,0,0.20650531468806133,0.26070551382443036,1,96
service_31,javascript,2,1,3,5,4,0.33950834633192617,0.5129156807815604,0.24654823846592908,0.5037761128197947,1,2,1.5013248489372057,2,0.027160865654295367,382.821376432248,67528.64877892002,85.0516009499165,0.12948288251763804,synthetic,code_change,0.6959672971406502,0,17,10,0,0.21361002733022283,0.35877733822420055,1,114
service_31,javascript,3,2,4,6,5,0.3488547485583389,0.5270358528262615,0.2533355208105676,0.517644679626306,2,3,1.5013248489372057,2,0.03262536453493192,459.8412700403494,81114.74836646944,100.0,0.13304744614183248,synthetic,config_change,0.24898671534077854,1,16,118,0,0.12649638770341226,0.44470547271773586,3,170
service_31,javascript,2,1,3,5,4,0.3310940714667335,0.5002037296104276,0.24043785953594188,0.4912906740092865,1,2,1.5013248489372057,2,0.024465934434952093,344.83741480486617,60828.381338600106,76.61268675725314,0.12627381689197095,synthetic,deployment,0.2756571535360056,0,23,7,1,0.2813015513012973,0.3753570287972918,1,117
service_31,javascript,3,2,4,6,5,0.2746952624396318,0.4149986563333092,0.19948149670292403,0.4076038572158008,2,3,1.5013248489372057,2,0.02253638647890853,317.6412195942099,56031.04653034291,70.57049558190705,0.10476424152426758,synthetic,config_change,0.7503824818549616,1,22,10,1,0.2387269900465376,0.5337739250105914,3,186
service_31,javascript,2,1,3,5,4,0.3591262606145815,0.542553643937744,0.260794610494838,0.5328859615340461,1,2,1.5013248489372057,2,0.02565125763380421,361.5440641538674,63775.38880896519,80.32441071291086,0.1369648313938483,synthetic,scaling,0.5252159025234014,1,13,6,0,0.12764807188388042,0.3597662012183431,1,114
service_31,javascript,3,2,4,7,5,0.2834106205369313,0.4281654720538306,0.20581051986157176,0.4205360554121818,2,3,1.5013248489372057,2,0.03594508401700258,506.6313686208142,89368.39439537779,100.0,0.10808813532777509,synthetic,code_change,0.42467297054968833,1,19,7,0,0.14054349634364818,0.38710103745329216,2,139
service_31,javascript,3,2,4,6,5,0.24096504964372112,0.3640403949354964,0.17498688666531886,0.35755361347217446,2,3,1.5013248489372057,2,0.022583858883005823,318.31032386026624,56149.07470160151,70.71915078387325,0.09190009480170691,synthetic,deployment,0.18725625336404322,1,25,2,0,0.19274333871026245,0.4253614924429303,3,166
service_31,javascript,3,2,4,6,5,0.30751614551974654,0.464583138631811,0.22331575879316223,0.45630480102484644,2,3,1.5013248489372057,2,0.03357347692170322,473.20452928016863,83471.99092214245,100.0,0.1172815848941793,synthetic,code_change,0.330535796656374,0,28,30,0,0.27065987304682354,0.4856903087642499,3,177
service_31,javascript,2,1,3,5,4,0.33676528220596186,0.5087715688067079,0.24455624729527786,0.49970584415770203,1,2,1.5013248489372057,2,0.03205152043189966,451.75317033924154,79688.02959466213,100.0,0.12843672311154986,synthetic,deployment,0.12306902489598033,1,25,22,0,0.080735256809114,0.23140055293387335,1,91
service_31,javascript,3,2,4,6,5,0.3621996547786482,0.5471968053710453,0.2630264846901229,0.5374463871667721,2,3,1.5013248489372057,2,0.03085851610230335,434.93825857027633,76721.92492810117,96.63043258065723,0.13813697322710727,synthetic,config_change,0.45838896770619564,1,2,15,0,0.19920653573469357,0.4836264106334239,3,177
service_31,javascript,3,2,4,6,5,0.3643551326145053,0.550453215393164,0.26459177540896545,0.5406447717047349,2,3,1.5013248489372057,2,0.03289595989619827,463.65520181905845,81787.5155508714,100.0,0.13895903691539377,synthetic,deployment,0.4374680941670763,1,24,9,0,0.21664845633936333,0.48741776086202704,3,177
service_31,javascript,3,2,4,6,5,0.3593347865716941,0.5428686766443286,0.26094604037264796,0.5331953807198515,2,3,1.5013248489372057,2,0.027357303648908725,385.59009022946765,68017.04235642674,85.66672736532274,0.13704435975389717,synthetic,deployment,0.7056260418582788,1,24,6,1,0.3101300424731218,0.5861887440818551,3,195
service_31,javascript,3,2,4,6,5,0.26688881427848477,0.40320498552574063,0.1938125166510324,0.3960203360681144,2,3,1.5013248489372057,2,0.036614545318385074,516.0671539203463,91032.84123840347,100.0,0.10178699097637793,synthetic,deployment,0.43708253720593704,0,12,27,0,0.2526279667330599,0.4199080973588018,3,165
service_32,go,2,1,5,6,3,0.5302992094053939,0.46773749615481,0.2504100223541922,0.02615219016029137,2,2,0.7854872942286018,1,0.022123041276777326,2000.0,53220.889334880376,78.53010858479959,0.31960445821456657,synthetic,config_change,0.7216012138948499,1,14,22,1,0.3728735083424407,0.6056659949378603,3,199
service_32,go,1,0,4,5,2,0.6239235304797606,0.5503165472675211,0.2946199097485478,0.030769359118756178,1,1,0.7854872942286018,1,0.015594458403056469,1653.2453622159364,37515.228332447565,55.3556130186617,0.3760306226929767,synthetic,code_change,0.47306874645116304,1,7,0,1,0.372638148013474,0.5801701948966429,1,154
service_32,go,1,0,4,5,2,0.801244536512217,0.7067182199576812,0.37835180354911135,0.03951410658759486,1,1,0.7854872942286018,1,0.019675733370336554,2000.0,47333.457239647425,69.84290535497185,0.48289969407366035,synthetic,config_change,0.10906629579390831,1,13,3,1,0.20708132444708782,0.5754868162182474,2,173
service_32,go,1,0,4,5,2,0.4975720085478712,0.4388712660836446,0.2349560692783213,0.024538218340119013,1,1,0.7854872942286018,1,0.016368626372413615,1735.3187226261305,39377.62633226577,58.10367527357002,0.29988019856372533,synthetic,deployment,0.37993753455128554,1,10,34,0,0.256147863873937,0.44583261612460734,1,130
service_32,go,2,1,5,6,3,0.8591676767847242,0.7578079144546136,0.4057034091959064,0.04237063918696711,2,2,0.7854872942286018,1,0.01704725007968929,1807.2629651093064,41010.17570796382,60.51258428177764,0.51780921974623,synthetic,code_change,0.769753897464537,1,27,14,1,0.4836389875046957,0.7019662760800144,1,176
service_32,go,2,1,5,7,3,0.49744670295442467,0.4387607433381957,0.23489689933067753,0.024532038780259523,2,2,0.7854872942286018,1,0.02248297218869195,2000.0,54086.76681490473,79.80775451250265,0.29980467850713377,synthetic,code_change,0.7629910616969114,1,17,35,0,0.33605371341339635,0.4730190084499472,2,155
service_32,go,1,0,4,5,2,0.5123848891731375,0.45193660650206785,0.2419507879252943,0.025268729085869565,1,1,0.7854872942286018,1,0.014492194936067885,1536.3889817223524,34863.53857331574,51.4429109326906,0.3088077296685589,synthetic,deployment,0.3283562795114057,1,3,35,1,0.3201924361223039,0.39614699344830095,1,121
service_32,go,2,1,5,6,3,0.7464974554340568,0.6584298910838826,0.35249994943833385,0.03681420425004034,2,2,0.7854872942286018,1,0.022705654304135514,2000.0,54622.468035844875,80.59820870399,0.4499043381001268,synthetic,deployment,0.6321186151755527,1,2,89,0,0.5045485230881602,0.6039373060008753,3,198
service_32,go,2,1,5,6,3,0.7837810501907959,0.6913149773707762,0.3701054552186424,0.03865287879950982,2,2,0.7854872942286018,1,0.023107021136428006,2000.0,55588.026952310545,82.02293962267035,0.4723746772806813,synthetic,code_change,0.5196726909837078,1,16,6,0,0.36756031166893643,0.7199772423773187,2,199
service_32,go,1,0,4,5,2,0.5775431869758777,0.5094078954035465,0.272718872282124,0.028482070091165098,1,1,0.7854872942286018,1,0.01423539903634854,1509.1647832747894,34245.77060960631,50.53136311985621,0.3480777909812626,synthetic,config_change,0.7554839594443612,1,28,28,0,0.3311957088865755,0.5060914214569289,2,161
service_32,go,2,1,5,6,3,0.8895250352767498,0.7845838828119022,0.4200383104814014,0.04386774006505021,2,2,0.7854872942286018,1,0.020779102636899333,2000.0,49987.807195269794,73.7595326951405,0.5361052061282352,synthetic,config_change,0.5150276000926299,1,15,44,1,0.48342077624945057,0.8012859083070005,1,194
service_32,go,1,0,4,5,2,0.6037536367190067,0.5325261839442534,0.28509558186358774,0.02977466237437377,1,1,0.7854872942286018,1,0.017584702658361883,1864.2409607623845,42303.1129607775,62.42037846044887,0.36387448922470467,synthetic,deployment,0.7794808598342469,0,25,50,1,0.45667705536693864,0.6644485375740783,1,169
service_32,go,1,0,4,5,2,0.8841140465208015,0.7798112520262239,0.4174832136769869,0.0436008922093662,1,1,0.7854872942286018,1,0.017546975703168023,1860.2413403784824,42212.35409619851,62.28645917462909,0.5328440733581354,synthetic,config_change,0.49934374220821554,1,1,23,0,0.3975977819813749,0.4677608700884486,0,114
service_32,go,1,0,4,5,2,0.8236376687544625,0.7264695366111527,0.3889259561141294,0.04061844436954329,1,1,0.7854872942286018,1,0.015076648068983381,1598.3497376813884,36269.54397371117,53.51754287033287,0.496395744550588,synthetic,code_change,0.6820054778439146,1,24,1,0,0.23272887356971184,0.6718528230495804,0,150
service_32,go,2,1,5,6,3,0.8074331364323135,0.7121767237230847,0.38127409235672644,0.03981930304850945,2,2,0.7854872942286018,1,0.023380153444076155,2000.0,56245.09503518672,82.99247674504336,0.4866294830107151,synthetic,config_change,0.16475172331549634,0,11,104,1,0.3023489538474072,0.604786581854503,2,178
service_32,go,1,0,4,5,2,0.862473345642952,0.7607235991236481,0.40726436308383046,0.04253366126781136,1,1,0.7854872942286018,1,0.023039625659100425,2000.0,55425.895209407376,81.78370605227445,0.5198015035093064,synthetic,scaling,0.6125606824099791,1,27,22,1,0.5386174437678777,0.5840395446303182,1,155
service_32,go,1,0,4,5,2,0.7661185548787967,0.6757362037528711,0.3617651338161878,0.037781836701177095,1,1,0.7854872942286018,1,0.014258744048477656,1511.6397030210098,34301.931165991904,50.614230855556606,0.4617297203492191,synthetic,config_change,0.6774375964103784,1,27,21,1,0.46342071948878605,0.6099202596920812,0,139
service_32,go,2,1,5,6,3,0.6513914281023457,0.5745439370707802,0.30759039270553074,0.032123963593340854,2,2,0.7854872942286018,1,0.021471365119770817,2000.0,51653.16705834915,76.21685523361745,0.3925851684706386,synthetic,config_change,0.9477769889292312,0,23,0,1,0.5079384916927643,0.7129717756750602,2,198
service_32,go,2,1,5,6,3,0.5057990053945136,0.4461276881896416,0.23884089963020047,0.024943940208387975,2,2,0.7854872942286018,1,0.019812756176483287,2000.0,47663.08983902901,70.32929489385467,0.30483850290072845,synthetic,scaling,0.49019061084162363,0,19,5,0,0.3542338733553569,0.47628764627076214,2,155
service_32,go,1,0,4,5,2,0.5239204120573228,0.46211123338249477,0.2473979213399094,0.02583761393939191,1,1,0.7854872942286018,1,0.019967049360707968,2000.0,48034.26938798947,70.87698905395992,0.3157600397535685,synthetic,config_change,0.8589991194027438,1,28,35,0,0.28445450298501573,0.491739283204094,1,138
service_33,go,0,6,8,5,6,0.33287966401190955,0.15463405841384714,0.16065123871907835,0.2157550883166303,5,1,1.7261745627367873,6,0.023067538179708517,477.7802221599659,77610.89236393842,74.8365077374079,0.1761368963428035,synthetic,deployment,0.6704338656069503,1,12,11,1,0.4389883022802904,0.9470848469854815,8,360
service_33,go,0,5,7,4,5,0.34180013473209353,0.15877792401921073,0.16495635202604067,0.22153686820928947,4,0,1.7261745627367873,6,0.02201733298871285,456.02812769897815,74077.46970724102,71.42939561779087,0.18085699251099072,synthetic,scaling,0.3386627876172906,1,10,20,0,0.2903027053487761,0.777448696779233,7,309
service_33,go,0,6,9,5,6,0.5402192551964828,0.2509504331311426,0.26071551347188293,0.35014170499490577,5,1,1.7261745627367873,6,0.01792800062094163,371.3289234779424,60318.882563570725,58.16264166262693,0.2858466684571188,synthetic,code_change,0.9203637953504662,1,6,1,1,0.5641431732984558,1.0,8,370
service_33,go,0,7,9,5,7,0.40380425240411183,0.18758097025651677,0.19488019354174488,0.26172467578843445,5,1,1.7261745627367873,6,0.019990434333950757,414.04653078891704,67257.95511050221,64.8536606746717,0.2136652833978517,synthetic,config_change,0.7883631038979851,1,12,16,1,0.47345882216499147,1.0,8,370
service_33,go,0,6,8,5,6,0.49380984659238447,0.22939166587409113,0.2383178431227519,0.32006156753195286,5,1,1.7261745627367873,6,0.016706635305761375,346.0317206694252,56209.59048068664,54.20024592938428,0.2612900190838533,synthetic,code_change,0.6025529046958064,0,14,18,1,0.5792065931034425,0.9765737161008581,7,345
service_33,go,0,6,8,5,6,0.38775236982206807,0.18012431844748597,0.1871333856127202,0.25132068984829864,5,1,1.7261745627367873,6,0.01885162934426204,390.4593366665303,63426.43781595215,61.159110013985845,0.20517173727855756,synthetic,deployment,0.4160293215011308,1,25,24,0,0.47488324754068995,0.8854279319125441,8,349
service_33,go,0,7,9,5,7,0.33123655395713025,0.15387077725353562,0.1598582564669615,0.2146901108088118,5,1,1.7261745627367873,6,0.019468442262840197,403.23490946383225,65501.70916305091,63.1601958860063,0.1752674761387861,synthetic,deployment,0.4598492134151846,0,24,23,1,0.29880601904727166,0.9984324113594423,10,409
service_33,go,0,6,9,5,6,0.4724593367814524,0.21947361939002907,0.22801386177684618,0.3062232901366178,5,1,1.7261745627367873,6,0.02343374315493371,485.36514487933465,78842.99154565095,76.02456262425424,0.2499928058864151,synthetic,scaling,0.607045366599549,0,5,10,0,0.3040885830485583,1.0,8,370
service_33,go,0,5,7,4,5,0.39251510640834675,0.18233677347888144,0.18943193255024346,0.25440764517749126,4,0,1.7261745627367873,6,0.02557769099925659,529.7710918590184,86056.31895334154,82.98003260940442,0.20769184809066,synthetic,config_change,0.6703588045518731,0,2,28,1,0.41675480324791314,0.8449873394185838,6,302
service_33,go,0,6,9,5,6,0.39494053885781666,0.1834634703114544,0.19060247184585766,0.2559796829103901,5,1,1.7261745627367873,6,0.018739878199229204,388.1447209288446,63050.45031259907,60.796563071838776,0.20897521920077827,synthetic,deployment,0.21865295602316276,1,7,17,0,0.30718671584565466,0.8862705967941396,8,349
service_33,go,0,4,6,4,4,0.35438877873042146,0.16462578233511832,0.1710317644671339,0.22969616507023768,4,0,1.7261745627367873,6,0.020838102243000187,431.60362590450114,70109.93967587169,67.60369431675892,0.18751803228826777,synthetic,scaling,0.15270643946843052,0,25,39,0,0.3132518643798309,0.660591927104746,5,248
service_33,go,0,5,6,4,5,0.537295269748468,0.24959214127540041,0.25930436723795935,0.3482465314328752,4,0,1.7261745627367873,6,0.016268492395922773,336.95680269726614,54735.455618501,52.77880749903326,0.28429949757993833,synthetic,config_change,0.8505916858891869,0,26,39,1,0.5129638698957099,0.9234029390641518,6,316
service_33,go,0,6,9,5,6,0.43649648724675516,0.2027676382896702,0.21065781107676426,0.28291406276008846,5,1,1.7261745627367873,6,0.01969362124968936,407.89886907340986,66259.32542772646,63.89072936818182,0.23096375309195485,synthetic,scaling,0.5590174417552285,1,24,20,1,0.452879113256343,1.0,8,370
service_33,go,0,7,9,5,7,0.4366515396111365,0.2028396654483196,0.21073264098407662,0.2830145595467279,5,1,1.7261745627367873,6,0.02233969224588378,462.70490769633096,75162.04966613842,72.4752047048099,0.231045796079813,synthetic,scaling,0.22004975538393362,0,27,41,0,0.4688888305332233,1.0,9,390
service_33,go,0,5,7,4,5,0.3921770916469429,0.18217975399102895,0.18926880305933255,0.2541885617891579,4,0,1.7261745627367873,6,0.02312158827171981,478.8997202515151,77792.74427378112,75.01185892128797,0.20751299405591914,synthetic,deployment,0.6021107009294583,0,5,7,0,0.3071350908457288,0.82983708770971,7,319
service_33,go,0,6,9,5,6,0.5211411714763938,0.24208800676108064,0.2515082289382476,0.3377762946591377,5,1,1.7261745627367873,6,0.02456809638931349,508.86013320915106,82659.53087855547,79.70467074590421,0.2757518659866849,synthetic,config_change,0.48288807483071106,1,18,35,1,0.3247711969704725,0.9867937281391136,8,367
service_33,go,0,4,6,4,4,0.3715219197043328,0.17258471587356872,0.17930039910655413,0.2408009658244083,4,0,1.7261745627367873,6,0.02232819225569584,462.46671722173295,75123.35786930646,72.43789603762681,0.19658370556904978,synthetic,deployment,0.5005999312481153,1,4,39,1,0.3871387962404964,0.6942214981899958,5,254
service_33,go,0,6,9,5,6,0.5593163546997303,0.25982169298681995,0.2699319752231434,0.36251944036106265,5,1,1.7261745627367873,6,0.01863973731994128,386.070579718771,62713.52562895502,60.471682556662955,0.2959515327648746,synthetic,config_change,0.47503779746250685,0,3,16,1,0.5815520428652086,1.0,8,370
service_33,go,0,6,8,5,6,0.5200498778166268,0.24158106330440549,0.250981559101662,0.3370689755123184,5,1,1.7261745627367873,6,0.018257708401840305,378.1579078098816,61428.18668157103,59.23229108529536,0.2751744288554606,synthetic,config_change,0.5016360266289088,1,3,27,1,0.5125945557351863,0.8857824295614531,9,369
service_33,go,0,5,6,4,5,0.592012594317936,0.2750102213760275,0.2857115255051114,0.3837114230175799,4,0,1.7261745627367873,6,0.02214468614437507,458.6658959138193,74505.9502836817,71.84255914416505,0.31325212150923637,synthetic,scaling,0.5462560279936217,1,26,46,0,0.33690425420182274,0.9249555649902023,5,296
service_34,go,1,5,2,4,7,0.6600540543367017,0.6251706559852633,0.45216897489514923,0.3713839534522806,0,0,1.674044061116224,1,0.04179785792098016,1526.627293953516,76296.45925827281,73.61165828018338,0.2673791232798637,synthetic,deployment,0.7822661512787192,1,24,9,1,0.5973431302531118,0.9559159895239814,4,282
service_34,go,1,5,2,4,7,0.570645472635158,0.5404872557306638,0.3909197689108867,0.3210776000154417,0,0,1.674044061116224,1,0.028654570481954716,1046.5811304724634,52305.12705873366,50.464558601801585,0.23116089534536774,synthetic,code_change,0.17306900834538808,1,10,33,1,0.39886087037197765,0.9197770391974732,5,295
service_34,go,1,5,2,4,6,0.5868015107600073,0.5557894584612945,0.401987437004557,0.3301679059858548,0,0,1.674044061116224,1,0.038833624221354335,1418.3614569802257,70885.64284459288,68.39124343088712,0.2377054916267121,synthetic,config_change,0.6175777252466037,0,13,9,1,0.4711455724511595,0.9657683849587515,5,303
service_34,go,2,7,3,5,9,0.6241414647456289,0.5911560218120935,0.4275671127983487,0.3511774879159924,1,1,1.674044061116224,1,0.03819458913487668,1395.0213038399602,69719.16884651805,67.26581656083623,0.2528314106243902,synthetic,deployment,0.47413322045643613,1,16,23,1,0.39563835090928046,1.0,7,350
service_34,go,2,6,3,5,8,0.4979647608977552,0.47164766913042827,0.3411299635077872,0.28018329766639044,1,1,1.674044061116224,1,0.03564872638406121,1302.0360707353798,65072.033244211285,62.78220931006347,0.20171890516892366,synthetic,scaling,0.19833540093177152,1,15,20,0,0.32855747045720884,0.8807709223508172,7,328
service_34,go,2,6,3,5,8,0.6944577414037737,0.6577561320848639,0.47573716572970765,0.3907414246053728,1,1,1.674044061116224,1,0.033201157482684374,1212.6409276699696,60604.320058555895,58.47171076906238,0.28131559958078195,synthetic,code_change,0.11609063563133626,0,3,25,1,0.4384852368151912,0.9953403013297958,7,349
service_34,go,2,6,3,5,8,0.7062183132996632,0.6688951659239996,0.48379372670892773,0.3973585912705248,1,1,1.674044061116224,1,0.027626748454606127,1009.0409014194958,50428.97394144688,48.65442555639371,0.28607965092192966,synthetic,scaling,0.8047888086251349,1,7,13,0,0.5577723788499556,1.0,6,330
service_34,go,1,4,2,4,6,0.538043788219495,0.5096085476938707,0.3685860371123608,0.30273403804814225,0,0,1.674044061116224,1,0.03142820849649275,1147.8856400132602,57368.036267465555,55.34930877500644,0.21795438636442277,synthetic,deployment,0.5582904267214384,1,16,91,0,0.3641480793632038,0.8207862208453971,4,257
service_34,go,2,6,3,5,8,0.571919228204711,0.5416936942030137,0.39179235312784233,0.3217942873474025,1,1,1.674044061116224,1,0.041185587908826954,1504.264709880681,75178.84136202504,72.53336831147178,0.23167687679449642,synthetic,deployment,0.5413153969500948,1,10,12,1,0.5178609005155658,1.0,6,330
service_34,go,2,6,3,5,8,0.5063585524073712,0.479597854588411,0.34688011696484117,0.28490612219085765,1,1,1.674044061116224,1,0.026808538983244715,979.1565730524042,48935.44081076641,47.21344845844454,0.20511911853037396,synthetic,config_change,0.23642912071208752,1,27,34,1,0.4916838475736511,0.9335642717425048,6,318
service_34,go,2,6,3,5,8,0.596606694748765,0.5650764452861357,0.40870446262348203,0.33568486019611454,1,1,1.674044061116224,1,0.037746136865241385,1378.6420081316746,68900.57856411186,66.47603170416308,0.2416774413197511,synthetic,scaling,0.40159887403324956,1,16,22,1,0.5183174366635014,0.9869739487455749,6,327
service_34,go,1,5,2,4,6,0.6168051959096632,0.5842074696889284,0.42254141355853814,0.3470496857973801,0,0,1.674044061116224,1,0.0306616833987921,1119.8890345924156,55968.84612241733,53.99935482134218,0.24985958564033325,synthetic,deployment,0.44653711405637053,1,28,49,0,0.4665811209020974,0.8596561027230305,5,284
service_34,go,1,4,2,4,6,0.512762600441119,0.48566345313131,0.351267199834151,0.28850940386338914,0,0,1.674044061116224,1,0.04192923244753085,1531.4256244885798,76536.26607400722,73.84302651856183,0.20771331325951073,synthetic,scaling,0.8479355743964153,1,11,7,0,0.4975314130102143,0.7963449974519188,4,253
service_34,go,1,4,2,4,6,0.6466907138443939,0.6125135587568766,0.4430144398508128,0.3638649780126864,0,0,1.674044061116224,1,0.036666044620004744,1339.1926587252271,66929.01308007038,64.57384376386847,0.2619658116859909,synthetic,config_change,0.16423031250044207,1,15,12,0,0.3395615790746809,0.7828324354809758,4,250
service_34,go,2,6,3,5,9,0.49093967237696695,0.4649938516589044,0.33631743784549933,0.27623058329237693,1,1,1.674044061116224,1,0.0328152794349996,1198.5470963342405,59899.95073897253,57.79212754645571,0.19887313519400943,synthetic,scaling,0.724957594731922,1,25,3,0,0.47641823488434804,0.9872470357799388,7,347
service_34,go,1,5,2,4,7,0.4686420666109501,0.4438746588715048,0.3210424986559085,0.26368468204762907,0,0,1.674044061116224,1,0.032818007656361343,1198.6467420434215,59904.93074609077,57.79693231178538,0.18984067150139738,synthetic,deployment,0.16656686854386038,0,26,28,1,0.32695006115207387,0.8383813612231508,5,280
service_34,go,2,6,3,5,8,0.502728872916904,0.4761600011381327,0.3443936108315643,0.28286385806100695,1,1,1.674044061116224,1,0.03618490494453031,1321.6194863829546,66050.7562632552,63.726491982276706,0.2036487836182988,synthetic,scaling,0.9560009808786398,0,1,64,1,0.34539693437770136,1.0,6,330
service_34,go,1,5,2,4,7,0.6538656895116599,0.6193093419432865,0.44792964546321606,0.36790202742057304,0,0,1.674044061116224,1,0.02823235409760302,1031.160075701565,51534.42691357874,49.72097867328111,0.2648722989514859,synthetic,scaling,0.7563397652529701,1,19,9,0,0.4915144538667362,0.985403390692905,5,307
service_34,go,1,5,2,4,7,0.5387080935635822,0.5102377449618958,0.36904111842650433,0.3031078140190126,0,0,1.674044061116224,1,0.0423411969930107,1546.4722405247337,77288.25284374738,74.56855157783029,0.21822348762866797,synthetic,code_change,0.9731689518756452,1,14,124,1,0.5269313630833125,0.8983239748010492,5,291
service_34,go,1,5,2,4,7,0.4503660291418192,0.4265644972895573,0.30852252840003797,0.25340154386503183,0,0,1.674044061116224,1,0.026444218101409747,965.8500968445097,48270.421245160695,46.571830308809425,0.18243729166694306,synthetic,scaling,0.7206079699467685,1,6,15,1,0.43106520082008476,0.837205680365249,4,260
service_35,go,0,2,3,1,3,0.2850208218795216,0.3954310955178423,0.3339252709958579,0.2768965181376663,0,0,0.98701389033509,4,0.03933644723177143,1789.077277777587,95264.84218741677,89.05230832403929,0.5135712910108492,synthetic,config_change,0.11690589347846365,1,6,51,0,0.19134996517923414,0.4366010175915183,3,168
service_35,go,1,3,4,2,4,0.2766846997836141,0.3838657583925828,0.3241588202096514,0.26879801092017275,1,1,0.98701389033509,4,0.03501509430868326,1592.5360324942455,84799.40788348642,79.26935943146573,0.4985506586283177,synthetic,scaling,0.6799565460536792,1,9,11,1,0.32521616972311657,0.7005856976779754,3,216
service_35,go,1,3,4,2,4,0.2670735786796052,0.3705315180298931,0.3128986035066528,0.2594608475804907,1,1,0.98701389033509,4,0.03385395121481075,1539.725601667696,81987.35643046576,76.640691107796,0.48123264010287137,synthetic,code_change,0.9422841627680122,1,10,2,0,0.44703022997433656,0.785309213877976,5,271
service_35,go,1,3,4,2,4,0.289001611867805,0.4009539486754222,0.33858909298208817,0.28076383870717503,1,1,0.98701389033509,4,0.048461286027693645,2000.0,117363.338341819,100.0,0.5207441685572831,synthetic,code_change,0.1075147637623927,0,7,7,0,0.20901669993524497,0.6143892170013345,4,220
service_35,go,0,2,3,1,3,0.242500044233373,0.33643878198787003,0.28410869231640057,0.235587763215539,0,0,0.98701389033509,4,0.04370554324520995,1987.7899463624128,105845.90050642319,98.94334100916204,0.436954254660612,synthetic,scaling,0.7409725554278835,0,22,40,0,0.32855860442608725,0.5635690487493425,3,191
service_35,go,1,3,4,2,4,0.2267808731553717,0.31463037866134436,0.26569239407040574,0.22031665526347258,1,1,0.98701389033509,4,0.044577659436663974,2000.0,107957.98782479328,100.0,0.4086303064981091,synthetic,code_change,0.5291157015103449,0,12,5,1,0.2877823150973037,0.6361290520868456,4,224
service_35,go,0,2,3,1,3,0.16793448322450497,0.23298829972765553,0.19674902152936805,0.16314763733215784,0,0,0.98701389033509,4,0.03167790174855678,1440.7557930203457,76717.40900045833,71.71441429241816,0.302596592017776,synthetic,code_change,0.37017296587509796,1,13,24,0,0.28459617741263055,0.39813820775564523,2,141
service_35,go,0,2,3,1,3,0.24601026875232782,0.34130878382805346,0.2882212082582841,0.23899793142981388,0,0,0.98701389033509,4,0.04754677708196779,2000.0,115148.58442974766,100.0,0.44327923304657557,synthetic,code_change,0.8361231634419983,0,10,82,0,0.34224648061823154,0.6002511919810926,2,178
service_35,go,1,3,4,2,4,0.17773850486200746,0.24659016569321285,0.20823523702956795,0.1726722027209921,1,1,0.98701389033509,4,0.04121590178187176,1874.557529982071,99816.49729899273,93.30713502687816,0.32026219278430096,synthetic,deployment,0.8592870308756478,0,3,28,1,0.13542949255946157,0.6603379298336431,4,228
service_35,go,1,3,4,2,4,0.293446582921656,0.407120795580777,0.34379674115999337,0.2850821092107746,1,1,0.98701389033509,4,0.048054955556610615,2000.0,116379.28891875879,100.0,0.5287534413801545,synthetic,scaling,0.9003742514453966,1,22,24,1,0.3684279959102196,0.8149284840492124,4,256
service_35,go,1,3,4,2,4,0.29146866697850293,0.40437668213992173,0.34147945039867633,0.28316057227106445,1,1,0.98701389033509,4,0.029892000177216396,1359.5304626592517,72392.32009871869,67.67137867127194,0.5251894882705622,synthetic,config_change,0.5315325680719006,1,29,27,0,0.47962455428115774,0.7298489348525906,3,221
service_35,go,0,2,3,1,3,0.168364203785219,0.2335844837922763,0.197252474413065,0.1635651090321173,0,0,0.98701389033509,4,0.03435627732636027,1562.5721039690468,83203.88769119265,77.77788836156307,0.3033708938448653,synthetic,code_change,0.8228117495611347,1,19,58,1,0.18200408262302403,0.4934235297672776,2,158
service_35,go,0,2,3,1,3,0.20549399462034554,0.28509747070131214,0.24075306986036898,0.19963654315973411,0,0,0.98701389033509,4,0.04065728071157148,1849.1506533042295,98463.63114432535,92.04249372626506,0.37027405722925527,synthetic,config_change,0.6397337228596701,1,13,1,0,0.19656237765001328,0.3812669672440501,3,158
service_35,go,1,3,4,2,4,0.2567343320334523,0.35618709364308254,0.30078532800824376,0.2494163133685431,1,1,0.98701389033509,4,0.03999357698457832,1818.9644687171094,96856.27625437648,90.53995973828785,0.4626026319051236,synthetic,deployment,0.47571046398436734,1,22,45,1,0.3085279546567028,0.5722675869677534,4,213
service_35,go,1,3,4,2,4,0.2920747329050204,0.4052175235623078,0.3421895063427267,0.2837493627450653,1,1,0.98701389033509,4,0.049118835449455875,2000.0,118955.78876128678,100.0,0.5262815420309391,synthetic,code_change,0.14320207236711635,1,8,39,0,0.2276289770329779,0.6866389657169618,4,233
service_35,go,1,3,4,2,4,0.23638047054987046,0.32794863130409835,0.27693910980250797,0.2296426233683,1,1,0.98701389033509,4,0.044268388668315714,2000.0,107208.99718091832,100.0,0.42592756076383803,synthetic,scaling,0.1697372177054423,0,12,6,0,0.31581689823328307,0.5545308249672565,4,209
service_35,go,0,2,3,1,3,0.1817897023161326,0.252210700490916,0.21298154713703893,0.17660792384458635,0,0,0.98701389033509,4,0.034327556116125854,1561.2658226895524,83134.33078524504,77.71286749035512,0.3275619356344369,synthetic,deployment,0.7762345934819525,1,6,3,0,0.2985087039552875,0.48222213768721356,2,156
service_35,go,0,2,3,1,3,0.17603908459569234,0.2442324305171552,0.2062442267966208,0.1710212231487202,0,0,0.98701389033509,4,0.043510470839263675,1978.917777329364,105373.47497551297,98.5017239018141,0.3172000534837892,synthetic,code_change,0.9224333185025912,1,25,11,0,0.25681323111220655,0.6018815619804592,2,178
service_35,go,0,2,3,1,3,0.1998623658425816,0.27728428315081693,0.23415515482608493,0.1941654397164009,0,0,0.98701389033509,4,0.04443453538088858,2000.0,107611.37058947638,100.0,0.3601265780282002,synthetic,deployment,0.7112777098170516,1,11,55,1,0.22709713547215407,0.5833261419868141,1,154
service_35,go,0,2,3,1,3,0.2994928335759052,0.41550921964123344,0.3508804197309663,0.29095601604645444,0,0,0.98701389033509,4,0.043884455518567504,1995.9271297001344,106279.18949631024,99.34837379812025,0.5396480164985664,synthetic,deployment,0.7972494603484075,1,3,5,1,0.4825887759646278,0.6324642095715441,2,183
service_36,go,4,2,6,3,6,0.39726883572213273,0.21051358570325107,0.31062800178926436,0.025699270750093733,1,3,1.9639862743981886,1,0.011774020856778224,518.6526175309898,6844.025105190261,85.36660419303179,0.045900857742750996,synthetic,code_change,0.17647285368902438,0,4,70,0,0.23829668846322505,0.4390340384872812,3,169
service_36,go,3,1,5,2,5,0.45596898823258347,0.2416189191076207,0.35652616806727566,0.0294965761936373,0,2,1.9639862743981886,1,0.01628558553744483,717.3897235079181,9466.515952944797,100.0,0.052683134900138096,synthetic,config_change,0.16373323124718808,1,17,57,0,0.2094165852859018,0.24737981536768078,4,154
service_36,go,3,1,5,2,5,0.531858500583311,0.28183293018951927,0.41586484620803077,0.034405859151734865,0,2,1.9639862743981886,1,0.012425117144581794,547.3337960376191,7222.495586415751,90.08732617650624,0.061451488713357726,synthetic,deployment,0.9622784688286805,0,2,10,0,0.3103140249135649,0.4947863243640459,2,159
service_36,go,4,2,6,3,6,0.37945600302931837,0.20107452845910506,0.29669999101158145,0.024546960855544274,1,3,1.9639862743981886,1,0.014261383293588243,628.2224114265975,8289.883845404283,100.0,0.04384274437993948,synthetic,code_change,0.45642191167211155,1,24,5,1,0.26051912214360956,0.5183609515264729,3,183
service_36,go,4,2,6,3,6,0.5342406264417888,0.28309522365674555,0.4177274513985046,0.03455995857231122,1,3,1.9639862743981886,1,0.015615671057178754,687.8795924372833,9077.106797224473,100.0,0.061726722032267756,synthetic,deployment,0.3036738575361111,0,17,7,0,0.1627578846959949,0.576211602384703,5,233
service_36,go,4,2,7,3,7,0.3935192988441268,0.20852669828108314,0.30769620587848523,0.025456713683566785,1,3,1.9639862743981886,1,0.01296057880335977,570.921200399384,7533.749751846716,93.9696484554861,0.04546763232116538,synthetic,code_change,0.9620373914319331,1,26,6,1,0.3474526177251712,0.5860041280579724,5,235
service_36,go,4,2,6,3,6,0.38824713210102546,0.20573296611354916,0.30357385226488626,0.02511565788359619,1,3,1.9639862743981886,1,0.011562564592644072,509.3378434006751,6721.1094081664405,83.83345732468005,0.04485848064876886,synthetic,config_change,0.8267999958993709,0,3,17,1,0.3946863728874798,0.5652987586802887,4,211
service_36,go,4,2,6,3,6,0.48178990344410405,0.25530147600246544,0.3767157691014093,0.031166927933737588,1,3,1.9639862743981886,1,0.012433335887528492,547.6958365498596,7227.272992855279,90.14691552025121,0.055666510512164764,synthetic,deployment,0.7684577773869874,1,12,9,0,0.2295842285528122,0.5231971661907808,4,204
service_36,go,3,1,5,2,5,0.43102121296642815,0.22839904089328572,0.337019282847027,0.027882707766198254,0,2,1.9639862743981886,1,0.010886896933505771,479.5742813808769,6328.356033753527,78.93458256258161,0.04980064279272581,synthetic,code_change,0.9391649465319564,1,26,8,1,0.41158364528464064,0.46192151704876483,2,153
service_36,go,4,2,6,3,6,0.42092325106708495,0.22304810979429462,0.3291235974952289,0.027229471887769408,1,3,1.9639862743981886,1,0.01239482341121745,545.999339075522,7204.88638780828,89.86768386593954,0.04863391368901713,synthetic,config_change,0.930829498945172,0,29,33,0,0.3043889735391923,0.5221461498928361,3,183
service_36,go,3,1,5,2,5,0.40810880640431013,0.21625770880587314,0.31910387034396304,0.02640050708286061,0,2,1.9639862743981886,1,0.01248588268278753,550.0105541162274,7257.817493355557,90.5279018907576,0.047153319319088276,synthetic,config_change,0.1320447038648579,1,18,3,0,0.05734543818114825,0.33621840694414545,1,110
service_36,go,4,2,7,3,7,0.6199159241390358,0.32849474283034613,0.48471772129475843,0.04010228274710872,1,3,1.9639862743981886,1,0.015114943409295083,665.8222419022287,8786.042883318985,100.0,0.07162573574302303,synthetic,config_change,0.486594211168608,1,5,33,1,0.3043755899705124,0.512672043360146,4,202
service_36,go,3,1,5,2,5,0.5719404162767856,0.30307242102234794,0.4472052491296893,0.0369987532097765,0,2,1.9639862743981886,1,0.013834473827039655,609.4167956588359,8041.729103515927,100.0,0.06608259527110935,synthetic,scaling,0.8227851182925718,1,11,0,0,0.25755126447853893,0.43474340095235114,2,148
service_36,go,3,1,5,2,5,0.496665314051771,0.26318398714919544,0.38834698367794446,0.032129216365022036,0,2,1.9639862743981886,1,0.01360577251304341,599.3423668311816,7908.789171302439,98.64757426455151,0.05738523104791076,synthetic,deployment,0.1952010162046603,0,26,23,0,0.18728769485826005,0.40488613018773906,3,162
service_36,go,4,2,6,3,6,0.5343644531501839,0.28316083968812306,0.4178242725924625,0.034567968906419985,1,3,1.9639862743981886,1,0.013067800214647561,575.6443673018586,7596.07561652744,94.74704879219043,0.061741029099965275,synthetic,code_change,0.27003256015521215,0,2,100,0,0.1587445701727667,0.4867951275181905,3,177
service_36,go,3,1,5,2,5,0.5697599825884975,0.30191700465731813,0.4455003488235886,0.036857701230186696,0,2,1.9639862743981886,1,0.013660472912327802,601.7519519350254,7940.585522822471,99.04417517019907,0.06583066567698025,synthetic,scaling,0.6715221095274486,1,15,34,0,0.2739579851260059,0.4785474881273493,1,136
service_36,go,4,2,6,3,6,0.5264723652610628,0.278978805833884,0.41165337955856335,0.03405743073879004,1,3,1.9639862743981886,1,0.012403472495738834,546.380336389934,7209.913944012004,89.93039336713294,0.06082916899185146,synthetic,deployment,0.33130507912684953,1,11,7,0,0.2941495111619763,0.5659401577680642,4,211
service_36,go,3,1,4,2,4,0.6700198659769102,0.35504492624703754,0.5238944347325837,0.043343500409193624,0,2,1.9639862743981886,1,0.010778860526686683,474.81521344079385,6265.556426929432,78.15127316543094,0.07741479770775246,synthetic,scaling,0.9345383831862876,0,4,1,0,0.3433443009506532,0.5795285662671131,2,174
service_36,go,4,2,6,3,6,0.6190878144865327,0.32805592579606496,0.48407021506348846,0.04004871243839885,1,3,1.9639862743981886,1,0.013752276186441486,605.7959407300314,7993.949103575005,99.70978752643805,0.07153005508565193,synthetic,scaling,0.7243154334740846,1,17,94,0,0.32586315626610585,0.5927024886116984,3,196
service_36,go,3,1,5,2,5,0.6239181189726143,0.3306155142308215,0.4878470726864073,0.04036118422483424,0,2,1.9639862743981886,1,0.01451791115284883,639.5226161139818,8438.998844461674,100.0,0.07208815352966096,synthetic,config_change,0.9316310431872291,0,27,36,1,0.2278899690980325,0.5887994674107179,3,195
service_37,java,6,3,5,7,9,0.36961541446014756,0.40174689476642506,0.2543909791785436,0.45959399530592293,1,1,1.5889698649779431,5,0.02974468364307804,1059.3903254306824,30271.712480518716,77.7742954182637,0.37820974590793777,synthetic,code_change,0.7557780913452101,1,29,7,0,0.4051087244435499,0.6359955161147526,4,224
service_37,java,6,3,5,7,9,0.48841678047464704,0.5308759246258677,0.33615703829249766,0.6073161744097173,1,1,1.5889698649779431,5,0.025585021564652217,911.2392872208444,26038.347756751464,66.89790516279281,0.4997734921588517,synthetic,scaling,0.9021064969283207,1,18,3,1,0.5196009882970571,0.7379801649546164,5,262
service_37,java,6,3,5,7,9,0.4934467921040485,0.5363432062209889,0.33961898693863796,0.6135706839641101,1,1,1.5889698649779431,5,0.026545141020408145,945.4350203101859,27015.479013562097,69.40835762161939,0.504920462079055,synthetic,scaling,0.3951546114893375,1,20,0,0,0.39354626180830066,0.7777080359562035,4,249
service_37,java,5,2,4,6,8,0.38654501989776757,0.42014822801200574,0.26604292532552143,0.48064491660852343,0,0,1.5889698649779431,5,0.03601680416174628,1282.7789442892563,36654.96507323781,94.1741926224613,0.3955330000807538,synthetic,config_change,0.48853268079077716,1,5,26,0,0.28348334358523347,0.5547534604215916,3,189
service_37,java,6,3,5,8,10,0.3234001698600834,0.3515140573831009,0.22258294069627987,0.4021281860381817,1,1,1.5889698649779431,5,0.0316175753639701,1126.0954682219387,32177.788886047474,82.67140025000316,0.3309199002103686,synthetic,scaling,0.21572813163814605,0,6,34,0,0.2218854589135124,0.6032138497230327,4,218
service_37,java,6,3,5,7,10,0.5017510417821746,0.545369362574411,0.3453344580048193,0.6238965068012402,1,1,1.5889698649779431,5,0.03538444093262431,1260.2566174382248,36011.397365981735,92.52073396801617,0.5134178029307819,synthetic,config_change,0.8308299637233946,0,23,1,0,0.4042416267031641,0.7991364078061765,4,253
service_37,java,5,2,4,6,8,0.4047650271196339,0.4399521405049353,0.2785830015682304,0.5033003730261919,0,0,1.5889698649779431,5,0.025611151210638148,912.1699239187024,26064.940378814463,66.96622711337967,0.41417666057821356,synthetic,code_change,0.5349238246401621,1,14,45,0,0.251248761840295,0.581667120832609,2,174
service_37,java,6,3,5,7,10,0.37708121006713347,0.4098617083935791,0.2595293770388763,0.4688772521640376,1,1,1.5889698649779431,5,0.03389240398787641,1207.1160453811099,34492.92388199056,88.61946127309574,0.3858491368777188,synthetic,code_change,0.1451296207646292,1,11,10,0,0.3108504096407764,0.6030405444227269,4,218
service_37,java,6,3,5,7,9,0.4911796362250126,0.5338789614987159,0.33805859745958794,0.6107516153114964,1,1,1.5889698649779431,5,0.027128045132833643,966.195805153868,27608.71126665291,70.93249407518869,0.5026005900840078,synthetic,config_change,0.18238160573452517,0,16,18,0,0.41614547015829156,0.6862050968059124,4,233
service_37,java,5,2,4,5,7,0.3678764615019617,0.39985677080577675,0.2531941298901435,0.45743171444199027,0,0,1.5889698649779431,5,0.031206185859763046,1111.443368842758,31759.11020926965,81.59572806548431,0.3764303586564024,synthetic,scaling,0.24063520583022005,1,7,40,1,0.2932726830267016,0.494788168665801,3,179
service_37,java,7,3,5,8,10,0.3110835155020877,0.33812668919267147,0.2141058976949468,0.3868131851920692,1,1,1.5889698649779431,5,0.02395846624006188,853.3076919372694,24382.972439585705,62.64490332062066,0.31831685787790187,synthetic,code_change,0.8678366289721066,1,21,23,0,0.3569636634943864,0.7363764732912645,3,222
service_37,java,6,3,5,7,9,0.40013001499894185,0.43491419659393116,0.275392914721854,0.49753702102435066,1,1,1.5889698649779431,5,0.035295577420287744,1257.0916436102025,35920.95933249176,92.28837993987116,0.4094338747314502,synthetic,scaling,0.9873747495553094,0,26,24,1,0.5189741341548915,0.7521966316279427,4,245
service_37,java,6,3,5,7,10,0.4231264667936629,0.45990978048392905,0.29122041990920067,0.5261316919842532,1,1,1.5889698649779431,5,0.036110645270123774,1286.121200792493,36750.46889791263,94.41956171674738,0.4329650421281589,synthetic,deployment,0.6546652414577061,0,17,52,1,0.45425996977242,0.7203973617711673,6,279
service_37,java,6,3,5,7,10,0.4101430263017795,0.445797660975555,0.28228445563222193,0.5099875836623727,1,1,1.5889698649779431,5,0.027806697497088143,990.3667715574454,28299.38827944129,72.70698628687894,0.4196797094895887,synthetic,deployment,0.5217218239376251,1,9,5,1,0.3725005351248591,0.6555481059325594,4,227
service_37,java,5,2,4,5,7,0.4081408183719973,0.44362139671005735,0.2809064188516935,0.5074979614608045,0,0,1.5889698649779431,5,0.03150419723928228,1122.0573789334114,32062.401879975594,82.3749471470134,0.41763094603776185,synthetic,deployment,0.2909451366379263,0,25,33,0,0.1627023285200338,0.5416134027897064,4,207
service_37,java,5,2,4,6,8,0.36828898696749734,0.40030515801666483,0.2534780540800125,0.4579446644420542,0,0,1.5889698649779431,5,0.022680453003809383,807.7898147090366,23082.314826334,59.303244684157605,0.376852476201821,synthetic,scaling,0.7649446936160615,0,12,1,0,0.34039612564026567,0.5848927051917007,3,195
service_37,java,5,2,4,6,8,0.3090531586842845,0.33591982899445266,0.21270848720080612,0.3842885615825433,0,0,1.5889698649779431,5,0.023555161143609296,838.9435278229141,23972.52141350523,61.59036967381571,0.31623929101753334,synthetic,config_change,0.36921726606812,1,24,21,0,0.2995300478280976,0.43048527136650067,3,167
service_37,java,5,2,4,6,8,0.38839585686776507,0.4221599623075071,0.2673167797446755,0.48294631834779744,0,0,1.5889698649779431,5,0.026193840593564024,932.9230609300115,26657.954097737904,68.48980210743778,0.3974268728813842,synthetic,config_change,0.8775613253035207,1,29,5,0,0.41218978746632057,0.5910247492354697,1,156
service_37,java,7,3,5,8,10,0.37820195425106806,0.4110798813325538,0.2603007388360465,0.47027082850598395,1,1,1.5889698649779431,5,0.03148432162641074,1121.3494866511878,32042.17410262079,82.32297779996507,0.3869959407079996,synthetic,config_change,0.40753871841720535,1,26,9,1,0.29824390618634694,0.6656407490005908,3,209
service_37,java,5,2,4,6,8,0.3231029636757902,0.3511910144120181,0.22237838599081475,0.40175862845934407,0,0,1.5889698649779431,5,0.030481877224070333,1085.6463030381155,31021.96796798886,79.70185706378435,0.330615783360675,synthetic,deployment,0.3297080952267089,0,3,16,1,0.33121583430614593,0.5750109580592168,3,193
service_38,java,1,4,9,3,5,0.39271857677989624,0.49659639975076164,0.2344392074162282,0.39138417709231976,2,1,0.7675588764609947,0,0.009115083202426051,441.48972868203396,39112.41270390877,69.64047074088005,0.6308344829451284,synthetic,deployment,0.5728228916262433,0,29,10,0,0.4932071220733813,0.9089426472276645,6,313
service_38,java,0,3,8,2,4,0.3562281683310002,0.45045392895210445,0.21265571424613489,0.35501775765874605,1,0,0.7675588764609947,0,0.010481868741532499,507.69008729927924,44977.22807597663,80.08289745618055,0.5722189518565204,synthetic,config_change,0.801193768604782,1,2,26,1,0.5156062510942279,0.7864827470369414,5,271
service_38,java,0,3,8,2,4,0.23270567676005469,0.29425855590573463,0.1389171219457245,0.23191497725988838,1,0,0.7675588764609947,0,0.009368450553393354,453.761595054649,40199.60062931264,71.57623163300624,0.3738014292091927,synthetic,code_change,0.18619109757966426,0,3,14,0,0.3140471351930552,0.6398899919351486,4,225
service_38,java,0,3,8,2,4,0.30164553319489157,0.3814336643143749,0.18007179671179754,0.30062058625055665,1,0,0.7675588764609947,0,0.007294669647075107,353.3178635665213,31301.099884545216,55.732264515842324,0.48454138718361767,synthetic,config_change,0.16778928895066436,0,21,17,0,0.4686521997208579,0.5899294188351404,4,216
service_38,java,0,3,8,2,4,0.3011713133047217,0.3808340087236475,0.17978870408067213,0.3001479776894929,1,0,0.7675588764609947,0,0.010648849220814277,515.777799156225,45693.73381422673,81.35865094339235,0.48377963493428294,synthetic,scaling,0.5772994804626709,1,28,45,1,0.37526445012913184,0.6579641360987896,6,268
service_38,java,1,4,9,3,5,0.39522782523123395,0.4997693684379874,0.23593714067664462,0.39388489948823896,2,1,0.7675588764609947,0,0.010191566788254973,493.62929073362113,43731.55543062771,77.86495119784435,0.6348651566717437,synthetic,config_change,0.8736795195088565,1,6,11,1,0.4516459563275049,0.9306570551121502,6,317
service_38,java,1,4,9,3,5,0.32086576257117644,0.40573782835191247,0.19154559909283375,0.31977550812780453,2,1,0.7675588764609947,0,0.007015447966404115,339.7937408235969,30102.97219138536,53.59897304157337,0.5154153620286399,synthetic,deployment,0.3506342104385102,0,5,5,0,0.41447238357702554,0.8382678029772039,6,300
service_38,java,0,3,7,2,4,0.2733363635273215,0.3456364482719877,0.16317221596393716,0.2724076069579612,1,0,0.7675588764609947,0,0.010807769092011343,523.4750948647603,46375.65184515127,82.57282029264174,0.4390676014608291,synthetic,config_change,0.4551444564951165,0,9,18,1,0.24671288416633405,0.703764968139248,5,256
service_38,java,0,3,8,2,4,0.3427835662496078,0.4334531009178274,0.20462975865770153,0.3416188383483703,1,0,0.7675588764609947,0,0.00995240022147863,482.04524039299486,42705.30243249343,76.03768622111309,0.5506225235134538,synthetic,scaling,0.5818428598438551,1,4,59,1,0.429082301625468,0.6515000049020802,3,207
service_38,java,1,4,10,3,5,0.3537300099228839,0.4472949837306948,0.2111644013523035,0.35252808762372034,2,1,0.7675588764609947,0,0.010192411499429345,493.6702043817916,43735.180048344744,77.87140490567312,0.5682060923666005,synthetic,scaling,0.7869772694621169,1,8,39,1,0.5963107402092512,0.8747498916935069,6,307
service_38,java,1,4,10,3,5,0.3498185850653786,0.4423489495551295,0.20882941798843882,0.34862995320984685,2,1,0.7675588764609947,0,0.0076765150191890974,371.81257239026814,32939.58122931506,58.649614898027224,0.5619230647140889,synthetic,config_change,0.2926000444925034,1,7,131,1,0.4894395178613078,0.7415685004517099,7,303
service_38,java,0,3,8,2,4,0.36788884332033867,0.46519896410131945,0.2196167279696362,0.3666388113976964,1,0,0.7675588764609947,0,0.007381859387470187,357.5409050874846,31675.227145278433,56.39840594648471,0.5909498098108497,synthetic,config_change,0.7790709766830082,1,5,62,0,0.3937956296807479,0.6814135971606126,5,252
service_38,java,0,3,7,2,4,0.2584069945675024,0.3267581183065781,0.15425990665872683,0.2575289657875913,1,0,0.7675588764609947,0,0.009920235597609954,480.4873444583574,42567.28547584263,75.79194413651842,0.41508615188009557,synthetic,code_change,0.1831789904078608,1,23,1,0,0.2732528431374793,0.6198506877235476,5,241
service_38,java,1,4,9,3,5,0.2493484236777645,0.31530346870070497,0.1488522577587765,0.24850117458305265,2,1,0.7675588764609947,0,0.00789843104090474,382.5610913057465,33891.81291323887,60.345083373082666,0.4005351241943023,synthetic,config_change,0.37545327839455833,0,10,29,1,0.30388363405387653,0.6167803173409598,6,261
service_38,java,1,4,9,3,5,0.40473483561988116,0.5117910740830486,0.241612492218931,0.4033596064605405,2,1,0.7675588764609947,0,0.010315774822070946,499.6453160327592,44264.52652610367,78.81391740612223,0.6501365248663721,synthetic,scaling,0.12681978735662494,1,23,13,0,0.441693326481601,0.7503881988139577,6,285
service_38,java,1,4,10,3,5,0.3667067700914653,0.4637042211876699,0.2189110717382521,0.36546075467896677,2,1,0.7675588764609947,0,0.010523291147113608,509.69638457547893,45154.96975822982,80.39937024746789,0.5890510135780512,synthetic,deployment,0.4359838657293469,1,7,11,0,0.395063480391481,0.9030279387041984,6,312
service_38,java,1,4,9,3,5,0.3316305402627959,0.4193499927919248,0.1979717935721685,0.3305037086956569,2,1,0.7675588764609947,0,0.009763026319420843,472.87290144860674,41892.70752270013,74.59084394963152,0.5327071158967489,synthetic,deployment,0.378363757350727,0,24,26,0,0.40589823255027324,0.7402676962793004,6,283
service_38,java,1,4,9,3,5,0.2659066995608178,0.33624156706372865,0.1587369673287491,0.26500318789165295,2,1,0.7675588764609947,0,0.007548687537776864,365.62123887926145,32391.079246736794,57.672995619686496,0.42713313106934514,synthetic,config_change,0.9075544049219696,0,8,23,1,0.4338289098796797,0.747250526080465,6,284
service_38,java,0,3,7,2,4,0.3792477679386599,0.47956243301779,0.2263976073119251,0.3779591400687971,1,0,0.7675588764609947,0,0.011267123097894256,545.7239400944205,48346.71925685677,86.08234713907588,0.6091959579741625,synthetic,deployment,0.27501971019192495,1,8,14,1,0.2563484831913592,0.5605652769923731,5,230
service_38,java,0,3,7,2,4,0.3407463357633073,0.43087700346592017,0.20341360355638544,0.3395885300701984,1,0,0.7675588764609947,0,0.010995397822390956,532.5629062899156,47180.75830164138,84.00632921603501,0.5473500650242142,synthetic,code_change,0.533179340702464,1,9,26,1,0.42336427214423017,0.7307801754494716,3,221
service_39,javascript,3,1,4,2,5,0.2696509351427313,0.06454782283339076,0.06097975222984499,0.21122784514556775,2,0,1.0017669331128982,0,0.0017971114762702514,1381.6946339731169,23053.136138735164,62.41789211318428,0.33740038790016486,synthetic,scaling,0.8690918515617608,1,10,4,0,0.3688113543941461,0.44867976968131745,3,170
service_39,javascript,3,1,4,2,5,0.29117013856491597,0.06969899254572881,0.06584617589781358,0.22808465658481306,2,0,1.0017669331128982,0,0.002687731314548241,2000.0,34477.90341154358,93.35120577432157,0.36432626367398513,synthetic,deployment,0.343650482376385,1,17,18,0,0.0759048391634563,0.4030592072944486,2,142
service_39,javascript,4,2,5,3,6,0.19631923232907766,0.046994011055281774,0.0443962789858073,0.1537843300396986,3,1,1.0017669331128982,0,0.002203593668671321,1694.2151823432207,28267.442231110384,76.53597102272275,0.24564418849514566,synthetic,deployment,0.8221764584608329,1,4,12,1,0.31374985508950076,0.49892746843547636,3,179
service_39,javascript,4,2,5,3,7,0.33582703769280103,0.08038875934245647,0.07594503441922086,0.26306610609721026,3,1,1.0017669331128982,0,0.0024925723068305004,1916.3940727179397,31974.426452532185,86.57287618848895,0.4202031516224418,synthetic,code_change,0.5692798381134915,1,10,5,0,0.3972190576967988,0.6062490591057678,3,199
service_39,javascript,3,1,4,2,5,0.19497738958188857,0.046672806799602166,0.04409283023933181,0.1527332135217346,2,0,1.0017669331128982,0,0.002686233110012731,2000.0,34458.68461873254,93.299169620585,0.24396520947301475,synthetic,code_change,0.5982029144535345,1,19,10,1,0.24263198636929179,0.3900773002607811,2,140
service_39,javascript,4,2,5,3,6,0.20525650590177094,0.04913337523318977,0.046417383521508995,0.16078523673871367,3,1,1.0017669331128982,0,0.001748192924419994,1344.084000751012,22425.614668640137,60.7188361937042,0.2568269406283822,synthetic,deployment,0.5658832801158445,0,29,14,0,0.23049670370776465,0.5450648173409214,4,208
service_39,javascript,4,2,5,3,6,0.3065858247113566,0.0733891298623634,0.06933233002950766,0.2401603505349544,3,1,1.0017669331128982,0,0.0026116639853009144,2000.0,33502.1205956172,90.7092092076135,0.3836151212587109,synthetic,deployment,0.6168057528948961,0,12,43,1,0.38052941139950347,0.4481550490256578,3,170
service_39,javascript,4,2,5,3,6,0.29485884082383984,0.07058197743049519,0.06668035119811352,0.23097415752099063,3,1,1.0017669331128982,0,0.0026422659443527396,2000.0,33894.6789524298,91.77208694434309,0.36894174766016286,synthetic,config_change,0.4857074540251276,1,13,21,0,0.338122283963635,0.5915763555091115,3,196
service_39,javascript,4,2,5,3,6,0.2362838748391694,0.05656056665790096,0.05343401511281074,0.18509015627371966,3,1,1.0017669331128982,0,0.0023579890186736824,1812.9207993433447,30248.00774960516,81.89848326888877,0.2956498963487416,synthetic,config_change,0.43003778310301954,1,2,22,0,0.30978992580687753,0.520528029555818,3,183
service_39,javascript,4,2,5,3,6,0.2923308832975011,0.06997684637669752,0.06610867054170448,0.22899391213216821,3,1,1.0017669331128982,0,0.002267416062035556,1743.2845136579933,29086.148439575085,78.75267227693864,0.36577864403684207,synthetic,scaling,0.17683190139390875,1,25,28,0,0.16404908494714837,0.4468766107329991,3,170
service_39,javascript,4,2,5,3,7,0.18369805979343076,0.043972811783900154,0.04154208538300563,0.1438976850091372,3,1,1.0017669331128982,0,0.0016692383078693908,1283.3803819405732,21412.794068384297,57.97655737418355,0.22985196249367404,synthetic,scaling,0.26256445854541965,1,4,26,0,0.27409888073794586,0.3490007385152364,3,152
service_39,javascript,4,2,5,3,6,0.19138333684712217,0.04581247869039398,0.04328005929473618,0.14991785516185202,3,1,1.0017669331128982,0,0.001959498651517716,1506.5447012216628,25136.219858134606,68.05797917455965,0.23946815558294773,synthetic,code_change,0.2653650332581851,1,3,76,0,0.2418698742521353,0.37968124644613344,3,158
service_39,javascript,4,2,5,3,6,0.26452952251876616,0.06332188221303499,0.05982157908013613,0.20721604762634588,3,1,1.0017669331128982,0,0.0017209385119332362,1323.1296659853147,22075.998248215037,59.77222659231359,0.3309922269011755,synthetic,code_change,0.9284987542417504,1,5,1,0,0.47140916109447245,0.6509813548887737,3,207
service_39,javascript,3,1,4,2,5,0.22029604261368974,0.0527334715972664,0.04981847397891469,0.17256627851394335,2,0,1.0017669331128982,0,0.002597161208886597,1996.8064047586688,33316.08067350687,90.20549380346438,0.2756451417139976,synthetic,code_change,0.9690631505538333,0,6,25,0,0.36375875761272164,0.5147161502335184,2,162
service_39,javascript,4,2,5,3,6,0.24818267950802061,0.05940884877228559,0.05612485006264617,0.19441094304821793,3,1,1.0017669331128982,0,0.0027068133411026554,2000.0,34722.68541965521,94.01396926479036,0.3105382604802943,synthetic,config_change,0.8305155096962021,1,17,29,1,0.32348423623020106,0.5421765367167822,3,187
service_39,javascript,3,1,4,2,5,0.2578058808603942,0.061712407243737825,0.0583010725697739,0.20194916309550923,2,0,1.0017669331128982,0,0.0019662151336322506,1511.708614211684,25222.378106303542,68.29125833477913,0.3225792788710283,synthetic,deployment,0.13812573875750384,1,16,17,0,0.20091233691908067,0.42289581738463033,2,146
service_39,javascript,4,2,5,3,7,0.3149554124479083,0.07539260396906919,0.0712250562170535,0.24671656730243127,3,1,1.0017669331128982,0,0.002104537648375916,1618.056761726518,26996.763171194416,73.09552335456141,0.39408755721515315,synthetic,code_change,0.25735536038401596,1,5,32,0,0.17575829912070354,0.4468449123185693,3,170
service_39,javascript,3,1,4,2,5,0.27379187148275963,0.06553906146973748,0.06191619723746503,0.21447159825744244,2,0,1.0017669331128982,0,0.0020956005159317274,1611.1855196782114,26882.118679939267,72.78511580552035,0.34258172920222973,synthetic,config_change,0.3593958246602803,0,29,13,0,0.4017387063344587,0.4257475655394555,2,146
service_39,javascript,4,2,5,3,6,0.2465274658303585,0.05901263119877491,0.05575053457993568,0.19311435114801564,3,1,1.0017669331128982,0,0.0025813688301196533,1984.6645619803658,33113.49788302555,89.65698748813472,0.3084671764819939,synthetic,scaling,0.949994166119494,0,8,116,1,0.34755202857172157,0.5164351192461449,3,182
service_39,javascript,4,2,5,3,6,0.22975836767370925,0.05499852022853779,0.05195831539045224,0.17997847803565786,3,1,1.0017669331128982,0,0.0025389824540492574,1952.0761393124637,32569.77040096282,88.18480933805041,0.28748486384957317,synthetic,config_change,0.40864160425303486,1,21,15,0,0.17868961311256354,0.4373401132098251,1,128
