service_name,language,has_upstream,has_downstream,is_leaf,is_root,upstream_count,downstream_count,transitive_downstream,transitive_upstream,total_coupling,betweenness_centrality,pagerank,in_degree_centrality,out_degree_centrality,fan_in,fan_out,coupling_ratio,max_path_depth,error_rate,latency_p99_ms,requests_per_day,health_score,complexity_score,project,change_type,change_magnitude,has_tests,deployment_frequency,last_incident_days,label_incident_occurred,label_incident_probability,label_severity_score,label_recovery_minutes
ledgerwriter,unknown,0,0,1,1,0,0,0,0,0,0.0,0.053688941874244174,0.0,0.0,0,0,0.0,0,0.0031475951301611384,107.7,6059.0,1.0,0.018524323891214955,bank-of-anthos,deployment,0.949336291841377,1,5,10,0,0.0675,0.0,0
ledgerwriter,unknown,0,0,1,1,0,0,0,0,0,0.0,0.0399911302029426,0.0,0.0,0,0,0.0,0,0.001722457176768101,107.7,6059.0,1.0,0.01731298011087346,bank-of-anthos,config_change,0.2125598403630093,0,20,11,0,0.1197,0.0,0
ledgerwriter,unknown,0,0,1,1,0,0,0,0,0,0.0,0.04059010626913811,0.0,0.0,0,0,0.0,0,0.0019494286821616013,107.7,6059.0,1.0,0.013689977480724484,bank-of-anthos,deployment,0.6426171036001734,0,29,44,0,0.1267,0.0,0
ledgerwriter,unknown,0,0,1,1,0,0,0,0,0,0.0,0.06038342583131664,0.0,0.0,0,0,0.0,0,0.0017396522686322878,107.7,6059.0,1.0,0.011726687627145177,bank-of-anthos,config_change,0.21456471892357853,1,17,44,0,0.02,0.0,0
ledgerwriter,unknown,0,0,1,1,0,0,0,0,0,0.0,0.06151957211031279,0.0,0.0,0,0,0.0,0,0.0015177550468273807,107.7,6059.0,1.0,0.016916633539072863,bank-of-anthos,deployment,0.3283653429626518,1,6,66,0,0.0779,0.0,0
ledgerwriter,unknown,0,0,1,1,0,0,0,0,0,0.0,0.03850653814339872,0.0,0.0,0,0,0.0,0,0.0012236364918009435,107.7,6059.0,1.0,0.012915808578530478,bank-of-anthos,deployment,0.669444557563923,1,8,20,0,0.0902,0.0,0
ledgerwriter,unknown,0,0,1,1,0,0,0,0,0,0.0,0.042031333212777626,0.0,0.0,0,0,0.0,0,0.002714765977995872,107.7,6059.0,1.0,0.013065414536336254,bank-of-anthos,code_change,0.49523470954770227,0,25,11,1,0.1896,0.3301,59
ledgerwriter,unknown,0,0,1,1,0,0,0,0,0,0.0,0.060747190727617376,0.0,0.0,0,0,0.0,0,0.002399042191318548,107.7,6059.0,1.0,0.017379166501509117,bank-of-anthos,deployment,0.4862220580989781,1,22,68,0,0.0591,0.0,0
ledgerwriter,unknown,0,0,1,1,0,0,0,0,0,0.0,0.055283085446187395,0.0,0.0,0,0,0.0,0,0.002768117033770272,107.7,6059.0,1.0,0.015365503420249397,bank-of-anthos,code_change,0.5155399511973067,1,20,25,0,0.02,0.0,0
ledgerwriter,unknown,0,0,1,1,0,0,0,0,0,0.0,0.05117257545922034,0.0,0.0,0,0,0.0,0,0.0028506207112060644,107.7,6059.0,1.0,0.012714322408485334,bank-of-anthos,scaling,0.5055674059514822,1,13,102,0,0.0557,0.0,0
ledgerwriter,unknown,0,0,1,1,0,0,0,0,0,0.0,0.0561142609751629,0.0,0.0,0,0,0.0,0,0.003573145395281511,107.7,6059.0,1.0,0.015862554200243774,bank-of-anthos,code_change,0.25602189808820924,0,24,49,0,0.1727,0.0,0
ledgerwriter,unknown,0,0,1,1,0,0,0,0,0,0.0,0.046965546669181936,0.0,0.0,0,0,0.0,0,0.001,107.7,6059.0,1.0,0.015587101057471306,bank-of-anthos,deployment,0.17019478824112327,1,23,7,0,0.0744,0.0,0
ledgerwriter,unknown,0,0,1,1,0,0,0,0,0,0.0,0.04658126926322746,0.0,0.0,0,0,0.0,0,0.0011118322296241182,107.7,6059.0,1.0,0.01454228565529227,bank-of-anthos,config_change,0.45114336797618326,1,20,9,0,0.02,0.0,0
ledgerwriter,unknown,0,0,1,1,0,0,0,0,0,0.0,0.04129485038933999,0.0,0.0,0,0,0.0,0,0.0027998762203260636,107.7,6059.0,1.0,0.017665954380082557,bank-of-anthos,config_change,0.27751332880364593,1,19,1,0,0.1576,0.0,0
ledgerwriter,unknown,0,0,1,1,0,0,0,0,0,0.0,0.05329697961312506,0.0,0.0,0,0,0.0,0,0.0026368781897943535,107.7,6059.0,1.0,0.014161274446548914,bank-of-anthos,scaling,0.0605956873456219,1,25,0,0,0.1889,0.0,0
ledgerwriter,unknown,0,0,1,1,0,0,0,0,0,0.0,0.04286293404225843,0.0,0.0,0,0,0.0,0,0.0020140677276608513,107.7,6059.0,1.0,0.018678788565005048,bank-of-anthos,deployment,0.4197706775508793,1,3,69,0,0.0749,0.0,0
ledgerwriter,unknown,0,0,1,1,0,0,0,0,0,0.0,0.06260544225427844,0.0,0.0,0,0,0.0,0,0.0021108029093414634,107.7,6059.0,1.0,0.015988779091273494,bank-of-anthos,config_change,0.08062324871464004,1,2,23,0,0.0514,0.0,0
ledgerwriter,unknown,0,0,1,1,0,0,0,0,0,0.0,0.05624047379865964,0.0,0.0,0,0,0.0,0,0.0011196417077331293,107.7,6059.0,1.0,0.016546816703673722,bank-of-anthos,code_change,0.5173627139263144,1,13,71,0,0.02,0.0,0
ledgerwriter,unknown,0,0,1,1,0,0,0,0,0,0.0,0.05323547921306636,0.0,0.0,0,0,0.0,0,0.0032452176461115426,107.7,6059.0,1.0,0.013392840647113956,bank-of-anthos,deployment,0.4977031492554562,1,14,29,0,0.0449,0.0,0
ledgerwriter,unknown,0,0,1,1,0,0,0,0,0,0.0,0.04313587705315372,0.0,0.0,0,0,0.0,0,0.0011098835198054592,107.7,6059.0,1.0,0.01562742083888154,bank-of-anthos,deployment,0.8783461558061285,1,28,38,0,0.0446,0.0,0
ledgerwriter,unknown,0,0,1,1,0,0,0,0,0,0.0,0.042172435130627496,0.0,0.0,0,0,0.0,0,0.0031737210924664134,107.7,6059.0,1.0,0.018524357983609522,bank-of-anthos,config_change,0.45015277145501226,1,25,8,0,0.0223,0.0,0
ledgerwriter,unknown,0,0,1,1,0,0,0,0,0,0.0,0.05548933134179981,0.0,0.0,0,0,0.0,0,0.003200890050860058,107.7,6059.0,1.0,0.01515122625833995,bank-of-anthos,code_change,0.7163342574350857,0,4,0,1,0.3884,0.0327,44
ledgerwriter,unknown,0,0,1,1,0,0,0,0,0,0.0,0.05006100339703091,0.0,0.0,0,0,0.0,0,0.0026101823066551596,107.7,6059.0,1.0,0.01371563707715631,bank-of-anthos,deployment,0.7200589898664561,1,14,33,0,0.0444,0.0,0
ledgerwriter,unknown,0,0,1,1,0,0,0,0,0,0.0,0.04360125519713718,0.0,0.0,0,0,0.0,0,0.001006142777570967,107.7,6059.0,1.0,0.01642796121472024,bank-of-anthos,deployment,0.5538762534974976,0,7,13,0,0.089,0.0,0
ledgerwriter,unknown,0,0,1,1,0,0,0,0,0,0.0,0.05140357984014832,0.0,0.0,0,0,0.0,0,0.0023380666194285625,107.7,6059.0,1.0,0.014605592751175909,bank-of-anthos,deployment,0.5405907794463161,0,26,27,0,0.0873,0.0,0
ledgerwriter,unknown,0,0,1,1,0,0,0,0,0,0.0,0.04558010408180813,0.0,0.0,0,0,0.0,0,0.0018614611599241848,107.7,6059.0,1.0,0.01553083728501684,bank-of-anthos,deployment,0.6165011085685007,0,9,5,0,0.2887,0.0,0
ledgerwriter,unknown,0,0,1,1,0,0,0,0,0,0.0,0.059207205241192364,0.0,0.0,0,0,0.0,0,0.0034093151706444816,107.7,6059.0,1.0,0.01626482414943323,bank-of-anthos,deployment,0.8206540150418072,1,8,3,0,0.1699,0.0,0
ledgerwriter,unknown,0,0,1,1,0,0,0,0,0,0.0,0.0399482881461698,0.0,0.0,0,0,0.0,0,0.0015875297678621624,107.7,6059.0,1.0,0.01732405834390976,bank-of-anthos,config_change,0.615989202284909,1,28,3,0,0.1684,0.0,0
ledgerwriter,unknown,0,0,1,1,0,0,0,0,0,0.0,0.04348099450390048,0.0,0.0,0,0,0.0,0,0.00269603249587974,107.7,6059.0,1.0,0.017359310401735363,bank-of-anthos,code_change,0.7075389662128444,1,9,41,0,0.0851,0.0,0
ledgerwriter,unknown,0,0,1,1,0,0,0,0,0,0.0,0.05436846310090232,0.0,0.0,0,0,0.0,0,0.0025741964410069865,107.7,6059.0,1.0,0.017205188919527218,bank-of-anthos,code_change,0.8194816605611466,0,17,43,0,0.0791,0.0,0
ledgerwriter,unknown,0,0,1,1,0,0,0,0,0,0.0,0.044186861321586585,0.0,0.0,0,0,0.0,0,0.00277366080006117,107.7,6059.0,1.0,0.01605860724663973,bank-of-anthos,deployment,0.5201859934348942,1,28,4,0,0.2618,0.0,0
ledgerwriter,unknown,0,0,1,1,0,0,0,0,0,0.0,0.056400675868723625,0.0,0.0,0,0,0.0,0,0.0020451528125164423,107.7,6059.0,1.0,0.01580036284787142,bank-of-anthos,scaling,0.16164387296384225,0,10,48,1,0.1462,0.2593,56
ledgerwriter,unknown,0,0,1,1,0,0,0,0,0,0.0,0.047588997859599476,0.0,0.0,0,0,0.0,0,0.0026915509044451186,107.7,6059.0,1.0,0.0113482084244125,bank-of-anthos,deployment,0.8150163141952667,0,27,6,1,0.4485,0.0683,34
ledgerwriter,unknown,0,0,1,1,0,0,0,0,0,0.0,0.04231899731233707,0.0,0.0,0,0,0.0,0,0.0014993248372189637,107.7,6059.0,1.0,0.011453219943776126,bank-of-anthos,deployment,0.5444405056348791,0,3,8,0,0.1555,0.0,0
ledgerwriter,unknown,0,0,1,1,0,0,0,0,0,0.0,0.039006859836266776,0.0,0.0,0,0,0.0,0,0.003310213619907832,107.7,6059.0,1.0,0.014410684129443734,bank-of-anthos,code_change,0.5752573027662272,0,19,15,0,0.02,0.0,0
ledgerwriter,unknown,0,0,1,1,0,0,0,0,0,0.0,0.038903042309855945,0.0,0.0,0,0,0.0,0,0.001596296750669646,107.7,6059.0,1.0,0.016001086648696105,bank-of-anthos,deployment,0.2157629332409442,1,4,25,0,0.0404,0.0,0
ledgerwriter,unknown,0,0,1,1,0,0,0,0,0,0.0,0.055322306263892944,0.0,0.0,0,0,0.0,0,0.0019344740262736432,107.7,6059.0,1.0,0.014390778936690548,bank-of-anthos,config_change,0.19740172440799725,1,9,13,0,0.02,0.0,0
ledgerwriter,unknown,0,0,1,1,0,0,0,0,0,0.0,0.03964295617175756,0.0,0.0,0,0,0.0,0,0.002981462950113719,107.7,6059.0,1.0,0.013756829181127207,bank-of-anthos,deployment,0.6004761272366188,1,8,51,0,0.0516,0.0,0
ledgerwriter,unknown,0,0,1,1,0,0,0,0,0,0.0,0.05217586884299463,0.0,0.0,0,0,0.0,0,0.0026787150901189365,107.7,6059.0,1.0,0.01729920860896087,bank-of-anthos,config_change,0.1566991196562983,1,28,1,1,0.2415,0.4202,93
ledgerwriter,unknown,0,0,1,1,0,0,0,0,0,0.0,0.04029524719374159,0.0,0.0,0,0,0.0,0,0.0010764621201571445,107.7,6059.0,1.0,0.01668575078646571,bank-of-anthos,deployment,0.6907887837808583,1,18,7,0,0.0557,0.0,0
ledgerwriter,unknown,0,0,1,1,0,0,0,0,0,0.0,0.0579602728985448,0.0,0.0,0,0,0.0,0,0.0015446982935744162,107.7,6059.0,1.0,0.016781867261916685,bank-of-anthos,deployment,0.3853503734193417,0,1,131,0,0.0233,0.0,0
ledgerwriter,unknown,0,0,1,1,0,0,0,0,0,0.0,0.054003146233085345,0.0,0.0,0,0,0.0,0,0.0034453757901648395,107.7,6059.0,1.0,0.012987537760375823,bank-of-anthos,config_change,0.14462801038981554,0,6,45,0,0.0952,0.0,0
ledgerwriter,unknown,0,0,1,1,0,0,0,0,0,0.0,0.059175546956334965,0.0,0.0,0,0,0.0,0,0.0025009378240725987,107.7,6059.0,1.0,0.0152773081717006,bank-of-anthos,config_change,0.2040338799627779,1,24,31,0,0.02,0.0,0
ledgerwriter,unknown,0,0,1,1,0,0,0,0,0,0.0,0.060079439077423163,0.0,0.0,0,0,0.0,0,0.0031266386079979026,107.7,6059.0,1.0,0.01569305838494638,bank-of-anthos,deployment,0.33555861355429867,1,20,57,0,0.0403,0.0,0
ledgerwriter,unknown,0,0,1,1,0,0,0,0,0,0.0,0.05943065450168527,0.0,0.0,0,0,0.0,0,0.0013340517193304322,107.7,6059.0,1.0,0.01682631192218706,bank-of-anthos,code_change,0.4089769927903734,1,29,29,0,0.0577,0.0,0
ledgerwriter,unknown,0,0,1,1,0,0,0,0,0,0.0,0.04094828277278407,0.0,0.0,0,0,0.0,0,0.001712601630756404,107.7,6059.0,1.0,0.011758777943288789,bank-of-anthos,code_change,0.7592400960704322,0,26,108,1,0.1384,0.1974,46
ledgerwriter,unknown,0,0,1,1,0,0,0,0,0,0.0,0.05571741652961309,0.0,0.0,0,0,0.0,0,0.0013078563078084307,107.7,6059.0,1.0,0.018381476716878075,bank-of-anthos,config_change,0.19790922578300663,0,29,15,0,0.1079,0.0,0
ledgerwriter,unknown,0,0,1,1,0,0,0,0,0,0.0,0.05817295836614648,0.0,0.0,0,0,0.0,0,0.0025907948684048216,107.7,6059.0,1.0,0.016957679932072492,bank-of-anthos,deployment,0.6178209616651069,0,20,16,1,0.118,0.0593,43
ledgerwriter,unknown,0,0,1,1,0,0,0,0,0,0.0,0.04451377153379301,0.0,0.0,0,0,0.0,0,0.0025690204826589215,107.7,6059.0,1.0,0.01499166115088517,bank-of-anthos,code_change,0.5770783182138576,0,11,1,1,0.311,0.1114,46
ledgerwriter,unknown,0,0,1,1,0,0,0,0,0,0.0,0.058815126526425836,0.0,0.0,0,0,0.0,0,0.0033160049713634246,107.7,6059.0,1.0,0.011850861347885063,bank-of-anthos,config_change,0.14904444163880165,1,3,1,0,0.1874,0.0,0
accounts-db,unknown,0,0,1,1,0,0,0,0,0,0.0,0.05670636524653063,0.0,0.0,0,0,0.0,0,0.0026558793531367294,107.7,6059.0,1.0,0.018560948716100874,bank-of-anthos,deployment,0.359791413723845,1,26,38,0,0.02,0.0,0
accounts-db,unknown,0,0,1,1,0,0,0,0,0,0.0,0.06064712381766578,0.0,0.0,0,0,0.0,0,0.0024993458872020783,107.7,6059.0,1.0,0.013326208479262887,bank-of-anthos,scaling,0.6907412048618407,0,21,71,0,0.0925,0.0,0
accounts-db,unknown,0,0,1,1,0,0,0,0,0,0.0,0.053480326388755044,0.0,0.0,0,0,0.0,0,0.0015969602682930444,107.7,6059.0,1.0,0.018520592417514657,bank-of-anthos,config_change,0.5180230467222461,1,7,2,0,0.2238,0.0,0
accounts-db,unknown,0,0,1,1,0,0,0,0,0,0.0,0.057145875938835224,0.0,0.0,0,0,0.0,0,0.0030753094129651434,107.7,6059.0,1.0,0.017581278367268978,bank-of-anthos,config_change,0.19075787334954644,0,16,82,0,0.1566,0.0,0
accounts-db,unknown,0,0,1,1,0,0,0,0,0,0.0,0.060506458221898804,0.0,0.0,0,0,0.0,0,0.0027005334953744816,107.7,6059.0,1.0,0.014916349351926901,bank-of-anthos,deployment,0.21516232304878383,0,20,17,0,0.1105,0.0,0
accounts-db,unknown,0,0,1,1,0,0,0,0,0,0.0,0.06211704855892722,0.0,0.0,0,0,0.0,0,0.0026789907696281746,107.7,6059.0,1.0,0.012867563642982879,bank-of-anthos,deployment,0.29153277647902587,0,29,15,0,0.1361,0.0,0
accounts-db,unknown,0,0,1,1,0,0,0,0,0,0.0,0.04945917738959504,0.0,0.0,0,0,0.0,0,0.001,107.7,6059.0,1.0,0.015333668234706372,bank-of-anthos,deployment,0.6120003668413105,1,7,14,0,0.1021,0.0,0
accounts-db,unknown,0,0,1,1,0,0,0,0,0,0.0,0.04851985033817076,0.0,0.0,0,0,0.0,0,0.0029651848061637465,107.7,6059.0,1.0,0.015809288195950833,bank-of-anthos,code_change,0.5054581596960539,1,11,3,0,0.1354,0.0,0
accounts-db,unknown,0,0,1,1,0,0,0,0,0,0.0,0.04144339919763262,0.0,0.0,0,0,0.0,0,0.0023179411359010626,107.7,6059.0,1.0,0.012610787607717201,bank-of-anthos,code_change,0.8018473597029909,1,24,23,0,0.0263,0.0,0
accounts-db,unknown,0,0,1,1,0,0,0,0,0,0.0,0.06132681992598412,0.0,0.0,0,0,0.0,0,0.0016419762959799674,107.7,6059.0,1.0,0.017103941364328964,bank-of-anthos,code_change,0.8946666600547283,1,18,5,1,0.2517,0.3227,65
accounts-db,unknown,0,0,1,1,0,0,0,0,0,0.0,0.056022434009353396,0.0,0.0,0,0,0.0,0,0.0028557148062476013,107.7,6059.0,1.0,0.012030822370381247,bank-of-anthos,config_change,0.22392712779140306,0,10,7,0,0.0907,0.0,0
accounts-db,unknown,0,0,1,1,0,0,0,0,0,0.0,0.0468379563305826,0.0,0.0,0,0,0.0,0,0.0024060152268990673,107.7,6059.0,1.0,0.01621379392387034,bank-of-anthos,code_change,0.511842061418589,0,21,6,0,0.2743,0.0,0
accounts-db,unknown,0,0,1,1,0,0,0,0,0,0.0,0.06368942257895231,0.0,0.0,0,0,0.0,0,0.002306586538634514,107.7,6059.0,1.0,0.01756524970782316,bank-of-anthos,config_change,0.32348294716880266,1,21,1,0,0.1665,0.0,0
accounts-db,unknown,0,0,1,1,0,0,0,0,0,0.0,0.06182174430953857,0.0,0.0,0,0,0.0,0,0.0014629783887648066,107.7,6059.0,1.0,0.01763568718308822,bank-of-anthos,scaling,0.41432790826997506,1,24,46,0,0.02,0.0,0
accounts-db,unknown,0,0,1,1,0,0,0,0,0,0.0,0.06190773434575704,0.0,0.0,0,0,0.0,0,0.001372064293603114,107.7,6059.0,1.0,0.016986073506772465,bank-of-anthos,config_change,0.1359093707737761,0,4,98,0,0.1454,0.0,0
accounts-db,unknown,0,0,1,1,0,0,0,0,0,0.0,0.04221352273374306,0.0,0.0,0,0,0.0,0,0.0010570422478647847,107.7,6059.0,1.0,0.0146985031782699,bank-of-anthos,scaling,0.4642774344868696,0,4,10,1,0.1351,0.3216,62
accounts-db,unknown,0,0,1,1,0,0,0,0,0,0.0,0.03861077060163817,0.0,0.0,0,0,0.0,0,0.0016014956636115924,107.7,6059.0,1.0,0.011393942076172926,bank-of-anthos,code_change,0.8261318012375376,0,29,48,1,0.1192,0.2466,60
accounts-db,unknown,0,0,1,1,0,0,0,0,0,0.0,0.05843631704616018,0.0,0.0,0,0,0.0,0,0.0015876106795243382,107.7,6059.0,1.0,0.01453202343041544,bank-of-anthos,code_change,0.8884388139158786,1,18,2,0,0.1604,0.0,0
accounts-db,unknown,0,0,1,1,0,0,0,0,0,0.0,0.06276998643585871,0.0,0.0,0,0,0.0,0,0.0018441987203137934,107.7,6059.0,1.0,0.013474016859657415,bank-of-anthos,code_change,0.34512278937739743,1,23,9,0,0.0504,0.0,0
accounts-db,unknown,0,0,1,1,0,0,0,0,0,0.0,0.05873811377838371,0.0,0.0,0,0,0.0,0,0.0024725411771595656,107.7,6059.0,1.0,0.015764111922272415,bank-of-anthos,code_change,0.5123484836062058,1,7,13,0,0.02,0.0,0
accounts-db,unknown,0,0,1,1,0,0,0,0,0,0.0,0.060339132208263556,0.0,0.0,0,0,0.0,0,0.0029386132076149513,107.7,6059.0,1.0,0.013141807651300212,bank-of-anthos,config_change,0.2701630500363129,0,16,125,0,0.1153,0.0,0
accounts-db,unknown,0,0,1,1,0,0,0,0,0,0.0,0.04593202836570316,0.0,0.0,0,0,0.0,0,0.0026179866557439696,107.7,6059.0,1.0,0.017799921868956056,bank-of-anthos,code_change,0.8211092835585421,1,29,3,1,0.2844,0.1564,57
accounts-db,unknown,0,0,1,1,0,0,0,0,0,0.0,0.042133369280907274,0.0,0.0,0,0,0.0,0,0.0018944357323684906,107.7,6059.0,1.0,0.018722507532204353,bank-of-anthos,config_change,0.3191429370493139,1,21,0,0,0.1437,0.0,0
accounts-db,unknown,0,0,1,1,0,0,0,0,0,0.0,0.053749569363834994,0.0,0.0,0,0,0.0,0,0.003127633407486167,107.7,6059.0,1.0,0.013273655400961606,bank-of-anthos,config_change,0.5116572097800758,1,13,4,1,0.1842,0.0369,48
accounts-db,unknown,0,0,1,1,0,0,0,0,0,0.0,0.04758494886011815,0.0,0.0,0,0,0.0,0,0.0031455820179245885,107.7,6059.0,1.0,0.011431438229185163,bank-of-anthos,deployment,0.7698008295428707,0,24,18,0,0.0644,0.0,0
accounts-db,unknown,0,0,1,1,0,0,0,0,0,0.0,0.05752847676370213,0.0,0.0,0,0,0.0,0,0.0010540477471083867,107.7,6059.0,1.0,0.01176718512267316,bank-of-anthos,deployment,0.4873137875721761,0,23,17,1,0.0937,0.2527,61
accounts-db,unknown,0,0,1,1,0,0,0,0,0,0.0,0.05504475210500743,0.0,0.0,0,0,0.0,0,0.00352441439000515,107.7,6059.0,1.0,0.01472949365016252,bank-of-anthos,config_change,0.17045998155619818,0,25,24,0,0.0692,0.0,0
accounts-db,unknown,0,0,1,1,0,0,0,0,0,0.0,0.062493935325941476,0.0,0.0,0,0,0.0,0,0.002011766962278173,107.7,6059.0,1.0,0.014717216707504553,bank-of-anthos,config_change,0.15818104612948314,1,2,46,0,0.02,0.0,0
accounts-db,unknown,0,0,1,1,0,0,0,0,0,0.0,0.04985922957428035,0.0,0.0,0,0,0.0,0,0.0010760523964033284,107.7,6059.0,1.0,0.011453755659191697,bank-of-anthos,config_change,0.20615747705818954,1,24,14,0,0.0257,0.0,0
accounts-db,unknown,0,0,1,1,0,0,0,0,0,0.0,0.05611092180016164,0.0,0.0,0,0,0.0,0,0.0033465867878675693,107.7,6059.0,1.0,0.017678844427490646,bank-of-anthos,deployment,0.4930902671424735,0,13,28,0,0.1212,0.0,0
accounts-db,unknown,0,0,1,1,0,0,0,0,0,0.0,0.03865104802194827,0.0,0.0,0,0,0.0,0,0.0033036967431480657,107.7,6059.0,1.0,0.01664515216776869,bank-of-anthos,deployment,0.24433055446800714,1,21,11,0,0.0859,0.0,0
accounts-db,unknown,0,0,1,1,0,0,0,0,0,0.0,0.0444582993249646,0.0,0.0,0,0,0.0,0,0.0029218311098009276,107.7,6059.0,1.0,0.014627632341790594,bank-of-anthos,config_change,0.045243862157959384,1,19,4,0,0.161,0.0,0
accounts-db,unknown,0,0,1,1,0,0,0,0,0,0.0,0.0514285526735042,0.0,0.0,0,0,0.0,0,0.0017206552833499541,107.7,6059.0,1.0,0.011498920159218197,bank-of-anthos,config_change,0.30792759597076946,1,20,24,0,0.02,0.0,0
accounts-db,unknown,0,0,1,1,0,0,0,0,0,0.0,0.061788131888498264,0.0,0.0,0,0,0.0,0,0.0033590794364385707,107.7,6059.0,1.0,0.013441636728464232,bank-of-anthos,code_change,0.8035564029580549,0,21,23,1,0.1088,0.1601,55
accounts-db,unknown,0,0,1,1,0,0,0,0,0,0.0,0.06019414927243642,0.0,0.0,0,0,0.0,0,0.0025172419720784684,107.7,6059.0,1.0,0.01748530135789282,bank-of-anthos,deployment,0.5765737251334517,1,13,11,0,0.0937,0.0,0
accounts-db,unknown,0,0,1,1,0,0,0,0,0,0.0,0.04099210738575439,0.0,0.0,0,0,0.0,0,0.0034664338419827492,107.7,6059.0,1.0,0.016141681946591043,bank-of-anthos,config_change,0.1553735731030335,0,11,19,0,0.109,0.0,0
accounts-db,unknown,0,0,1,1,0,0,0,0,0,0.0,0.04108923155719269,0.0,0.0,0,0,0.0,0,0.0022842028600823243,107.7,6059.0,1.0,0.015540364825269755,bank-of-anthos,deployment,0.35291811378404786,0,11,21,0,0.1191,0.0,0
accounts-db,unknown,0,0,1,1,0,0,0,0,0,0.0,0.05386244916780569,0.0,0.0,0,0,0.0,0,0.0031172353628856116,107.7,6059.0,1.0,0.018412953836137416,bank-of-anthos,deployment,0.3748987120830798,1,20,3,0,0.1784,0.0,0
accounts-db,unknown,0,0,1,1,0,0,0,0,0,0.0,0.05567067200662653,0.0,0.0,0,0,0.0,0,0.002617459325305764,107.7,6059.0,1.0,0.011325983880208074,bank-of-anthos,scaling,0.5047954225034279,1,2,22,0,0.02,0.0,0
accounts-db,unknown,0,0,1,1,0,0,0,0,0,0.0,0.056023882211512076,0.0,0.0,0,0,0.0,0,0.0017270464467011742,107.7,6059.0,1.0,0.013315358806915638,bank-of-anthos,code_change,0.8054505560009336,1,13,11,0,0.02,0.0,0
accounts-db,unknown,0,0,1,1,0,0,0,0,0,0.0,0.042275740597490806,0.0,0.0,0,0,0.0,0,0.0018196312497694874,107.7,6059.0,1.0,0.016026767380910575,bank-of-anthos,deployment,0.2667589679643618,1,7,132,0,0.1146,0.0,0
accounts-db,unknown,0,0,1,1,0,0,0,0,0,0.0,0.042417945626700836,0.0,0.0,0,0,0.0,0,0.0016809608843261672,107.7,6059.0,1.0,0.014688922566614181,bank-of-anthos,scaling,0.5592552010932599,1,9,97,0,0.02,0.0,0
accounts-db,unknown,0,0,1,1,0,0,0,0,0,0.0,0.04495557287985862,0.0,0.0,0,0,0.0,0,0.0016296687687531147,107.7,6059.0,1.0,0.013818359841260348,bank-of-anthos,scaling,0.04553189219636246,1,19,20,0,0.0346,0.0,0
accounts-db,unknown,0,0,1,1,0,0,0,0,0,0.0,0.06156781891149959,0.0,0.0,0,0,0.0,0,0.0012527613283233496,107.7,6059.0,1.0,0.017774768697357637,bank-of-anthos,code_change,0.7127547920831442,1,5,18,0,0.02,0.0,0
accounts-db,unknown,0,0,1,1,0,0,0,0,0,0.0,0.053079870656178245,0.0,0.0,0,0,0.0,0,0.0031343010896870186,107.7,6059.0,1.0,0.014306881564303625,bank-of-anthos,code_change,0.6734197954750464,1,13,56,0,0.02,0.0,0
accounts-db,unknown,0,0,1,1,0,0,0,0,0,0.0,0.045979227511542646,0.0,0.0,0,0,0.0,0,0.0014689034024414486,107.7,6059.0,1.0,0.013340699043109147,bank-of-anthos,scaling,0.472834523379525,1,25,40,0,0.0411,0.0,0
accounts-db,unknown,0,0,1,1,0,0,0,0,0,0.0,0.0487315205833071,0.0,0.0,0,0,0.0,0,0.0030822350670248995,107.7,6059.0,1.0,0.01208248574093486,bank-of-anthos,scaling,0.06839578759598872,1,21,1,0,0.2119,0.0,0
accounts-db,unknown,0,0,1,1,0,0,0,0,0,0.0,0.04410452070404264,0.0,0.0,0,0,0.0,0,0.0018660980271065818,107.7,6059.0,1.0,0.01577619822032534,bank-of-anthos,config_change,0.27170217319000567,1,24,48,0,0.02,0.0,0
accounts-db,unknown,0,0,1,1,0,0,0,0,0,0.0,0.039717217669891926,0.0,0.0,0,0,0.0,0,0.0022800486759405204,107.7,6059.0,1.0,0.011251010197533641,bank-of-anthos,code_change,0.4960441947471493,0,11,9,0,0.0766,0.0,0
accounts-db,unknown,0,0,1,1,0,0,0,0,0,0.0,0.05588401854295793,0.0,0.0,0,0,0.0,0,0.002800414147412694,107.7,6059.0,1.0,0.015995339090614506,bank-of-anthos,scaling,0.5761999734253018,0,23,30,1,0.1299,0.3391,56
transactionhistory,unknown,0,0,1,1,0,0,0,0,0,0.0,0.05039691904132531,0.0,0.0,0,0,0.0,0,0.0025409307300823507,107.7,6059.0,1.0,0.01633359900232533,bank-of-anthos,config_change,0.13791712588106186,1,6,66,0,0.02,0.0,0
transactionhistory,unknown,0,0,1,1,0,0,0,0,0,0.0,0.04694894744554958,0.0,0.0,0,0,0.0,0,0.0022307343780081056,107.7,6059.0,1.0,0.014352320061889764,bank-of-anthos,config_change,0.014930507555798616,1,10,44,0,0.02,0.0,0
transactionhistory,unknown,0,0,1,1,0,0,0,0,0,0.0,0.03877740160464406,0.0,0.0,0,0,0.0,0,0.0018398581015543777,107.7,6059.0,1.0,0.015134703957844341,bank-of-anthos,scaling,0.10506748043354716,1,9,2,1,0.2538,0.4427,72
transactionhistory,unknown,0,0,1,1,0,0,0,0,0,0.0,0.04208417182777995,0.0,0.0,0,0,0.0,0,0.0027201517979473697,107.7,6059.0,1.0,0.014161242795952465,bank-of-anthos,scaling,0.09987351744593134,0,5,0,0,0.3162,0.0,0
transactionhistory,unknown,0,0,1,1,0,0,0,0,0,0.0,0.04534828861703012,0.0,0.0,0,0,0.0,0,0.0020686032059655667,107.7,6059.0,1.0,0.015349328565242211,bank-of-anthos,deployment,0.5345447311952394,0,28,157,0,0.1494,0.0,0
transactionhistory,unknown,0,0,1,1,0,0,0,0,0,0.0,0.04318663703000754,0.0,0.0,0,0,0.0,0,0.003492366131894707,107.7,6059.0,1.0,0.018327761946151655,bank-of-anthos,code_change,0.339468808701439,1,20,5,0,0.2105,0.0,0
transactionhistory,unknown,0,0,1,1,0,0,0,0,0,0.0,0.04400350804594215,0.0,0.0,0,0,0.0,0,0.0011575780487456686,107.7,6059.0,1.0,0.016716460817024603,bank-of-anthos,config_change,0.28686760543264084,1,29,1,0,0.1876,0.0,0
transactionhistory,unknown,0,0,1,1,0,0,0,0,0,0.0,0.044742629966598085,0.0,0.0,0,0,0.0,0,0.0015490770648124686,107.7,6059.0,1.0,0.01617473305280907,bank-of-anthos,deployment,0.3739778208971272,1,13,26,0,0.0543,0.0,0
transactionhistory,unknown,0,0,1,1,0,0,0,0,0,0.0,0.05050050745254611,0.0,0.0,0,0,0.0,0,0.0014025669239340396,107.7,6059.0,1.0,0.015683477274438876,bank-of-anthos,deployment,0.37864617100604187,1,21,44,0,0.02,0.0,0
transactionhistory,unknown,0,0,1,1,0,0,0,0,0,0.0,0.05168038443658613,0.0,0.0,0,0,0.0,0,0.0017213365430179585,107.7,6059.0,1.0,0.012945939984372538,bank-of-anthos,deployment,0.823526131257624,1,9,11,0,0.0632,0.0,0
transactionhistory,unknown,0,0,1,1,0,0,0,0,0,0.0,0.04033364289896856,0.0,0.0,0,0,0.0,0,0.003007705637049004,107.7,6059.0,1.0,0.012504909780007952,bank-of-anthos,config_change,0.556691105922177,1,3,21,0,0.02,0.0,0
transactionhistory,unknown,0,0,1,1,0,0,0,0,0,0.0,0.04533213360934369,0.0,0.0,0,0,0.0,0,0.0018061482265285755,107.7,6059.0,1.0,0.013840064641836658,bank-of-anthos,scaling,0.3565870497163273,1,15,14,0,0.0427,0.0,0
transactionhistory,unknown,0,0,1,1,0,0,0,0,0,0.0,0.05634017692359092,0.0,0.0,0,0,0.0,0,0.001039505548476495,107.7,6059.0,1.0,0.018502764564421095,bank-of-anthos,config_change,0.3272232759610889,1,12,4,0,0.1641,0.0,0
transactionhistory,unknown,0,0,1,1,0,0,0,0,0,0.0,0.05555185147668717,0.0,0.0,0,0,0.0,0,0.0017282968187097812,107.7,6059.0,1.0,0.013407245467827586,bank-of-anthos,deployment,0.09486221161256839,0,23,10,0,0.2107,0.0,0
transactionhistory,unknown,0,0,1,1,0,0,0,0,0,0.0,0.05751735403407848,0.0,0.0,0,0,0.0,0,0.002066451104505166,107.7,6059.0,1.0,0.013322393313493901,bank-of-anthos,scaling,0.5149796213628265,0,12,40,0,0.0879,0.0,0
transactionhistory,unknown,0,0,1,1,0,0,0,0,0,0.0,0.053753390344694486,0.0,0.0,0,0,0.0,0,0.0017026851338298008,107.7,6059.0,1.0,0.018385674156341743,bank-of-anthos,deployment,0.5463029826735837,0,28,8,0,0.1795,0.0,0
transactionhistory,unknown,0,0,1,1,0,0,0,0,0,0.0,0.05714927988360951,0.0,0.0,0,0,0.0,0,0.0027930769049271786,107.7,6059.0,1.0,0.015656894033320514,bank-of-anthos,config_change,0.23279595261161676,1,28,15,0,0.02,0.0,0
transactionhistory,unknown,0,0,1,1,0,0,0,0,0,0.0,0.044939647092855146,0.0,0.0,0,0,0.0,0,0.0024915257716086824,107.7,6059.0,1.0,0.011317906211852783,bank-of-anthos,config_change,0.07236679353728905,0,26,40,0,0.0851,0.0,0
transactionhistory,unknown,0,0,1,1,0,0,0,0,0,0.0,0.058901040368047164,0.0,0.0,0,0,0.0,0,0.0014407614482425898,107.7,6059.0,1.0,0.015331904745852732,bank-of-anthos,config_change,0.30849241374014263,1,27,26,0,0.02,0.0,0
transactionhistory,unknown,0,0,1,1,0,0,0,0,0,0.0,0.04963707966963446,0.0,0.0,0,0,0.0,0,0.0031268067408369207,107.7,6059.0,1.0,0.011730047599564657,bank-of-anthos,deployment,0.43031795884785284,0,15,78,0,0.1326,0.0,0
transactionhistory,unknown,0,0,1,1,0,0,0,0,0,0.0,0.05913191744811726,0.0,0.0,0,0,0.0,0,0.0017364785633706662,107.7,6059.0,1.0,0.013418905847219623,bank-of-anthos,deployment,0.7031615523967879,1,23,11,0,0.02,0.0,0
transactionhistory,unknown,0,0,1,1,0,0,0,0,0,0.0,0.05562648713124001,0.0,0.0,0,0,0.0,0,0.002085868623374237,107.7,6059.0,1.0,0.01686266890249305,bank-of-anthos,config_change,0.4450362053958418,0,4,5,1,0.3256,0.5554,84
transactionhistory,unknown,0,0,1,1,0,0,0,0,0,0.0,0.05255858273376093,0.0,0.0,0,0,0.0,0,0.002780360478997489,107.7,6059.0,1.0,0.015306787528785606,bank-of-anthos,code_change,0.8447303368973057,1,16,3,0,0.1737,0.0,0
transactionhistory,unknown,0,0,1,1,0,0,0,0,0,0.0,0.0387920094531019,0.0,0.0,0,0,0.0,0,0.0024138313963351647,107.7,6059.0,1.0,0.014806912657327151,bank-of-anthos,config_change,0.0837125339843397,1,25,51,0,0.02,0.0,0
transactionhistory,unknown,0,0,1,1,0,0,0,0,0,0.0,0.05886136589991451,0.0,0.0,0,0,0.0,0,0.0032688462234586645,107.7,6059.0,1.0,0.011752302090189536,bank-of-anthos,deployment,0.5811591441121841,0,11,48,0,0.0262,0.0,0
transactionhistory,unknown,0,0,1,1,0,0,0,0,0,0.0,0.03854260694388153,0.0,0.0,0,0,0.0,0,0.001,107.7,6059.0,1.0,0.014879920261348102,bank-of-anthos,code_change,0.41114553243059876,1,23,41,0,0.0242,0.0,0
transactionhistory,unknown,0,0,1,1,0,0,0,0,0,0.0,0.057716038822559934,0.0,0.0,0,0,0.0,0,0.0024627782371822392,107.7,6059.0,1.0,0.017918459429550074,bank-of-anthos,config_change,0.38272184619187055,0,10,8,0,0.1015,0.0,0
transactionhistory,unknown,0,0,1,1,0,0,0,0,0,0.0,0.04527782029204845,0.0,0.0,0,0,0.0,0,0.0026182105601401107,107.7,6059.0,1.0,0.018293013595877188,bank-of-anthos,deployment,0.45080656667613855,1,8,32,0,0.0476,0.0,0
transactionhistory,unknown,0,0,1,1,0,0,0,0,0,0.0,0.06079437153097099,0.0,0.0,0,0,0.0,0,0.002700487956525277,107.7,6059.0,1.0,0.011542344904958477,bank-of-anthos,deployment,0.671404950482649,1,8,25,0,0.0578,0.0,0
transactionhistory,unknown,0,0,1,1,0,0,0,0,0,0.0,0.052796279314968844,0.0,0.0,0,0,0.0,0,0.001,107.7,6059.0,1.0,0.012990136352316078,bank-of-anthos,code_change,0.6772019227318096,1,17,29,0,0.0325,0.0,0
transactionhistory,unknown,0,0,1,1,0,0,0,0,0,0.0,0.062070819429507186,0.0,0.0,0,0,0.0,0,0.0035882039956469853,107.7,6059.0,1.0,0.012837269239273958,bank-of-anthos,scaling,0.4930673261675526,0,14,33,0,0.0671,0.0,0
transactionhistory,unknown,0,0,1,1,0,0,0,0,0,0.0,0.053642617686300666,0.0,0.0,0,0,0.0,0,0.0027029535973285127,107.7,6059.0,1.0,0.014663789938002424,bank-of-anthos,code_change,0.4720861265383602,1,28,23,0,0.02,0.0,0
transactionhistory,unknown,0,0,1,1,0,0,0,0,0,0.0,0.04914620483981026,0.0,0.0,0,0,0.0,0,0.0032838700046005495,107.7,6059.0,1.0,0.01785729754229743,bank-of-anthos,config_change,0.36530716282708736,1,9,48,0,0.0327,0.0,0
transactionhistory,unknown,0,0,1,1,0,0,0,0,0,0.0,0.06229633926287885,0.0,0.0,0,0,0.0,0,0.0014691413741850772,107.7,6059.0,1.0,0.011782761667830014,bank-of-anthos,deployment,0.16925459830649137,0,29,42,0,0.1169,0.0,0
transactionhistory,unknown,0,0,1,1,0,0,0,0,0,0.0,0.03992758726665588,0.0,0.0,0,0,0.0,0,0.0018251418956108083,107.7,6059.0,1.0,0.01235191442687828,bank-of-anthos,code_change,0.28867288605588487,0,17,21,0,0.1375,0.0,0
transactionhistory,unknown,0,0,1,1,0,0,0,0,0,0.0,0.05685468012584133,0.0,0.0,0,0,0.0,0,0.0032279480288771095,107.7,6059.0,1.0,0.017077869642388173,bank-of-anthos,deployment,0.6725260240660117,1,6,20,0,0.02,0.0,0
transactionhistory,unknown,0,0,1,1,0,0,0,0,0,0.0,0.04334791392487323,0.0,0.0,0,0,0.0,0,0.0024641490599872323,107.7,6059.0,1.0,0.015507954884482908,bank-of-anthos,config_change,0.0779212882975295,1,5,25,0,0.02,0.0,0
transactionhistory,unknown,0,0,1,1,0,0,0,0,0,0.0,0.05871302296161729,0.0,0.0,0,0,0.0,0,0.0031818262990392938,107.7,6059.0,1.0,0.01542588683196141,bank-of-anthos,code_change,0.8382973113859005,1,8,9,0,0.0467,0.0,0
transactionhistory,unknown,0,0,1,1,0,0,0,0,0,0.0,0.04363210274518987,0.0,0.0,0,0,0.0,0,0.002159008414937511,107.7,6059.0,1.0,0.014760517906757177,bank-of-anthos,code_change,0.8278771395836726,1,23,15,0,0.02,0.0,0
transactionhistory,unknown,0,0,1,1,0,0,0,0,0,0.0,0.03922097394577917,0.0,0.0,0,0,0.0,0,0.001333834878721982,107.7,6059.0,1.0,0.017543852962352238,bank-of-anthos,deployment,0.21510291903164386,0,18,9,0,0.0992,0.0,0
transactionhistory,unknown,0,0,1,1,0,0,0,0,0,0.0,0.04822598877224756,0.0,0.0,0,0,0.0,0,0.0023167862216858666,107.7,6059.0,1.0,0.01745143920729565,bank-of-anthos,code_change,0.754592823155929,1,28,9,0,0.0989,0.0,0
transactionhistory,unknown,0,0,1,1,0,0,0,0,0,0.0,0.05662582844768085,0.0,0.0,0,0,0.0,0,0.001742074476562058,107.7,6059.0,1.0,0.01867581634565149,bank-of-anthos,deployment,0.6475244263358442,1,28,6,1,0.252,0.2105,71
transactionhistory,unknown,0,0,1,1,0,0,0,0,0,0.0,0.057673437370232325,0.0,0.0,0,0,0.0,0,0.002691513703566321,107.7,6059.0,1.0,0.012843354578966047,bank-of-anthos,config_change,0.43264638181882686,1,21,9,0,0.02,0.0,0
transactionhistory,unknown,0,0,1,1,0,0,0,0,0,0.0,0.05356033421753275,0.0,0.0,0,0,0.0,0,0.0023760783415947514,107.7,6059.0,1.0,0.012124373059167724,bank-of-anthos,scaling,0.7203313035182975,1,17,32,0,0.02,0.0,0
transactionhistory,unknown,0,0,1,1,0,0,0,0,0,0.0,0.043814930320090886,0.0,0.0,0,0,0.0,0,0.001,107.7,6059.0,1.0,0.016791500078497744,bank-of-anthos,config_change,0.12881200099088816,0,28,51,0,0.1167,0.0,0
transactionhistory,unknown,0,0,1,1,0,0,0,0,0,0.0,0.047507608955696494,0.0,0.0,0,0,0.0,0,0.001847211595204542,107.7,6059.0,1.0,0.014830127985918009,bank-of-anthos,deployment,0.23102135414044367,1,14,55,0,0.02,0.0,0
transactionhistory,unknown,0,0,1,1,0,0,0,0,0,0.0,0.051911941330825905,0.0,0.0,0,0,0.0,0,0.001335290792332831,107.7,6059.0,1.0,0.014308110787520492,bank-of-anthos,config_change,0.234276975887204,1,4,28,0,0.029,0.0,0
transactionhistory,unknown,0,0,1,1,0,0,0,0,0,0.0,0.04103425678556973,0.0,0.0,0,0,0.0,0,0.002677031525603448,107.7,6059.0,1.0,0.01631867193828055,bank-of-anthos,deployment,0.3118255399067114,0,13,5,1,0.3277,0.381,103
transactionhistory,unknown,0,0,1,1,0,0,0,0,0,0.0,0.05961240921897219,0.0,0.0,0,0,0.0,0,0.0019234093105341946,107.7,6059.0,1.0,0.014484762797557608,bank-of-anthos,scaling,0.575254498222156,1,17,11,0,0.02,0.0,0
transactionhistory,unknown,0,0,1,1,0,0,0,0,0,0.0,0.03898737329642178,0.0,0.0,0,0,0.0,0,0.0012250464627305401,107.7,6059.0,1.0,0.016410341678055967,bank-of-anthos,scaling,0.6591189864902132,1,13,5,0,0.205,0.0,0
ledger-db,unknown,0,0,1,1,0,0,0,0,0,0.0,0.04430341789787225,0.0,0.0,0,0,0.0,0,0.001265740749345665,107.7,6059.0,1.0,0.018560179470364136,bank-of-anthos,deployment,0.3974843023829191,1,1,26,0,0.02,0.0,0
ledger-db,unknown,0,0,1,1,0,0,0,0,0,0.0,0.05237946209590107,0.0,0.0,0,0,0.0,0,0.0030752517744810234,107.7,6059.0,1.0,0.01749272654745746,bank-of-anthos,deployment,0.7138735397923726,1,10,61,0,0.02,0.0,0
ledger-db,unknown,0,0,1,1,0,0,0,0,0,0.0,0.04518144429163086,0.0,0.0,0,0,0.0,0,0.0010530371668477556,107.7,6059.0,1.0,0.01634772912625009,bank-of-anthos,deployment,0.8547654457333932,0,26,67,0,0.0699,0.0,0
ledger-db,unknown,0,0,1,1,0,0,0,0,0,0.0,0.04753995236185859,0.0,0.0,0,0,0.0,0,0.003579970847816961,107.7,6059.0,1.0,0.011859222261050044,bank-of-anthos,deployment,0.4197773641053458,0,14,28,0,0.0432,0.0,0
ledger-db,unknown,0,0,1,1,0,0,0,0,0,0.0,0.03874285536369934,0.0,0.0,0,0,0.0,0,0.003578299417544337,107.7,6059.0,1.0,0.01792435032272147,bank-of-anthos,deployment,0.7494005373871131,0,4,116,0,0.165,0.0,0
ledger-db,unknown,0,0,1,1,0,0,0,0,0,0.0,0.044110741028239614,0.0,0.0,0,0,0.0,0,0.002917111321248378,107.7,6059.0,1.0,0.015939976274658405,bank-of-anthos,deployment,0.6204676826749613,1,14,79,1,0.02,0.0632,48
ledger-db,unknown,0,0,1,1,0,0,0,0,0,0.0,0.05368375454190413,0.0,0.0,0,0,0.0,0,0.0012868599384971307,107.7,6059.0,1.0,0.01429942903019604,bank-of-anthos,code_change,0.5372177149551011,1,9,0,1,0.2729,0.5049,91
ledger-db,unknown,0,0,1,1,0,0,0,0,0,0.0,0.04097190325650097,0.0,0.0,0,0,0.0,0,0.001219190280185939,107.7,6059.0,1.0,0.01709865663007551,bank-of-anthos,deployment,0.2514317832256255,1,12,28,0,0.1583,0.0,0
ledger-db,unknown,0,0,1,1,0,0,0,0,0,0.0,0.060652114000780966,0.0,0.0,0,0,0.0,0,0.0017827407657090232,107.7,6059.0,1.0,0.017343553657831287,bank-of-anthos,config_change,0.09274562341963415,0,17,35,0,0.1,0.0,0
ledger-db,unknown,0,0,1,1,0,0,0,0,0,0.0,0.049649554230117146,0.0,0.0,0,0,0.0,0,0.001238984432725888,107.7,6059.0,1.0,0.012721842875296242,bank-of-anthos,config_change,0.11149805504616102,1,24,1,0,0.3339,0.0,0
ledger-db,unknown,0,0,1,1,0,0,0,0,0,0.0,0.04765105415419654,0.0,0.0,0,0,0.0,0,0.0027946933394685943,107.7,6059.0,1.0,0.012674521023431706,bank-of-anthos,scaling,0.5835586701068213,1,10,33,0,0.02,0.0,0
ledger-db,unknown,0,0,1,1,0,0,0,0,0,0.0,0.047983665735332484,0.0,0.0,0,0,0.0,0,0.001337192117906977,107.7,6059.0,1.0,0.015044487407396688,bank-of-anthos,config_change,0.18033876422660414,1,13,31,1,0.068,0.312,85
ledger-db,unknown,0,0,1,1,0,0,0,0,0,0.0,0.05353855772027978,0.0,0.0,0,0,0.0,0,0.0030681320801210655,107.7,6059.0,1.0,0.013841106402925843,bank-of-anthos,config_change,0.4667528079544363,0,13,27,0,0.0799,0.0,0
ledger-db,unknown,0,0,1,1,0,0,0,0,0,0.0,0.05834857387429606,0.0,0.0,0,0,0.0,0,0.0032628607702771106,107.7,6059.0,1.0,0.012182593810731526,bank-of-anthos,config_change,0.11603600325909766,0,29,2,1,0.2905,0.5537,93
ledger-db,unknown,0,0,1,1,0,0,0,0,0,0.0,0.05250258630635521,0.0,0.0,0,0,0.0,0,0.002516120081687952,107.7,6059.0,1.0,0.01713304104909598,bank-of-anthos,config_change,0.2234702777325489,1,17,6,0,0.2273,0.0,0
ledger-db,unknown,0,0,1,1,0,0,0,0,0,0.0,0.048210262148058174,0.0,0.0,0,0,0.0,0,0.0022048945694090783,107.7,6059.0,1.0,0.015087805853360255,bank-of-anthos,deployment,0.42549346193907056,0,17,25,0,0.1278,0.0,0
ledger-db,unknown,0,0,1,1,0,0,0,0,0,0.0,0.0598484043300996,0.0,0.0,0,0,0.0,0,0.0012427499171384262,107.7,6059.0,1.0,0.012524153049142929,bank-of-anthos,deployment,0.14930226174540476,1,28,4,1,0.2689,0.021,45
ledger-db,unknown,0,0,1,1,0,0,0,0,0,0.0,0.04438291613124622,0.0,0.0,0,0,0.0,0,0.0027293736739961946,107.7,6059.0,1.0,0.017231355339723642,bank-of-anthos,config_change,0.39316609578552536,1,23,146,0,0.0451,0.0,0
ledger-db,unknown,0,0,1,1,0,0,0,0,0,0.0,0.04906126443883479,0.0,0.0,0,0,0.0,0,0.0032393425955571905,107.7,6059.0,1.0,0.01728124173737913,bank-of-anthos,deployment,0.26860066494826834,1,16,169,0,0.0399,0.0,0
ledger-db,unknown,0,0,1,1,0,0,0,0,0,0.0,0.05542917629888136,0.0,0.0,0,0,0.0,0,0.002503207706247321,107.7,6059.0,1.0,0.013933584370016946,bank-of-anthos,config_change,0.38361023870027694,0,22,0,0,0.3802,0.0,0
ledger-db,unknown,0,0,1,1,0,0,0,0,0,0.0,0.04500663004638642,0.0,0.0,0,0,0.0,0,0.0016780982200907295,107.7,6059.0,1.0,0.015102808914114786,bank-of-anthos,deployment,0.12914184240325258,1,28,5,0,0.1754,0.0,0
ledger-db,unknown,0,0,1,1,0,0,0,0,0,0.0,0.061087528354753375,0.0,0.0,0,0,0.0,0,0.002924621814478326,107.7,6059.0,1.0,0.014472550225163609,bank-of-anthos,scaling,0.13788786525672359,0,9,24,0,0.0422,0.0,0
ledger-db,unknown,0,0,1,1,0,0,0,0,0,0.0,0.03868310671542533,0.0,0.0,0,0,0.0,0,0.0034184329354628455,107.7,6059.0,1.0,0.01723991835267477,bank-of-anthos,deployment,0.9450074652095333,1,29,38,1,0.0525,0.2333,54
ledger-db,unknown,0,0,1,1,0,0,0,0,0,0.0,0.054825714632986654,0.0,0.0,0,0,0.0,0,0.002967818338488803,107.7,6059.0,1.0,0.017114181847476675,bank-of-anthos,config_change,0.21561318922251854,1,17,6,0,0.1211,0.0,0
ledger-db,unknown,0,0,1,1,0,0,0,0,0,0.0,0.04778928642523628,0.0,0.0,0,0,0.0,0,0.0013935961490559097,107.7,6059.0,1.0,0.017595931578976737,bank-of-anthos,scaling,0.2419927757643728,0,8,11,0,0.1329,0.0,0
ledger-db,unknown,0,0,1,1,0,0,0,0,0,0.0,0.051119993949900994,0.0,0.0,0,0,0.0,0,0.0017425729205604557,107.7,6059.0,1.0,0.012149647062982272,bank-of-anthos,code_change,0.5342235905732137,1,28,11,0,0.0715,0.0,0
ledger-db,unknown,0,0,1,1,0,0,0,0,0,0.0,0.042628847858321536,0.0,0.0,0,0,0.0,0,0.0028450367961834035,107.7,6059.0,1.0,0.01266896844292766,bank-of-anthos,config_change,0.06341829471912402,1,4,54,0,0.0809,0.0,0
ledger-db,unknown,0,0,1,1,0,0,0,0,0,0.0,0.05446218809360495,0.0,0.0,0,0,0.0,0,0.0017053356264321315,107.7,6059.0,1.0,0.018315436646164467,bank-of-anthos,code_change,0.5029997293311259,1,11,13,0,0.0341,0.0,0
ledger-db,unknown,0,0,1,1,0,0,0,0,0,0.0,0.05354204916144185,0.0,0.0,0,0,0.0,0,0.0014284241282690523,107.7,6059.0,1.0,0.017137979407848232,bank-of-anthos,code_change,0.20248253028434696,1,15,11,0,0.0597,0.0,0
ledger-db,unknown,0,0,1,1,0,0,0,0,0,0.0,0.04261699163643849,0.0,0.0,0,0,0.0,0,0.0034077814938572905,107.7,6059.0,1.0,0.016680218915796907,bank-of-anthos,config_change,0.3827962005638406,1,21,3,0,0.2826,0.0,0
ledger-db,unknown,0,0,1,1,0,0,0,0,0,0.0,0.06359633547401725,0.0,0.0,0,0,0.0,0,0.0015712331884559269,107.7,6059.0,1.0,0.016909270209043023,bank-of-anthos,config_change,0.3678015253189207,1,7,51,1,0.0701,0.2588,39
ledger-db,unknown,0,0,1,1,0,0,0,0,0,0.0,0.03986784792227231,0.0,0.0,0,0,0.0,0,0.0013435744768355048,107.7,6059.0,1.0,0.013653009646051612,bank-of-anthos,code_change,0.8078753486740895,1,6,51,0,0.02,0.0,0
ledger-db,unknown,0,0,1,1,0,0,0,0,0,0.0,0.06156136752684503,0.0,0.0,0,0,0.0,0,0.0016672975984216678,107.7,6059.0,1.0,0.012744147643778073,bank-of-anthos,deployment,0.5664105347156728,1,5,11,0,0.0923,0.0,0
ledger-db,unknown,0,0,1,1,0,0,0,0,0,0.0,0.06274821738682738,0.0,0.0,0,0,0.0,0,0.0013835563361860902,107.7,6059.0,1.0,0.01157325081711243,bank-of-anthos,deployment,0.3708414730422278,1,10,29,0,0.02,0.0,0
ledger-db,unknown,0,0,1,1,0,0,0,0,0,0.0,0.047424538144747244,0.0,0.0,0,0,0.0,0,0.0019317334350419273,107.7,6059.0,1.0,0.017357879405018112,bank-of-anthos,deployment,0.5222855311321477,1,21,13,0,0.02,0.0,0
ledger-db,unknown,0,0,1,1,0,0,0,0,0,0.0,0.04640610209742321,0.0,0.0,0,0,0.0,0,0.001944379553540076,107.7,6059.0,1.0,0.013056028620548799,bank-of-anthos,deployment,0.5772493141181946,0,15,3,1,0.3436,0.1843,78
ledger-db,unknown,0,0,1,1,0,0,0,0,0,0.0,0.05718486291183479,0.0,0.0,0,0,0.0,0,0.0015940692689108635,107.7,6059.0,1.0,0.011622044312621121,bank-of-anthos,config_change,0.47752692225988036,1,28,17,0,0.02,0.0,0
ledger-db,unknown,0,0,1,1,0,0,0,0,0,0.0,0.06237368929816216,0.0,0.0,0,0,0.0,0,0.003181607052020935,107.7,6059.0,1.0,0.017288229840308512,bank-of-anthos,deployment,0.5935717071332528,1,11,30,0,0.0493,0.0,0
ledger-db,unknown,0,0,1,1,0,0,0,0,0,0.0,0.04924253560021644,0.0,0.0,0,0,0.0,0,0.0028096530621453016,107.7,6059.0,1.0,0.015187870051840385,bank-of-anthos,deployment,0.30618202817085666,0,29,8,0,0.168,0.0,0
ledger-db,unknown,0,0,1,1,0,0,0,0,0,0.0,0.05489884564605079,0.0,0.0,0,0,0.0,0,0.0017851756622917093,107.7,6059.0,1.0,0.012145357585036475,bank-of-anthos,code_change,0.14891243097080067,1,26,2,1,0.2469,0.2806,62
ledger-db,unknown,0,0,1,1,0,0,0,0,0,0.0,0.06209702828835161,0.0,0.0,0,0,0.0,0,0.0028604290990063962,107.7,6059.0,1.0,0.011646200147735415,bank-of-anthos,deployment,0.9037437734364517,0,12,28,0,0.1238,0.0,0
ledger-db,unknown,0,0,1,1,0,0,0,0,0,0.0,0.04337695929964189,0.0,0.0,0,0,0.0,0,0.002077864271164325,107.7,6059.0,1.0,0.011887247174170997,bank-of-anthos,config_change,0.07432997113334065,1,27,20,1,0.0792,0.115,51
ledger-db,unknown,0,0,1,1,0,0,0,0,0,0.0,0.04104156573075047,0.0,0.0,0,0,0.0,0,0.0022632609183753758,107.7,6059.0,1.0,0.012712187036239728,bank-of-anthos,code_change,0.75311376661967,0,25,3,0,0.316,0.0,0
ledger-db,unknown,0,0,1,1,0,0,0,0,0,0.0,0.04105340336382166,0.0,0.0,0,0,0.0,0,0.0035089406039201018,107.7,6059.0,1.0,0.016999469585340383,bank-of-anthos,scaling,0.30456684302924186,1,14,19,0,0.02,0.0,0
ledger-db,unknown,0,0,1,1,0,0,0,0,0,0.0,0.060100941631356854,0.0,0.0,0,0,0.0,0,0.001,107.7,6059.0,1.0,0.011996847851550217,bank-of-anthos,scaling,0.8395532075473832,1,17,4,0,0.2931,0.0,0
ledger-db,unknown,0,0,1,1,0,0,0,0,0,0.0,0.05775908845867945,0.0,0.0,0,0,0.0,0,0.0029424179375700616,107.7,6059.0,1.0,0.012630335790376602,bank-of-anthos,config_change,0.5158161159886377,1,5,125,0,0.02,0.0,0
ledger-db,unknown,0,0,1,1,0,0,0,0,0,0.0,0.040544471008489125,0.0,0.0,0,0,0.0,0,0.0031398277448565952,107.7,6059.0,1.0,0.014159795657984147,bank-of-anthos,deployment,0.455027948007224,0,10,36,0,0.1498,0.0,0
ledger-db,unknown,0,0,1,1,0,0,0,0,0,0.0,0.047967377711979016,0.0,0.0,0,0,0.0,0,0.0013877753615405186,107.7,6059.0,1.0,0.017771502538612347,bank-of-anthos,scaling,0.4286782932293359,1,13,40,0,0.02,0.0,0
ledger-db,unknown,0,0,1,1,0,0,0,0,0,0.0,0.049043982608433366,0.0,0.0,0,0,0.0,0,0.001,107.7,6059.0,1.0,0.015034779659830763,bank-of-anthos,config_change,0.21391196408084784,1,15,72,0,0.0509,0.0,0
ledger-db,unknown,0,0,1,1,0,0,0,0,0,0.0,0.05060844691875948,0.0,0.0,0,0,0.0,0,0.003269923393129087,107.7,6059.0,1.0,0.014378732092317766,bank-of-anthos,deployment,0.33661208691248784,1,9,19,0,0.02,0.0,0
frontend,python,1,1,0,0,2,1,2,2,4,0.04692162255549433,0.16718320412099175,0.28709123953322707,0.1527100350588735,2,1,0.6666666666666666,1,0.05,734.9,18961.0,1.0,0.5625199126272006,bank-of-anthos,config_change,0.08947230106240427,0,23,4,1,0.8196,0.3754,71
frontend,python,1,1,0,0,3,2,1,3,5,0.03755432317854469,0.1613475338460138,0.28371598536812415,0.12637033111329746,3,2,0.6666666666666666,1,0.03122529856319499,734.9,18961.0,1.0,0.696742907975988,bank-of-anthos,deployment,0.6487635692177298,1,15,8,0,0.2331,0.0,0
frontend,python,1,1,0,0,3,2,1,3,5,0.047084029861325295,0.14435110096272086,0.19170550223456775,0.18928817713625806,2,2,0.6666666666666666,1,0.01761976936771639,734.9,18961.0,1.0,0.682575948119516,bank-of-anthos,deployment,0.8282658284390435,0,16,22,0,0.1107,0.0,0
frontend,python,1,1,0,0,2,2,2,2,5,0.04789009943432572,0.19152238037264735,0.2158815822221733,0.17478092520121827,3,2,0.6666666666666666,1,0.036394951754907715,734.9,18961.0,1.0,0.5596049413798502,bank-of-anthos,deployment,0.7733744869254698,1,10,49,0,0.2305,0.0,0
frontend,python,1,1,0,0,2,1,2,3,4,0.0454506072651804,0.14871653330543214,0.23875459189954926,0.18215227897930017,3,2,0.6666666666666666,1,0.05,734.9,18961.0,1.0,0.697840428688766,bank-of-anthos,deployment,0.6702180576382488,0,29,95,0,0.4777,0.0,0
frontend,python,1,1,0,0,2,2,1,3,5,0.029839564559896895,0.14053839570418594,0.21764858136294749,0.14257486092774768,2,2,0.6666666666666666,1,0.04179470196731373,734.9,18961.0,1.0,0.608237127147996,bank-of-anthos,deployment,0.588506941632525,1,17,122,0,0.4477,0.0,0
frontend,python,1,1,0,0,2,2,2,2,5,0.04503119245274558,0.138820262831792,0.27043994580672753,0.15079454235713574,3,1,0.6666666666666666,1,0.02368255195119418,734.9,18961.0,1.0,0.5753919598771009,bank-of-anthos,scaling,0.8121961524981028,0,7,7,1,0.4508,0.3984,91
frontend,python,1,1,0,0,3,2,2,3,4,0.030017414292984233,0.19970667417388485,0.17421087145036007,0.14686019903526829,3,1,0.6666666666666666,1,0.05,734.9,18961.0,1.0,0.6128420552161954,bank-of-anthos,code_change,0.8160887743852161,1,21,131,0,0.4463,0.0,0
frontend,python,1,1,0,0,2,2,2,3,4,0.03998679620747034,0.21670916326639683,0.23876595973986942,0.16397864756358332,2,1,0.6666666666666666,1,0.019494091176785626,734.9,18961.0,1.0,0.6762805287834277,bank-of-anthos,deployment,0.11299413535438657,1,8,18,0,0.0725,0.0,0
frontend,python,1,1,0,0,3,2,2,2,5,0.041277064908232415,0.17764554310985406,0.2340816138327752,0.11802898910397883,3,2,0.6666666666666666,1,0.02102937369358177,734.9,18961.0,1.0,0.7165526123610504,bank-of-anthos,config_change,0.5607160173207998,1,5,3,1,0.343,0.7832,129
frontend,python,1,1,0,0,2,1,2,3,5,0.0429984693533451,0.1610213876030011,0.24682013619169682,0.14161245951099907,3,1,0.6666666666666666,1,0.03026206001048663,734.9,18961.0,1.0,0.8367202081936609,bank-of-anthos,deployment,0.5210663266372095,1,2,51,1,0.3277,0.8024,144
frontend,python,1,1,0,0,2,1,1,3,5,0.03011644822734919,0.22428968458237628,0.21462229637662217,0.15214364268562577,2,2,0.6666666666666666,1,0.05,734.9,18961.0,1.0,0.6215201313693691,bank-of-anthos,config_change,0.08988505741355865,1,2,27,1,0.3123,0.2336,96
frontend,python,1,1,0,0,2,2,1,3,5,0.04507170755212027,0.17580234519891264,0.21258405268798372,0.15742125854041353,3,1,0.6666666666666666,1,0.05,734.9,18961.0,1.0,0.5331033363123912,bank-of-anthos,config_change,0.23144432644726842,1,25,0,0,0.61,0.0,0
frontend,python,1,1,0,0,2,1,2,2,4,0.040014538443377996,0.20334590527196253,0.2509881735648504,0.13122169139833237,3,2,0.6666666666666666,1,0.023293784183106285,734.9,18961.0,1.0,0.6205811507260226,bank-of-anthos,deployment,0.571518139400415,0,4,50,0,0.4548,0.0,0
frontend,python,1,1,0,0,3,2,1,3,5,0.0348877319968648,0.22296555753863256,0.17693348912717347,0.15998406491022726,2,2,0.6666666666666666,1,0.05,734.9,18961.0,1.0,0.5582786882615876,bank-of-anthos,deployment,0.8271394537394897,0,23,20,1,0.4526,0.4549,116
frontend,python,1,1,0,0,2,1,1,3,4,0.04607337945308059,0.14545318146356107,0.24883415796919056,0.18515273218755715,3,1,0.6666666666666666,1,0.05,734.9,18961.0,1.0,0.5590310618634069,bank-of-anthos,config_change,0.2523629445623955,1,3,4,0,0.5969,0.0,0
frontend,python,1,1,0,0,2,1,2,2,4,0.044643677938003605,0.16818446095450623,0.24874855007623758,0.1567135133590798,2,2,0.6666666666666666,1,0.05,734.9,18961.0,1.0,0.7293366282666589,bank-of-anthos,config_change,0.424122789550816,1,5,35,1,0.4466,0.4833,95
frontend,python,1,1,0,0,3,2,2,2,5,0.03014008871002908,0.16037719146213875,0.2783317196286375,0.16409066729967473,3,1,0.6666666666666666,1,0.029937624201231156,734.9,18961.0,1.0,0.7440533114007872,bank-of-anthos,code_change,0.6599909595774995,1,7,31,1,0.3414,0.3229,104
frontend,python,1,1,0,0,3,2,2,3,5,0.04739140834684582,0.1509188858018421,0.20762574516958915,0.12308884596205895,2,2,0.6666666666666666,1,0.05,734.9,18961.0,1.0,0.5935253956308902,bank-of-anthos,deployment,0.5889458289308904,1,5,128,1,0.3856,0.6421,113
frontend,python,1,1,0,0,3,2,1,2,5,0.03913075896694595,0.22643557258376756,0.22783079568720463,0.17815821208571717,2,1,0.6666666666666666,1,0.05,734.9,18961.0,1.0,0.647242540497317,bank-of-anthos,config_change,0.16699735743790217,1,5,2,0,0.5666,0.0,0
frontend,python,1,1,0,0,3,1,1,3,5,0.04350694641744556,0.14911801384036452,0.1740714233759746,0.11692099481369445,3,1,0.6666666666666666,1,0.039988521696070596,734.9,18961.0,1.0,0.6990115820305278,bank-of-anthos,config_change,0.2702953695071609,1,7,50,0,0.1881,0.0,0
frontend,python,1,1,0,0,3,2,1,2,5,0.03822884990921728,0.15459518573831504,0.2454003034690204,0.1429801931186837,3,1,0.6666666666666666,1,0.041245304223777715,734.9,18961.0,1.0,0.8360411341859071,bank-of-anthos,config_change,0.37371906805022115,1,18,20,1,0.3991,0.2982,93
frontend,python,1,1,0,0,2,1,2,2,5,0.03666023521084163,0.22011852387614136,0.25504867096297046,0.14760950959945524,2,1,0.6666666666666666,1,0.021169599666678883,734.9,18961.0,1.0,0.675786176867694,bank-of-anthos,scaling,0.10363686629157749,1,6,31,0,0.293,0.0,0
frontend,python,1,1,0,0,3,2,2,2,4,0.03633441883974751,0.2025230247996169,0.2520836727555005,0.13169855672902903,2,2,0.6666666666666666,1,0.031161127372138827,734.9,18961.0,1.0,0.5825642228708697,bank-of-anthos,config_change,0.17050485255899353,1,5,5,1,0.4786,0.8523,144
frontend,python,1,1,0,0,3,1,1,3,5,0.044721823875392544,0.20784759343895765,0.19625900073294483,0.17731686221189727,2,2,0.6666666666666666,1,0.03155992195682545,734.9,18961.0,1.0,0.7872944661194874,bank-of-anthos,scaling,0.5797095993702573,1,2,4,0,0.4648,0.0,0
frontend,python,1,1,0,0,3,2,1,3,4,0.04200837232825585,0.18171457050994322,0.26136332883014574,0.15271466415859344,2,1,0.6666666666666666,1,0.04976662757174557,734.9,18961.0,1.0,0.5525428481358547,bank-of-anthos,deployment,0.39039027962927614,1,3,29,0,0.4466,0.0,0
frontend,python,1,1,0,0,3,2,1,3,4,0.030566790823276627,0.1739826789691489,0.27153286137313865,0.1812425863072815,3,2,0.6666666666666666,1,0.02149954875531502,734.9,18961.0,1.0,0.5357446177480932,bank-of-anthos,deployment,0.339402683906699,1,7,30,0,0.2942,0.0,0
frontend,python,1,1,0,0,3,1,2,2,4,0.043439771815729736,0.145663763629488,0.23147767531092042,0.1780480812327628,2,2,0.6666666666666666,1,0.04293535584380773,734.9,18961.0,1.0,0.8161146189195839,bank-of-anthos,scaling,0.6987374220692911,1,12,12,0,0.2563,0.0,0
frontend,python,1,1,0,0,2,2,2,2,4,0.0471015609953073,0.1637427972903276,0.19256068723465786,0.15082098397346097,2,1,0.6666666666666666,1,0.01868257398874954,734.9,18961.0,1.0,0.6053743940256833,bank-of-anthos,config_change,0.03372994028789166,0,8,18,0,0.1479,0.0,0
frontend,python,1,1,0,0,3,1,1,2,5,0.032788062169729,0.20337414024033632,0.17910912730024145,0.1809648188365769,2,2,0.6666666666666666,1,0.05,734.9,18961.0,1.0,0.5688957894512588,bank-of-anthos,deployment,0.3446835096495619,0,6,86,0,0.4965,0.0,0
frontend,python,1,1,0,0,3,1,2,2,5,0.03394321706556309,0.19703017037996362,0.1790796640418592,0.12412661836128606,3,2,0.6666666666666666,1,0.05,734.9,18961.0,1.0,0.5038126556086163,bank-of-anthos,config_change,0.41115120270940125,1,16,2,1,0.569,0.656,97
frontend,python,1,1,0,0,3,1,2,2,5,0.04704205565367803,0.18865860765770212,0.23540968462830206,0.11925561022574334,2,2,0.6666666666666666,1,0.026398482320268195,734.9,18961.0,1.0,0.5235740044660381,bank-of-anthos,code_change,0.8401402232132804,0,15,15,0,0.3283,0.0,0
frontend,python,1,1,0,0,2,1,1,3,4,0.03898091585733713,0.18700975576919526,0.1927861968814858,0.13059156177803746,3,2,0.6666666666666666,1,0.04699026828216786,734.9,18961.0,1.0,0.6093038031624566,bank-of-anthos,scaling,0.269270140922977,0,5,35,0,0.5359,0.0,0
frontend,python,1,1,0,0,3,2,2,2,4,0.030240813787586137,0.19986222472760978,0.21952227178732403,0.18615692711891563,3,1,0.6666666666666666,1,0.0214842421740372,734.9,18961.0,1.0,0.7203354488163767,bank-of-anthos,deployment,0.18055952694763375,1,24,4,1,0.4044,0.4456,96
frontend,python,1,1,0,0,2,2,2,3,4,0.039501909238381205,0.15189580288738583,0.21677346410551832,0.18024191269459575,3,2,0.6666666666666666,1,0.04989172628572367,734.9,18961.0,1.0,0.718311360356522,bank-of-anthos,code_change,0.5801480056365871,0,14,5,1,0.6864,0.5927,130
frontend,python,1,1,0,0,3,1,1,3,5,0.03071878325207696,0.16355829741094116,0.24671820173545508,0.14230822065178295,3,2,0.6666666666666666,1,0.02022724267061535,734.9,18961.0,1.0,0.8135048049135652,bank-of-anthos,config_change,0.3406698398512133,1,17,43,0,0.2351,0.0,0
frontend,python,1,1,0,0,3,1,2,2,5,0.03633528230918597,0.2223969197253264,0.20996779030844465,0.18216139691285094,2,1,0.6666666666666666,1,0.034654456783630425,734.9,18961.0,1.0,0.7977189783634331,bank-of-anthos,deployment,0.5711320493799149,1,13,14,0,0.1189,0.0,0
frontend,python,1,1,0,0,3,2,1,3,5,0.04679640628891252,0.20169953691061102,0.239675385718074,0.16520923495543166,2,1,0.6666666666666666,1,0.04823782035397803,734.9,18961.0,1.0,0.5123153134396452,bank-of-anthos,deployment,0.7721671515026801,0,21,23,0,0.3978,0.0,0
frontend,python,1,1,0,0,3,1,1,2,4,0.041254570087564,0.19511727414628693,0.26821350805383787,0.14751604361330578,2,1,0.6666666666666666,1,0.0307748857155179,734.9,18961.0,1.0,0.5269835054937604,bank-of-anthos,code_change,0.7509988773186298,1,29,23,0,0.2666,0.0,0
frontend,python,1,1,0,0,3,2,1,2,4,0.04004124620797575,0.168429918987802,0.19203120570645318,0.15413226419922735,2,1,0.6666666666666666,1,0.05,734.9,18961.0,1.0,0.7806179662558302,bank-of-anthos,scaling,0.31887371685990235,0,8,18,0,0.5515,0.0,0
frontend,python,1,1,0,0,3,2,1,3,4,0.04218078564286616,0.2259292446911742,0.20514128376781796,0.15370686916722912,2,2,0.6666666666666666,1,0.039238577882800156,734.9,18961.0,1.0,0.6128926886142889,bank-of-anthos,code_change,0.7692262611449877,1,28,1,1,0.5033,0.3726,103
frontend,python,1,1,0,0,3,2,1,2,4,0.047068560121616136,0.2056286321877184,0.20403313851089677,0.16083111796291658,2,1,0.6666666666666666,1,0.05,734.9,18961.0,1.0,0.7441854676317068,bank-of-anthos,code_change,0.8738498004294805,1,8,0,0,0.6274,0.0,0
frontend,python,1,1,0,0,3,1,2,3,4,0.045021080204155725,0.22649224815996055,0.2227319046564314,0.14002298019205708,2,2,0.6666666666666666,1,0.026595975944159352,734.9,18961.0,1.0,0.8062288544789197,bank-of-anthos,deployment,0.6163086132889288,0,24,1,0,0.5078,0.0,0
frontend,python,1,1,0,0,3,1,2,3,5,0.042576114382014765,0.2199437438862995,0.23274598753968892,0.124389570229374,3,2,0.6666666666666666,1,0.023332452382798827,734.9,18961.0,1.0,0.6794395366767109,bank-of-anthos,config_change,0.6228151375267503,1,13,37,0,0.193,0.0,0
frontend,python,1,1,0,0,2,1,1,3,4,0.033111144075645076,0.20686432226696064,0.19628944987948602,0.12154333865607425,2,1,0.6666666666666666,1,0.01740544020104009,734.9,18961.0,1.0,0.6614418152479153,bank-of-anthos,code_change,0.5596235688738717,0,25,38,0,0.1819,0.0,0
frontend,python,1,1,0,0,2,1,1,3,4,0.029323407912406667,0.2118328408996422,0.2152346355635368,0.1801242661352165,2,2,0.6666666666666666,1,0.05,734.9,18961.0,1.0,0.6882978645557336,bank-of-anthos,config_change,0.10900919371050445,1,29,9,0,0.359,0.0,0
frontend,python,1,1,0,0,3,1,2,2,4,0.040108737219784536,0.1368374763703182,0.2608853057249486,0.17023186860474923,2,2,0.6666666666666666,1,0.019583851933339086,734.9,18961.0,1.0,0.625205939379185,bank-of-anthos,deployment,0.3333385457790862,1,12,16,0,0.02,0.0,0
frontend,python,1,1,0,0,2,1,2,2,5,0.03597098917422137,0.18767438764766747,0.2748125734198366,0.18783889132772455,3,1,0.6666666666666666,1,0.021291621875332983,734.9,18961.0,1.0,0.7502536881172748,bank-of-anthos,config_change,0.45807089745541274,1,12,57,0,0.2287,0.0,0
frontend,python,1,1,0,0,2,1,1,3,5,0.0358851589566637,0.2092804956500107,0.23345610568849032,0.1243652232899073,3,2,0.6666666666666666,1,0.04411875872768275,734.9,18961.0,1.0,0.5457368168177361,bank-of-anthos,code_change,0.6195794372993249,1,15,38,1,0.3858,0.4156,90
frontend,python,1,1,0,0,3,1,2,3,4,0.030488509313285988,0.1768691014335693,0.2603487755473423,0.1764718893640209,3,2,0.6666666666666666,1,0.05,734.9,18961.0,1.0,0.6681900126758593,bank-of-anthos,deployment,0.6833053811533338,1,3,60,1,0.3621,0.5974,81
balancereader,unknown,0,0,1,1,0,0,0,0,0,0.0,0.04716056101600889,0.0,0.0,0,0,0.0,0,0.0012556157450571586,107.7,6059.0,1.0,0.011724400566740097,bank-of-anthos,code_change,0.26906243845718825,1,7,59,1,0.0757,0.0922,57
balancereader,unknown,0,0,1,1,0,0,0,0,0,0.0,0.05737574003686334,0.0,0.0,0,0,0.0,0,0.003108501434742715,107.7,6059.0,1.0,0.014695095076296169,bank-of-anthos,scaling,0.6130278148498726,0,21,52,1,0.1071,0.5215,71
balancereader,unknown,0,0,1,1,0,0,0,0,0,0.0,0.062181093833101234,0.0,0.0,0,0,0.0,0,0.0034481901249310033,107.7,6059.0,1.0,0.01547373291340466,bank-of-anthos,deployment,0.6414827692413035,1,3,148,0,0.02,0.0,0
balancereader,unknown,0,0,1,1,0,0,0,0,0,0.0,0.045495247974216585,0.0,0.0,0,0,0.0,0,0.0030406681222385234,107.7,6059.0,1.0,0.013388899470075358,bank-of-anthos,scaling,0.23323557291131922,1,5,16,0,0.07,0.0,0
balancereader,unknown,0,0,1,1,0,0,0,0,0,0.0,0.062315607722424345,0.0,0.0,0,0,0.0,0,0.0031298982113523994,107.7,6059.0,1.0,0.015379089754649966,bank-of-anthos,deployment,0.3009082675043042,1,10,3,1,0.1855,0.6014,67
balancereader,unknown,0,0,1,1,0,0,0,0,0,0.0,0.062156789426944456,0.0,0.0,0,0,0.0,0,0.0023048737907167415,107.7,6059.0,1.0,0.014866689227529949,bank-of-anthos,scaling,0.2280293980899591,1,28,2,0,0.2621,0.0,0
balancereader,unknown,0,0,1,1,0,0,0,0,0,0.0,0.04051130157306665,0.0,0.0,0,0,0.0,0,0.002111898687260408,107.7,6059.0,1.0,0.014372136964082662,bank-of-anthos,config_change,0.6203944682434342,1,3,71,0,0.02,0.0,0
balancereader,unknown,0,0,1,1,0,0,0,0,0,0.0,0.04943604803630239,0.0,0.0,0,0,0.0,0,0.0016170865154298717,107.7,6059.0,1.0,0.0170157313554087,bank-of-anthos,code_change,0.730785913118469,1,6,13,0,0.0217,0.0,0
balancereader,unknown,0,0,1,1,0,0,0,0,0,0.0,0.04910631973693137,0.0,0.0,0,0,0.0,0,0.0026370982576883533,107.7,6059.0,1.0,0.011533383799467598,bank-of-anthos,deployment,0.5103875297134602,1,6,7,0,0.02,0.0,0
balancereader,unknown,0,0,1,1,0,0,0,0,0,0.0,0.03933969012639586,0.0,0.0,0,0,0.0,0,0.002622977736793927,107.7,6059.0,1.0,0.01648552909802551,bank-of-anthos,deployment,0.6529802563555926,1,10,43,0,0.02,0.0,0
balancereader,unknown,0,0,1,1,0,0,0,0,0,0.0,0.03884305538259617,0.0,0.0,0,0,0.0,0,0.001,107.7,6059.0,1.0,0.014600791191297051,bank-of-anthos,code_change,0.9617295804911429,1,16,15,0,0.0267,0.0,0
balancereader,unknown,0,0,1,1,0,0,0,0,0,0.0,0.04889086582096276,0.0,0.0,0,0,0.0,0,0.0031353973772723434,107.7,6059.0,1.0,0.01686504131438243,bank-of-anthos,code_change,0.6988816496809128,1,13,19,0,0.02,0.0,0
balancereader,unknown,0,0,1,1,0,0,0,0,0,0.0,0.05792181477245984,0.0,0.0,0,0,0.0,0,0.001,107.7,6059.0,1.0,0.015251658251651845,bank-of-anthos,deployment,0.5269288212130909,0,15,60,0,0.111,0.0,0
balancereader,unknown,0,0,1,1,0,0,0,0,0,0.0,0.06348087447473612,0.0,0.0,0,0,0.0,0,0.0016675783805577403,107.7,6059.0,1.0,0.016250316415473424,bank-of-anthos,config_change,0.04097457080598996,1,16,32,0,0.02,0.0,0
balancereader,unknown,0,0,1,1,0,0,0,0,0,0.0,0.05180163070638528,0.0,0.0,0,0,0.0,0,0.001223316328951436,107.7,6059.0,1.0,0.014928368225519623,bank-of-anthos,code_change,0.7122678097071753,1,20,45,0,0.0337,0.0,0
balancereader,unknown,0,0,1,1,0,0,0,0,0,0.0,0.04299543923554725,0.0,0.0,0,0,0.0,0,0.0028933978782914307,107.7,6059.0,1.0,0.015425319424146402,bank-of-anthos,deployment,0.21471627083396752,0,19,28,1,0.0923,0.2977,76
balancereader,unknown,0,0,1,1,0,0,0,0,0,0.0,0.060853143701146584,0.0,0.0,0,0,0.0,0,0.002001709246327605,107.7,6059.0,1.0,0.01813713776534968,bank-of-anthos,deployment,0.6449568979003948,1,17,71,0,0.0247,0.0,0
balancereader,unknown,0,0,1,1,0,0,0,0,0,0.0,0.05548246351888865,0.0,0.0,0,0,0.0,0,0.003240509075173078,107.7,6059.0,1.0,0.016789042796069308,bank-of-anthos,config_change,0.13015684948494285,1,8,81,0,0.0677,0.0,0
balancereader,unknown,0,0,1,1,0,0,0,0,0,0.0,0.051573414678322785,0.0,0.0,0,0,0.0,0,0.0028707006177997136,107.7,6059.0,1.0,0.015607264399736944,bank-of-anthos,config_change,0.3816342373101088,1,14,9,0,0.02,0.0,0
balancereader,unknown,0,0,1,1,0,0,0,0,0,0.0,0.04429861223544182,0.0,0.0,0,0,0.0,0,0.0015158710203364398,107.7,6059.0,1.0,0.017034186114678027,bank-of-anthos,scaling,0.04887973696146357,1,15,21,0,0.0426,0.0,0
balancereader,unknown,0,0,1,1,0,0,0,0,0,0.0,0.0621946958185536,0.0,0.0,0,0,0.0,0,0.0019345440651096397,107.7,6059.0,1.0,0.014299773951637278,bank-of-anthos,code_change,0.4266740628198657,0,18,25,0,0.1343,0.0,0
balancereader,unknown,0,0,1,1,0,0,0,0,0,0.0,0.06253813751024177,0.0,0.0,0,0,0.0,0,0.0010243867581237625,107.7,6059.0,1.0,0.014567953055611451,bank-of-anthos,config_change,0.4643473292669488,1,13,51,0,0.02,0.0,0
balancereader,unknown,0,0,1,1,0,0,0,0,0,0.0,0.04652265880987966,0.0,0.0,0,0,0.0,0,0.0028450076743769476,107.7,6059.0,1.0,0.011579108162765578,bank-of-anthos,config_change,0.19807746550462962,1,3,6,0,0.204,0.0,0
balancereader,unknown,0,0,1,1,0,0,0,0,0,0.0,0.057707592423021585,0.0,0.0,0,0,0.0,0,0.0012793473264478966,107.7,6059.0,1.0,0.01165182419705556,bank-of-anthos,config_change,0.43913294174051754,1,25,38,0,0.02,0.0,0
balancereader,unknown,0,0,1,1,0,0,0,0,0,0.0,0.03936596344741149,0.0,0.0,0,0,0.0,0,0.0030310847676281827,107.7,6059.0,1.0,0.013481780373306116,bank-of-anthos,deployment,0.4126678783415444,0,29,1,0,0.2835,0.0,0
balancereader,unknown,0,0,1,1,0,0,0,0,0,0.0,0.04316187775431806,0.0,0.0,0,0,0.0,0,0.003443900727122024,107.7,6059.0,1.0,0.017712187125629837,bank-of-anthos,config_change,0.1365809026432359,1,16,86,0,0.0999,0.0,0
balancereader,unknown,0,0,1,1,0,0,0,0,0,0.0,0.05101052172670873,0.0,0.0,0,0,0.0,0,0.0035593085927920274,107.7,6059.0,1.0,0.016953484547070498,bank-of-anthos,scaling,0.47500577417095574,1,25,19,0,0.02,0.0,0
balancereader,unknown,0,0,1,1,0,0,0,0,0,0.0,0.051803055153493385,0.0,0.0,0,0,0.0,0,0.0020636542696875976,107.7,6059.0,1.0,0.01191916626042929,bank-of-anthos,deployment,0.45632436674418425,0,29,10,1,0.2131,0.2862,63
balancereader,unknown,0,0,1,1,0,0,0,0,0,0.0,0.06313198058811945,0.0,0.0,0,0,0.0,0,0.002106059548710595,107.7,6059.0,1.0,0.014431387918094821,bank-of-anthos,deployment,0.28497636901140405,0,3,37,0,0.1506,0.0,0
balancereader,unknown,0,0,1,1,0,0,0,0,0,0.0,0.050085709443149044,0.0,0.0,0,0,0.0,0,0.0033212156847509102,107.7,6059.0,1.0,0.011422853163049555,bank-of-anthos,deployment,0.5436829308605698,0,4,31,0,0.1836,0.0,0
balancereader,unknown,0,0,1,1,0,0,0,0,0,0.0,0.06385350084360468,0.0,0.0,0,0,0.0,0,0.0015941594413668018,107.7,6059.0,1.0,0.012939053251621513,bank-of-anthos,config_change,0.3977687172255096,1,25,31,0,0.02,0.0,0
balancereader,unknown,0,0,1,1,0,0,0,0,0,0.0,0.0497442475231389,0.0,0.0,0,0,0.0,0,0.002240071482467823,107.7,6059.0,1.0,0.014545990307688316,bank-of-anthos,config_change,0.08058664848044414,1,4,15,0,0.0599,0.0,0
balancereader,unknown,0,0,1,1,0,0,0,0,0,0.0,0.04164518478296832,0.0,0.0,0,0,0.0,0,0.0017827436706876762,107.7,6059.0,1.0,0.014362483187780656,bank-of-anthos,config_change,0.403187047592366,0,23,1,0,0.3251,0.0,0
balancereader,unknown,0,0,1,1,0,0,0,0,0,0.0,0.04137659394790765,0.0,0.0,0,0,0.0,0,0.0027934920236386373,107.7,6059.0,1.0,0.01755332062909515,bank-of-anthos,code_change,0.8124124725440435,0,18,135,0,0.0842,0.0,0
balancereader,unknown,0,0,1,1,0,0,0,0,0,0.0,0.0513069903621372,0.0,0.0,0,0,0.0,0,0.002692237384641899,107.7,6059.0,1.0,0.016766405293451858,bank-of-anthos,deployment,0.2408685960149218,0,24,1,1,0.3543,0.0164,46
balancereader,unknown,0,0,1,1,0,0,0,0,0,0.0,0.043235406743929936,0.0,0.0,0,0,0.0,0,0.0012174045726265287,107.7,6059.0,1.0,0.01796071490259371,bank-of-anthos,scaling,0.15892720671719232,1,20,6,0,0.1451,0.0,0
balancereader,unknown,0,0,1,1,0,0,0,0,0,0.0,0.06314608265904412,0.0,0.0,0,0,0.0,0,0.0013245362957544304,107.7,6059.0,1.0,0.015493973051697146,bank-of-anthos,config_change,0.5549298642100525,1,22,20,0,0.02,0.0,0
balancereader,unknown,0,0,1,1,0,0,0,0,0,0.0,0.049528560178760714,0.0,0.0,0,0,0.0,0,0.0022893420139230613,107.7,6059.0,1.0,0.016418575177352533,bank-of-anthos,deployment,0.9113349107705748,0,24,41,0,0.1614,0.0,0
balancereader,unknown,0,0,1,1,0,0,0,0,0,0.0,0.05475415390217758,0.0,0.0,0,0,0.0,0,0.002978385229941081,107.7,6059.0,1.0,0.013817505618457428,bank-of-anthos,config_change,0.19572897924071456,1,28,2,0,0.3361,0.0,0
balancereader,unknown,0,0,1,1,0,0,0,0,0,0.0,0.044887265492090045,0.0,0.0,0,0,0.0,0,0.002018960493660999,107.7,6059.0,1.0,0.016335918761524848,bank-of-anthos,config_change,0.24499699077133016,0,17,43,0,0.1868,0.0,0
balancereader,unknown,0,0,1,1,0,0,0,0,0,0.0,0.06189625062531433,0.0,0.0,0,0,0.0,0,0.00341324873327468,107.7,6059.0,1.0,0.01540543787595158,bank-of-anthos,scaling,0.3924207382919756,1,3,30,0,0.0244,0.0,0
balancereader,unknown,0,0,1,1,0,0,0,0,0,0.0,0.053645899301065836,0.0,0.0,0,0,0.0,0,0.002688404021764434,107.7,6059.0,1.0,0.013519802554776108,bank-of-anthos,deployment,0.20687331092211633,1,26,6,0,0.1782,0.0,0
balancereader,unknown,0,0,1,1,0,0,0,0,0,0.0,0.056701792409277925,0.0,0.0,0,0,0.0,0,0.0017759832173146787,107.7,6059.0,1.0,0.013117076435976545,bank-of-anthos,code_change,0.6221800674025667,0,28,20,0,0.1177,0.0,0
balancereader,unknown,0,0,1,1,0,0,0,0,0,0.0,0.038347210764987434,0.0,0.0,0,0,0.0,0,0.0016113783033733901,107.7,6059.0,1.0,0.013001853256667695,bank-of-anthos,deployment,0.6116130530477293,1,8,84,0,0.02,0.0,0
balancereader,unknown,0,0,1,1,0,0,0,0,0,0.0,0.04691318931238528,0.0,0.0,0,0,0.0,0,0.0020163575701174323,107.7,6059.0,1.0,0.01275351785824769,bank-of-anthos,deployment,0.22375780019073546,1,17,17,0,0.0638,0.0,0
balancereader,unknown,0,0,1,1,0,0,0,0,0,0.0,0.05616436130570565,0.0,0.0,0,0,0.0,0,0.00203702104197202,107.7,6059.0,1.0,0.014967404406624352,bank-of-anthos,deployment,0.5169004256937546,0,25,0,0,0.2651,0.0,0
balancereader,unknown,0,0,1,1,0,0,0,0,0,0.0,0.05001231710123015,0.0,0.0,0,0,0.0,0,0.003121149403423501,107.7,6059.0,1.0,0.012034954754309223,bank-of-anthos,deployment,0.22414257584948002,1,15,56,0,0.02,0.0,0
balancereader,unknown,0,0,1,1,0,0,0,0,0,0.0,0.06367942346175606,0.0,0.0,0,0,0.0,0,0.0022289836948761604,107.7,6059.0,1.0,0.01421081487578762,bank-of-anthos,config_change,0.5031485012476273,1,19,37,0,0.038,0.0,0
balancereader,unknown,0,0,1,1,0,0,0,0,0,0.0,0.057985241499054006,0.0,0.0,0,0,0.0,0,0.0012291008726169692,107.7,6059.0,1.0,0.01321881453199908,bank-of-anthos,deployment,0.33298400894121777,0,12,4,0,0.2527,0.0,0
balancereader,unknown,0,0,1,1,0,0,0,0,0,0.0,0.051866889661805665,0.0,0.0,0,0,0.0,0,0.0010041972172329613,107.7,6059.0,1.0,0.012377329668629766,bank-of-anthos,deployment,0.7017423693987482,0,13,67,0,0.1242,0.0,0
contacts,unknown,1,0,1,0,0,0,0,4,0,0.0,0.14161978169712466,0.06539768542678623,0.0,1,0,0.0,0,0.002405793962980226,119.2,13693.0,1.0,0.04157756697011785,bank-of-anthos,code_change,0.4756443538802897,0,8,11,1,0.1418,0.1904,61
contacts,unknown,1,0,1,0,1,0,0,3,1,0.0,0.14996801982639288,0.07492964796235839,0.0,0,0,0.0,0,0.004395270650064249,119.2,13693.0,1.0,0.032703518576326994,bank-of-anthos,config_change,0.49508149217119335,1,12,7,0,0.0688,0.0,0
contacts,unknown,1,0,1,0,0,0,0,4,0,0.0,0.14708176317532065,0.06149879320802717,0.0,1,0,0.0,0,0.002957141398792202,119.2,13693.0,1.0,0.044747079017951365,bank-of-anthos,deployment,0.6169162345023358,1,7,19,0,0.0512,0.0,0
contacts,unknown,1,0,1,0,0,0,0,3,1,0.0,0.12494877938570177,0.07964094534541494,0.0,0,0,0.0,0,0.004637346857047884,119.2,13693.0,1.0,0.0363820901557303,bank-of-anthos,deployment,0.9051350639917832,1,5,7,0,0.0791,0.0,0
contacts,unknown,1,0,1,0,1,0,0,4,0,0.0,0.133714489429722,0.09523378201817378,0.0,1,0,0.0,0,0.001811218596474311,119.2,13693.0,1.0,0.045701114739145704,bank-of-anthos,config_change,0.16144888979377933,1,23,20,0,0.0419,0.0,0
contacts,unknown,1,0,1,0,1,0,0,3,1,0.0,0.11474734653958857,0.0818809671124467,0.0,0,0,0.0,0,0.0026823398967900044,119.2,13693.0,1.0,0.040943880986779105,bank-of-anthos,config_change,0.09524861338223088,1,28,23,0,0.02,0.0,0
contacts,unknown,1,0,1,0,1,0,0,3,1,0.0,0.11673127454736112,0.06739433976366038,0.0,0,0,0.0,0,0.0018986884098208705,119.2,13693.0,1.0,0.044152233248490214,bank-of-anthos,deployment,0.35856329257599556,1,11,1,0,0.1692,0.0,0
contacts,unknown,1,0,1,0,0,0,0,4,0,0.0,0.11128698693350592,0.0857890251548587,0.0,0,0,0.0,0,0.0014795285570026154,119.2,13693.0,1.0,0.030300600949657284,bank-of-anthos,scaling,0.18571122998910589,1,7,14,0,0.02,0.0,0
contacts,unknown,1,0,1,0,0,0,0,3,0,0.0,0.13872821906072527,0.0675033547085153,0.0,0,0,0.0,0,0.0027785487186609685,119.2,13693.0,1.0,0.029612195401520953,bank-of-anthos,code_change,0.9274332749965939,1,10,10,0,0.0697,0.0,0
contacts,unknown,1,0,1,0,0,0,0,4,0,0.0,0.1339368440717326,0.07789003276037033,0.0,1,0,0.0,0,0.0049167216424680586,119.2,13693.0,1.0,0.037085511848393274,bank-of-anthos,config_change,0.24511511665316082,1,20,0,0,0.2811,0.0,0
contacts,unknown,1,0,1,0,1,0,0,4,1,0.0,0.09684168127827833,0.08164389524528758,0.0,1,0,0.0,0,0.0025453939537397226,119.2,13693.0,1.0,0.04483723531636731,bank-of-anthos,code_change,0.5459848170819797,1,1,32,0,0.02,0.0,0
contacts,unknown,1,0,1,0,1,0,0,3,0,0.0,0.12883432473716047,0.07394022269349533,0.0,1,0,0.0,0,0.002909673827380458,119.2,13693.0,1.0,0.029002491149355682,bank-of-anthos,code_change,0.22939263805017207,0,6,44,0,0.1206,0.0,0
contacts,unknown,1,0,1,0,1,0,0,4,1,0.0,0.09874304115319361,0.06542832856116834,0.0,0,0,0.0,0,0.0032702553127132426,119.2,13693.0,1.0,0.0349172119379621,bank-of-anthos,deployment,0.9125816109374748,1,22,58,0,0.0983,0.0,0
contacts,unknown,1,0,1,0,1,0,0,3,0,0.0,0.15155927317256848,0.0755608755553556,0.0,1,0,0.0,0,0.0049433790441691895,119.2,13693.0,1.0,0.04026945640254491,bank-of-anthos,config_change,0.32047934181097637,1,6,18,0,0.1272,0.0,0
contacts,unknown,1,0,1,0,1,0,0,3,0,0.0,0.10632065013972074,0.08894973243753007,0.0,0,0,0.0,0,0.0034221621343780836,119.2,13693.0,1.0,0.03293452911970441,bank-of-anthos,config_change,0.1278349774343418,0,5,17,0,0.1935,0.0,0
contacts,unknown,1,0,1,0,0,0,0,4,0,0.0,0.1508097650598782,0.06761305795334231,0.0,1,0,0.0,0,0.002899601571395665,119.2,13693.0,1.0,0.04703501925139713,bank-of-anthos,config_change,0.38101437738189087,1,23,36,0,0.02,0.0,0
contacts,unknown,1,0,1,0,0,0,0,4,1,0.0,0.11163945586159311,0.07729704506167556,0.0,0,0,0.0,0,0.0057158197551036155,119.2,13693.0,1.0,0.03702121933205004,bank-of-anthos,deployment,0.2932816803813381,1,23,4,0,0.1416,0.0,0
contacts,unknown,1,0,1,0,0,0,0,3,1,0.0,0.13383245423893475,0.0601555201486457,0.0,0,0,0.0,0,0.0025233512799031064,119.2,13693.0,1.0,0.0467684939055058,bank-of-anthos,config_change,0.27917434703971816,0,19,16,0,0.1476,0.0,0
contacts,unknown,1,0,1,0,0,0,0,4,0,0.0,0.10523568339462774,0.08241666887752835,0.0,1,0,0.0,0,0.0028853907945127024,119.2,13693.0,1.0,0.046679478741226674,bank-of-anthos,scaling,0.2737207360476065,0,13,22,0,0.084,0.0,0
contacts,unknown,1,0,1,0,1,0,0,3,1,0.0,0.11205140961880136,0.09337659536058902,0.0,1,0,0.0,0,0.004781070446556799,119.2,13693.0,1.0,0.042191141968042106,bank-of-anthos,deployment,0.1643034032466618,0,14,83,0,0.1208,0.0,0
contacts,unknown,1,0,1,0,0,0,0,3,1,0.0,0.1343760297780003,0.09292088476746353,0.0,0,0,0.0,0,0.004284807107721157,119.2,13693.0,1.0,0.03202499352989666,bank-of-anthos,code_change,0.25063281145846156,1,14,56,0,0.02,0.0,0
contacts,unknown,1,0,1,0,1,0,0,3,1,0.0,0.09731361561842779,0.07911721485354745,0.0,1,0,0.0,0,0.0028589456537246494,119.2,13693.0,1.0,0.03878537227132408,bank-of-anthos,deployment,0.3211078247698215,1,24,32,0,0.0367,0.0,0
contacts,unknown,1,0,1,0,0,0,0,4,0,0.0,0.13972041977500294,0.06027283587037994,0.0,1,0,0.0,0,0.005052725496806684,119.2,13693.0,1.0,0.04316860393347474,bank-of-anthos,deployment,0.4237925462764359,1,27,69,0,0.02,0.0,0
contacts,unknown,1,0,1,0,0,0,0,4,0,0.0,0.10010289480847374,0.06807590910982544,0.0,1,0,0.0,0,0.0024136431107752965,119.2,13693.0,1.0,0.04531529116639791,bank-of-anthos,config_change,0.43590277733200183,1,25,0,0,0.261,0.0,0
contacts,unknown,1,0,1,0,1,0,0,4,1,0.0,0.10607376145147072,0.07505950087759324,0.0,0,0,0.0,0,0.0025369234738719924,119.2,13693.0,1.0,0.04156183127694483,bank-of-anthos,config_change,0.16397973777077698,0,7,90,1,0.1801,0.2122,59
contacts,unknown,1,0,1,0,0,0,0,4,1,0.0,0.14918273927929263,0.07403855438935374,0.0,0,0,0.0,0,0.0037824364148775877,119.2,13693.0,1.0,0.033535663444670405,bank-of-anthos,config_change,0.15088005388344686,0,12,7,0,0.029,0.0,0
contacts,unknown,1,0,1,0,0,0,0,4,0,0.0,0.13168278495450164,0.07918618734441023,0.0,0,0,0.0,0,0.0025471706339031917,119.2,13693.0,1.0,0.03187215486482922,bank-of-anthos,code_change,0.3513347370100803,0,21,22,0,0.0958,0.0,0
contacts,unknown,1,0,1,0,1,0,0,3,0,0.0,0.1130689901740206,0.05815653597310067,0.0,0,0,0.0,0,0.005638486648907872,119.2,13693.0,1.0,0.04000943029782047,bank-of-anthos,config_change,0.20594769325472548,1,22,20,0,0.02,0.0,0
contacts,unknown,1,0,1,0,1,0,0,4,0,0.0,0.1404867136731259,0.09166729619315782,0.0,1,0,0.0,0,0.004728447699906678,119.2,13693.0,1.0,0.03445176406928761,bank-of-anthos,code_change,0.6925032317858979,0,6,40,0,0.0972,0.0,0
contacts,unknown,1,0,1,0,0,0,0,3,0,0.0,0.12300226454758931,0.07430168047353958,0.0,0,0,0.0,0,0.0036456167179045296,119.2,13693.0,1.0,0.03831438369739598,bank-of-anthos,deployment,0.7204856356650633,1,1,33,0,0.02,0.0,0
contacts,unknown,1,0,1,0,0,0,0,4,0,0.0,0.11303309771305646,0.07908601515483739,0.0,0,0,0.0,0,0.001999710117469472,119.2,13693.0,1.0,0.0465069232761198,bank-of-anthos,deployment,0.5142152430472003,1,15,39,0,0.02,0.0,0
contacts,unknown,1,0,1,0,1,0,0,3,1,0.0,0.12864422298938918,0.0625594350460145,0.0,0,0,0.0,0,0.002573449956809161,119.2,13693.0,1.0,0.04300869068027148,bank-of-anthos,config_change,0.16225434852650875,0,6,15,0,0.097,0.0,0
contacts,unknown,1,0,1,0,1,0,0,4,0,0.0,0.15980148414209655,0.06258394052432732,0.0,1,0,0.0,0,0.002762980774884094,119.2,13693.0,1.0,0.04519208423493596,bank-of-anthos,deployment,0.8437825865363114,1,28,1,0,0.1323,0.0,0
contacts,unknown,1,0,1,0,1,0,0,4,1,0.0,0.14311175934301357,0.09358127773725584,0.0,0,0,0.0,0,0.0016452324216563233,119.2,13693.0,1.0,0.03684155563562851,bank-of-anthos,deployment,0.8243351551642897,0,17,29,0,0.1174,0.0,0
contacts,unknown,1,0,1,0,1,0,0,3,1,0.0,0.11860962978672351,0.09296532712199206,0.0,0,0,0.0,0,0.0014689641728111247,119.2,13693.0,1.0,0.04125872433833971,bank-of-anthos,deployment,0.6850840295055237,1,24,35,0,0.1246,0.0,0
contacts,unknown,1,0,1,0,0,0,0,3,1,0.0,0.10513526026595543,0.07008002212754867,0.0,1,0,0.0,0,0.005553604249387984,119.2,13693.0,1.0,0.029926779270300966,bank-of-anthos,code_change,0.3277495653073831,1,17,128,0,0.0877,0.0,0
contacts,unknown,1,0,1,0,1,0,0,3,0,0.0,0.13275227006133988,0.07796426686590222,0.0,1,0,0.0,0,0.005051988293117996,119.2,13693.0,1.0,0.04018908303534136,bank-of-anthos,config_change,0.20545353142120132,1,18,30,0,0.02,0.0,0
contacts,unknown,1,0,1,0,0,0,0,3,0,0.0,0.1515403753180939,0.08775088959742562,0.0,1,0,0.0,0,0.003959772303026259,119.2,13693.0,1.0,0.03316925593153187,bank-of-anthos,deployment,0.6747577196378014,1,18,57,0,0.02,0.0,0
contacts,unknown,1,0,1,0,0,0,0,4,1,0.0,0.10043670428805625,0.0621709816955658,0.0,1,0,0.0,0,0.0017964563113012314,119.2,13693.0,1.0,0.033724604647499164,bank-of-anthos,deployment,0.2690292046730729,1,19,24,1,0.079,0.0793,49
contacts,unknown,1,0,1,0,0,0,0,4,0,0.0,0.15472269447979037,0.07789848006998068,0.0,1,0,0.0,0,0.004190650412309606,119.2,13693.0,1.0,0.03678491766147917,bank-of-anthos,config_change,0.25636516536193477,0,2,8,1,0.151,0.3097,50
contacts,unknown,1,0,1,0,1,0,0,4,0,0.0,0.14957481619775853,0.0751642586292471,0.0,0,0,0.0,0,0.005130618457164737,119.2,13693.0,1.0,0.030541611112395846,bank-of-anthos,deployment,0.7078729266918037,1,28,21,0,0.02,0.0,0
contacts,unknown,1,0,1,0,0,0,0,4,1,0.0,0.1090538876326078,0.09317303447317318,0.0,1,0,0.0,0,0.00315839774687539,119.2,13693.0,1.0,0.04322278521280603,bank-of-anthos,deployment,0.5152370344386955,1,11,40,0,0.0438,0.0,0
contacts,unknown,1,0,1,0,1,0,0,3,0,0.0,0.10501905530012987,0.07304001738647321,0.0,0,0,0.0,0,0.004112890166403047,119.2,13693.0,1.0,0.03279174684573794,bank-of-anthos,config_change,0.17004366347810917,0,28,14,0,0.1219,0.0,0
contacts,unknown,1,0,1,0,0,0,0,3,0,0.0,0.1421469085401439,0.09397301527867892,0.0,0,0,0.0,0,0.0034554960212254825,119.2,13693.0,1.0,0.03876055465295307,bank-of-anthos,config_change,0.17935977336697176,1,28,16,0,0.0987,0.0,0
contacts,unknown,1,0,1,0,1,0,0,3,1,0.0,0.12700979329490716,0.08143670196107948,0.0,1,0,0.0,0,0.005633136141571572,119.2,13693.0,1.0,0.03226907825710632,bank-of-anthos,config_change,0.10229515449266618,1,16,23,0,0.02,0.0,0
contacts,unknown,1,0,1,0,0,0,0,4,1,0.0,0.1454653940275998,0.07186778727029666,0.0,0,0,0.0,0,0.005164675814113264,119.2,13693.0,1.0,0.044088764513007986,bank-of-anthos,deployment,0.5164561135319671,0,3,9,0,0.089,0.0,0
contacts,unknown,1,0,1,0,0,0,0,3,0,0.0,0.14285638485178592,0.05769433949739601,0.0,1,0,0.0,0,0.005382320380163391,119.2,13693.0,1.0,0.0439699665740386,bank-of-anthos,deployment,0.3442217277999452,1,14,81,0,0.0201,0.0,0
contacts,unknown,1,0,1,0,1,0,0,4,0,0.0,0.1305736700847326,0.09272288194269031,0.0,0,0,0.0,0,0.001854682130122896,119.2,13693.0,1.0,0.030922494806767727,bank-of-anthos,config_change,0.05238849529800984,1,26,14,0,0.02,0.0,0
contacts,unknown,1,0,1,0,0,0,0,3,0,0.0,0.11761591796265367,0.08444186381452498,0.0,0,0,0.0,0,0.003592470064989211,119.2,13693.0,1.0,0.04187478223922879,bank-of-anthos,scaling,0.012553228868683543,0,19,8,0,0.1714,0.0,0
contacts,unknown,1,0,1,0,0,0,0,3,0,0.0,0.14812901303341428,0.05941351668947068,0.0,1,0,0.0,0,0.0020851735393256706,119.2,13693.0,1.0,0.03382254825673221,bank-of-anthos,deployment,0.9058214625595253,1,10,10,0,0.02,0.0,0
userservice,unknown,1,0,1,0,1,0,0,3,1,0.0,0.12206317957672985,0.06621157887899431,0.0,1,0,0.0,0,0.0037917197182431167,119.2,13693.0,1.0,0.038927993356276,bank-of-anthos,config_change,0.2720370809648643,0,15,56,1,0.2037,0.3479,88
userservice,unknown,1,0,1,0,1,0,0,4,0,0.0,0.15286986266340155,0.08139324044642124,0.0,1,0,0.0,0,0.005549009079870249,119.2,13693.0,1.0,0.031964368487986165,bank-of-anthos,code_change,0.7463920701059956,1,13,37,0,0.02,0.0,0
userservice,unknown,1,0,1,0,0,0,0,4,1,0.0,0.16016157896365285,0.08663086360459488,0.0,1,0,0.0,0,0.005174840307003416,119.2,13693.0,1.0,0.04087275652981158,bank-of-anthos,deployment,0.7047625245150169,1,25,5,0,0.242,0.0,0
userservice,unknown,1,0,1,0,0,0,0,3,1,0.0,0.13342624121093158,0.08772251859097983,0.0,1,0,0.0,0,0.005250307128460945,119.2,13693.0,1.0,0.02945122601477259,bank-of-anthos,deployment,0.8222294719704717,0,1,10,0,0.0262,0.0,0
userservice,unknown,1,0,1,0,1,0,0,3,1,0.0,0.14276079936883068,0.07223196393204594,0.0,1,0,0.0,0,0.0034534621328958124,119.2,13693.0,1.0,0.028675797926282144,bank-of-anthos,config_change,0.5741454314261404,1,7,22,0,0.022,0.0,0
userservice,unknown,1,0,1,0,1,0,0,3,0,0.0,0.12932956875856075,0.09324439793053076,0.0,1,0,0.0,0,0.003197191097075054,119.2,13693.0,1.0,0.039576971114647995,bank-of-anthos,scaling,0.16465273367853567,1,24,6,0,0.1668,0.0,0
userservice,unknown,1,0,1,0,1,0,0,3,1,0.0,0.12051123800166438,0.0759963972105077,0.0,0,0,0.0,0,0.004564874282375077,119.2,13693.0,1.0,0.046940893319919845,bank-of-anthos,deployment,0.8283885611316923,0,25,8,0,0.1674,0.0,0
userservice,unknown,1,0,1,0,1,0,0,4,0,0.0,0.15444621117621907,0.07739115215130334,0.0,1,0,0.0,0,0.004451047614413119,119.2,13693.0,1.0,0.03733567116988278,bank-of-anthos,code_change,0.44860252200755785,0,18,48,1,0.1325,0.4187,53
userservice,unknown,1,0,1,0,0,0,0,3,1,0.0,0.1318542463605439,0.09342388021987694,0.0,0,0,0.0,0,0.0018350720711840687,119.2,13693.0,1.0,0.03730984030969038,bank-of-anthos,config_change,0.1848673399341691,0,21,29,0,0.1133,0.0,0
userservice,unknown,1,0,1,0,0,0,0,4,1,0.0,0.15326405440677934,0.0613254779154264,0.0,1,0,0.0,0,0.0017904939911749598,119.2,13693.0,1.0,0.046532318479263,bank-of-anthos,scaling,0.6193096739833291,1,23,1,0,0.1575,0.0,0
userservice,unknown,1,0,1,0,0,0,0,3,0,0.0,0.10357304500872258,0.09408709588473389,0.0,0,0,0.0,0,0.004256958235657499,119.2,13693.0,1.0,0.040612477255749097,bank-of-anthos,code_change,0.794666491151688,1,3,35,0,0.02,0.0,0
userservice,unknown,1,0,1,0,1,0,0,4,0,0.0,0.12052723989691475,0.07066299041676313,0.0,0,0,0.0,0,0.001671214764426768,119.2,13693.0,1.0,0.04261360853011245,bank-of-anthos,deployment,0.8840944108832203,1,24,5,0,0.1333,0.0,0
userservice,unknown,1,0,1,0,0,0,0,3,0,0.0,0.11166506878667894,0.07301930880015306,0.0,0,0,0.0,0,0.0021936102870189983,119.2,13693.0,1.0,0.04317745907582996,bank-of-anthos,deployment,0.5809020053412339,0,22,36,1,0.1385,0.1992,66
userservice,unknown,1,0,1,0,0,0,0,3,0,0.0,0.1208682978716662,0.06377849006981778,0.0,1,0,0.0,0,0.004341913749824063,119.2,13693.0,1.0,0.03050876664819156,bank-of-anthos,deployment,0.5601573040587899,1,10,4,0,0.2953,0.0,0
userservice,unknown,1,0,1,0,1,0,0,3,0,0.0,0.1322288986149783,0.09403643926236553,0.0,0,0,0.0,0,0.005005077820095724,119.2,13693.0,1.0,0.04069183849306843,bank-of-anthos,config_change,0.20728173763152624,1,2,7,0,0.0683,0.0,0
userservice,unknown,1,0,1,0,0,0,0,3,1,0.0,0.11724311156932006,0.07724275747218054,0.0,1,0,0.0,0,0.005016426441742472,119.2,13693.0,1.0,0.034447481739330044,bank-of-anthos,config_change,0.06533621991522993,1,29,17,0,0.0742,0.0,0
userservice,unknown,1,0,1,0,0,0,0,4,1,0.0,0.14744525089600666,0.07100412464547672,0.0,1,0,0.0,0,0.003411430890955194,119.2,13693.0,1.0,0.028550010956012173,bank-of-anthos,deployment,0.19167148894421449,0,14,20,0,0.0849,0.0,0
userservice,unknown,1,0,1,0,1,0,0,4,1,0.0,0.10926610723437523,0.06485250137484884,0.0,0,0,0.0,0,0.004704503825774828,119.2,13693.0,1.0,0.031129192688296448,bank-of-anthos,config_change,0.29288311956050533,0,10,30,0,0.1422,0.0,0
userservice,unknown,1,0,1,0,1,0,0,3,1,0.0,0.14542038750253813,0.06621720440836763,0.0,0,0,0.0,0,0.0057637777798178,119.2,13693.0,1.0,0.03311158474917308,bank-of-anthos,deployment,0.6061979264208819,1,26,7,0,0.085,0.0,0
userservice,unknown,1,0,1,0,1,0,0,3,0,0.0,0.1599524793807691,0.0730426653675933,0.0,1,0,0.0,0,0.003158617561529866,119.2,13693.0,1.0,0.035439639830692066,bank-of-anthos,config_change,0.21593485298186443,0,15,0,1,0.3259,0.0512,43
userservice,unknown,1,0,1,0,1,0,0,4,1,0.0,0.14925424317444722,0.06737897547483494,0.0,1,0,0.0,0,0.004481060485744885,119.2,13693.0,1.0,0.04668503482400097,bank-of-anthos,deployment,0.6296038956036207,0,15,47,0,0.1557,0.0,0
userservice,unknown,1,0,1,0,1,0,0,3,1,0.0,0.09711604117370302,0.09192380389033708,0.0,0,0,0.0,0,0.004977916880954501,119.2,13693.0,1.0,0.042364292921487696,bank-of-anthos,deployment,0.3541766526054051,1,19,108,1,0.0708,0.4045,75
userservice,unknown,1,0,1,0,1,0,0,4,1,0.0,0.15454447582862757,0.06440707633370614,0.0,0,0,0.0,0,0.0025956317426416445,119.2,13693.0,1.0,0.03831989858695548,bank-of-anthos,deployment,0.10048700986986606,1,17,13,0,0.02,0.0,0
userservice,unknown,1,0,1,0,1,0,0,4,0,0.0,0.14820215869253933,0.08534257479249191,0.0,0,0,0.0,0,0.004572258369950604,119.2,13693.0,1.0,0.030404586035084235,bank-of-anthos,deployment,0.7829077818753729,1,12,55,1,0.02,0.3928,67
userservice,unknown,1,0,1,0,1,0,0,4,0,0.0,0.1534329664250492,0.08935485997101918,0.0,0,0,0.0,0,0.0014635791834003817,119.2,13693.0,1.0,0.032821516827231195,bank-of-anthos,config_change,0.189044189055867,0,1,32,0,0.1471,0.0,0
userservice,unknown,1,0,1,0,0,0,0,4,0,0.0,0.11226777959429897,0.06408463603110558,0.0,1,0,0.0,0,0.004741666358984892,119.2,13693.0,1.0,0.04259432302967727,bank-of-anthos,config_change,0.1661567026023792,1,21,3,0,0.1749,0.0,0
userservice,unknown,1,0,1,0,0,0,0,4,0,0.0,0.14937627868214462,0.09425429902857267,0.0,0,0,0.0,0,0.004074466210554003,119.2,13693.0,1.0,0.03522420767702452,bank-of-anthos,code_change,0.8033097372386846,1,14,11,0,0.02,0.0,0
userservice,unknown,1,0,1,0,0,0,0,4,1,0.0,0.11749903957266672,0.06446745817318691,0.0,0,0,0.0,0,0.005215799316609415,119.2,13693.0,1.0,0.037555859049663944,bank-of-anthos,code_change,0.5113947305852509,1,15,0,1,0.2482,0.2304,56
userservice,unknown,1,0,1,0,1,0,0,4,0,0.0,0.1384186180164607,0.07095334340978984,0.0,1,0,0.0,0,0.003897795213538582,119.2,13693.0,1.0,0.03403882163487266,bank-of-anthos,config_change,0.3198913936957744,1,29,49,0,0.0497,0.0,0
userservice,unknown,1,0,1,0,0,0,0,3,0,0.0,0.11270693043133805,0.059144127575670495,0.0,1,0,0.0,0,0.0020943825607712663,119.2,13693.0,1.0,0.03286926689261965,bank-of-anthos,code_change,0.6715712605925822,1,8,6,0,0.2777,0.0,0
userservice,unknown,1,0,1,0,1,0,0,4,1,0.0,0.14206807986253742,0.07372111771630971,0.0,0,0,0.0,0,0.0024125531711379003,119.2,13693.0,1.0,0.03281302468742999,bank-of-anthos,code_change,0.2396312338366704,0,5,107,0,0.032,0.0,0
userservice,unknown,1,0,1,0,0,0,0,3,0,0.0,0.11300966903476832,0.05906724594099478,0.0,1,0,0.0,0,0.0018599573388596866,119.2,13693.0,1.0,0.03785021648463137,bank-of-anthos,code_change,0.5662532994367401,0,24,20,0,0.1053,0.0,0
userservice,unknown,1,0,1,0,1,0,0,3,1,0.0,0.10380083318419737,0.08265737463609799,0.0,0,0,0.0,0,0.0015885769169979313,119.2,13693.0,1.0,0.03901516166211082,bank-of-anthos,deployment,0.3707271546295752,1,12,65,0,0.0534,0.0,0
userservice,unknown,1,0,1,0,0,0,0,3,0,0.0,0.13164183228338228,0.08138887693906617,0.0,0,0,0.0,0,0.005432324433299741,119.2,13693.0,1.0,0.03594166431469737,bank-of-anthos,deployment,0.14842167699966322,1,8,6,1,0.0792,0.1215,48
userservice,unknown,1,0,1,0,1,0,0,4,1,0.0,0.11546778259908234,0.05840656610634994,0.0,0,0,0.0,0,0.005492370834833269,119.2,13693.0,1.0,0.032811114577632354,bank-of-anthos,deployment,0.8550987670577836,1,5,6,0,0.2242,0.0,0
userservice,unknown,1,0,1,0,0,0,0,4,0,0.0,0.1464200416409931,0.08163522570818135,0.0,0,0,0.0,0,0.001846915059673511,119.2,13693.0,1.0,0.03879572329224818,bank-of-anthos,scaling,0.5379219804373324,1,6,9,0,0.02,0.0,0
userservice,unknown,1,0,1,0,1,0,0,4,1,0.0,0.11375916125939739,0.07869610800012654,0.0,1,0,0.0,0,0.0028340621613628584,119.2,13693.0,1.0,0.037535003910897674,bank-of-anthos,scaling,0.4552707933709195,1,28,0,0,0.2623,0.0,0
userservice,unknown,1,0,1,0,1,0,0,4,1,0.0,0.0988483379826987,0.07581087887325048,0.0,1,0,0.0,0,0.0034133147544203233,119.2,13693.0,1.0,0.03439279720072524,bank-of-anthos,scaling,0.06943622529593464,1,11,16,0,0.0609,0.0,0
userservice,unknown,1,0,1,0,1,0,0,3,0,0.0,0.10536903848471514,0.07778358707564619,0.0,0,0,0.0,0,0.00439577964797605,119.2,13693.0,1.0,0.03451533061984029,bank-of-anthos,code_change,0.4620269399010464,0,27,11,0,0.0727,0.0,0
userservice,unknown,1,0,1,0,1,0,0,4,1,0.0,0.10838953583958913,0.07895545369172183,0.0,0,0,0.0,0,0.0015745456931850897,119.2,13693.0,1.0,0.04665680621584576,bank-of-anthos,config_change,0.1067534389826311,1,3,35,0,0.02,0.0,0
userservice,unknown,1,0,1,0,0,0,0,3,1,0.0,0.1413386892541083,0.09250300491517233,0.0,0,0,0.0,0,0.005484289338700016,119.2,13693.0,1.0,0.03777375294503454,bank-of-anthos,config_change,0.7424244432888562,1,3,30,0,0.02,0.0,0
userservice,unknown,1,0,1,0,1,0,0,3,0,0.0,0.1350256888265379,0.07173174246303164,0.0,1,0,0.0,0,0.0034718112958281285,119.2,13693.0,1.0,0.03806133856233623,bank-of-anthos,deployment,0.42632215556655506,1,8,59,0,0.0516,0.0,0
userservice,unknown,1,0,1,0,0,0,0,4,1,0.0,0.13111821957934858,0.059661782661166486,0.0,1,0,0.0,0,0.004267534475337499,119.2,13693.0,1.0,0.03810130863338173,bank-of-anthos,deployment,0.7608063629500408,0,8,26,0,0.0977,0.0,0
userservice,unknown,1,0,1,0,1,0,0,3,0,0.0,0.10142924163668728,0.07377938772702212,0.0,1,0,0.0,0,0.003399785632170776,119.2,13693.0,1.0,0.03206081447169176,bank-of-anthos,code_change,0.5915515882750004,1,5,2,0,0.196,0.0,0
userservice,unknown,1,0,1,0,1,0,0,3,1,0.0,0.144849469805899,0.090499383424236,0.0,0,0,0.0,0,0.004565006648831332,119.2,13693.0,1.0,0.03356646765051758,bank-of-anthos,config_change,0.1409262850682942,1,1,22,0,0.0869,0.0,0
userservice,unknown,1,0,1,0,1,0,0,3,0,0.0,0.12975116633106387,0.07969614680660095,0.0,0,0,0.0,0,0.002025120124268303,119.2,13693.0,1.0,0.04381263491489181,bank-of-anthos,deployment,0.9746263592487263,1,23,8,0,0.02,0.0,0
userservice,unknown,1,0,1,0,0,0,0,4,0,0.0,0.10498676008789051,0.08123716233550558,0.0,0,0,0.0,0,0.0040170064371984485,119.2,13693.0,1.0,0.03854396691319576,bank-of-anthos,code_change,0.6289816885369377,0,4,24,0,0.02,0.0,0
userservice,unknown,1,0,1,0,1,0,0,4,1,0.0,0.13967882736951268,0.09129075393356201,0.0,1,0,0.0,0,0.0047744684507078534,119.2,13693.0,1.0,0.03634249838222708,bank-of-anthos,code_change,0.49259569702085193,0,18,16,0,0.1599,0.0,0
userservice,unknown,1,0,1,0,1,0,0,3,1,0.0,0.12240684030911288,0.09434895263931294,0.0,1,0,0.0,0,0.002142881212470144,119.2,13693.0,1.0,0.034133529849454836,bank-of-anthos,config_change,0.08990020300658169,1,9,106,0,0.1031,0.0,0
userservice,unknown,1,0,1,0,0,0,0,3,1,0.0,0.13399886107790296,0.08192335136332779,0.0,1,0,0.0,0,0.002991055887775172,119.2,13693.0,1.0,0.03413920389598494,bank-of-anthos,config_change,0.10230907296309041,1,3,67,0,0.02,0.0,0
ignored-by-kustomize,unknown,0,0,1,1,0,0,0,0,0,0.0,0.05390495130594568,0.0,0.0,0,0,0.0,0,0.0014626359333238285,107.7,6059.0,1.0,0.012702752195892765,bank-of-anthos,config_change,0.22831432421816822,1,16,41,0,0.0376,0.0,0
ignored-by-kustomize,unknown,0,0,1,1,0,0,0,0,0,0.0,0.04575815354710054,0.0,0.0,0,0,0.0,0,0.0026647279718451113,107.7,6059.0,1.0,0.0184671865625444,bank-of-anthos,deployment,0.4454891024253402,1,11,96,0,0.0385,0.0,0
ignored-by-kustomize,unknown,0,0,1,1,0,0,0,0,0,0.0,0.040223850792725314,0.0,0.0,0,0,0.0,0,0.00273436241790355,107.7,6059.0,1.0,0.018694424069503834,bank-of-anthos,deployment,0.47263965858778967,1,14,1,0,0.1018,0.0,0
ignored-by-kustomize,unknown,0,0,1,1,0,0,0,0,0,0.0,0.043823277890336895,0.0,0.0,0,0,0.0,0,0.0029838747648912333,107.7,6059.0,1.0,0.011354862847285235,bank-of-anthos,deployment,0.5530707266827435,1,13,10,0,0.02,0.0,0
ignored-by-kustomize,unknown,0,0,1,1,0,0,0,0,0,0.0,0.05901303461170132,0.0,0.0,0,0,0.0,0,0.001900918774002017,107.7,6059.0,1.0,0.016705479703844634,bank-of-anthos,deployment,0.7082229062601595,1,4,24,0,0.0335,0.0,0
ignored-by-kustomize,unknown,0,0,1,1,0,0,0,0,0,0.0,0.05133525228596816,0.0,0.0,0,0,0.0,0,0.0019056661350626922,107.7,6059.0,1.0,0.014209718024295239,bank-of-anthos,config_change,0.4667113550674009,1,18,13,0,0.0525,0.0,0
ignored-by-kustomize,unknown,0,0,1,1,0,0,0,0,0,0.0,0.06074247747448006,0.0,0.0,0,0,0.0,0,0.0020513982754286186,107.7,6059.0,1.0,0.011365246880510426,bank-of-anthos,config_change,0.4699267489150663,0,22,12,0,0.115,0.0,0
ignored-by-kustomize,unknown,0,0,1,1,0,0,0,0,0,0.0,0.05040152642347026,0.0,0.0,0,0,0.0,0,0.0014776212135628275,107.7,6059.0,1.0,0.012767048863065227,bank-of-anthos,deployment,0.8100301536327085,1,15,74,0,0.0717,0.0,0
ignored-by-kustomize,unknown,0,0,1,1,0,0,0,0,0,0.0,0.042759027299765204,0.0,0.0,0,0,0.0,0,0.0029618469878126934,107.7,6059.0,1.0,0.013865271081322338,bank-of-anthos,deployment,0.7431200388849751,1,3,10,0,0.084,0.0,0
ignored-by-kustomize,unknown,0,0,1,1,0,0,0,0,0,0.0,0.043482850710442986,0.0,0.0,0,0,0.0,0,0.0034775212860721503,107.7,6059.0,1.0,0.011664132200628043,bank-of-anthos,deployment,0.23786834903189955,1,16,7,0,0.02,0.0,0
ignored-by-kustomize,unknown,0,0,1,1,0,0,0,0,0,0.0,0.06052459739589462,0.0,0.0,0,0,0.0,0,0.0024860209422402006,107.7,6059.0,1.0,0.017664858482722035,bank-of-anthos,code_change,0.18103013902782414,0,17,37,0,0.1325,0.0,0
ignored-by-kustomize,unknown,0,0,1,1,0,0,0,0,0,0.0,0.05174662231033525,0.0,0.0,0,0,0.0,0,0.002480094889355579,107.7,6059.0,1.0,0.01591625193130206,bank-of-anthos,deployment,0.350595920513863,0,28,14,0,0.1102,0.0,0
ignored-by-kustomize,unknown,0,0,1,1,0,0,0,0,0,0.0,0.05965136413328456,0.0,0.0,0,0,0.0,0,0.0010786555486579884,107.7,6059.0,1.0,0.012396653367359985,bank-of-anthos,deployment,0.5851586997764849,1,20,28,0,0.02,0.0,0
ignored-by-kustomize,unknown,0,0,1,1,0,0,0,0,0,0.0,0.04104739304783797,0.0,0.0,0,0,0.0,0,0.0028353538350883007,107.7,6059.0,1.0,0.013311812531116804,bank-of-anthos,config_change,0.11725160612887639,1,26,59,0,0.02,0.0,0
ignored-by-kustomize,unknown,0,0,1,1,0,0,0,0,0,0.0,0.04627681601968391,0.0,0.0,0,0,0.0,0,0.001056961235772437,107.7,6059.0,1.0,0.01635118910069159,bank-of-anthos,scaling,0.5753739971657236,1,25,15,0,0.0453,0.0,0
ignored-by-kustomize,unknown,0,0,1,1,0,0,0,0,0,0.0,0.05512957722936661,0.0,0.0,0,0,0.0,0,0.0015658670412648196,107.7,6059.0,1.0,0.01834922882234058,bank-of-anthos,config_change,0.1193608389865316,1,17,35,0,0.0685,0.0,0
ignored-by-kustomize,unknown,0,0,1,1,0,0,0,0,0,0.0,0.06002864641126949,0.0,0.0,0,0,0.0,0,0.0034021102617155445,107.7,6059.0,1.0,0.013945837696366793,bank-of-anthos,config_change,0.5337506483841229,1,10,1,0,0.2274,0.0,0
ignored-by-kustomize,unknown,0,0,1,1,0,0,0,0,0,0.0,0.055459749589245266,0.0,0.0,0,0,0.0,0,0.002797513768348132,107.7,6059.0,1.0,0.018397621320303318,bank-of-anthos,deployment,0.34134089238263154,0,14,53,0,0.1624,0.0,0
ignored-by-kustomize,unknown,0,0,1,1,0,0,0,0,0,0.0,0.04774181792828771,0.0,0.0,0,0,0.0,0,0.0019970721859830644,107.7,6059.0,1.0,0.014148116713729357,bank-of-anthos,deployment,0.5854120834885538,1,28,5,1,0.2681,0.3766,63
ignored-by-kustomize,unknown,0,0,1,1,0,0,0,0,0,0.0,0.04674954998382034,0.0,0.0,0,0,0.0,0,0.0019584797439696966,107.7,6059.0,1.0,0.01663831106051656,bank-of-anthos,scaling,0.11627454811011445,1,24,39,0,0.02,0.0,0
ignored-by-kustomize,unknown,0,0,1,1,0,0,0,0,0,0.0,0.045797665699666416,0.0,0.0,0,0,0.0,0,0.001,107.7,6059.0,1.0,0.012821146670396997,bank-of-anthos,code_change,0.1265766935013792,1,6,13,0,0.0292,0.0,0
ignored-by-kustomize,unknown,0,0,1,1,0,0,0,0,0,0.0,0.046607323548626865,0.0,0.0,0,0,0.0,0,0.0017368107549187491,107.7,6059.0,1.0,0.012466721783223727,bank-of-anthos,scaling,0.5541493385526496,1,25,0,0,0.3213,0.0,0
ignored-by-kustomize,unknown,0,0,1,1,0,0,0,0,0,0.0,0.04477313409711278,0.0,0.0,0,0,0.0,0,0.001788558876849851,107.7,6059.0,1.0,0.016963539412162144,bank-of-anthos,deployment,0.4743673072342324,1,17,27,0,0.0247,0.0,0
ignored-by-kustomize,unknown,0,0,1,1,0,0,0,0,0,0.0,0.0406455448341631,0.0,0.0,0,0,0.0,0,0.0025405836548866344,107.7,6059.0,1.0,0.016050677974396275,bank-of-anthos,config_change,0.14892383012552848,1,28,7,0,0.02,0.0,0
ignored-by-kustomize,unknown,0,0,1,1,0,0,0,0,0,0.0,0.041945833689178785,0.0,0.0,0,0,0.0,0,0.003158803203653568,107.7,6059.0,1.0,0.011579787312160911,bank-of-anthos,config_change,0.09763671430743114,1,27,16,0,0.02,0.0,0
ignored-by-kustomize,unknown,0,0,1,1,0,0,0,0,0,0.0,0.04310074542526333,0.0,0.0,0,0,0.0,0,0.002148734539833583,107.7,6059.0,1.0,0.017821525216687388,bank-of-anthos,code_change,0.7650708818304219,1,11,13,0,0.02,0.0,0
ignored-by-kustomize,unknown,0,0,1,1,0,0,0,0,0,0.0,0.0612188789686746,0.0,0.0,0,0,0.0,0,0.00255324613908669,107.7,6059.0,1.0,0.013519667138114165,bank-of-anthos,code_change,0.6812423000738711,1,4,4,0,0.197,0.0,0
ignored-by-kustomize,unknown,0,0,1,1,0,0,0,0,0,0.0,0.06080803604863791,0.0,0.0,0,0,0.0,0,0.002088949789511781,107.7,6059.0,1.0,0.013817304636206397,bank-of-anthos,deployment,0.7466704822090211,1,7,17,0,0.02,0.0,0
ignored-by-kustomize,unknown,0,0,1,1,0,0,0,0,0,0.0,0.04109267088810414,0.0,0.0,0,0,0.0,0,0.003451055723155991,107.7,6059.0,1.0,0.01838685232079902,bank-of-anthos,config_change,0.452368737856345,0,2,87,0,0.1486,0.0,0
ignored-by-kustomize,unknown,0,0,1,1,0,0,0,0,0,0.0,0.04253664576380674,0.0,0.0,0,0,0.0,0,0.0032197919384099926,107.7,6059.0,1.0,0.012586748241836875,bank-of-anthos,deployment,0.2193318637354468,1,5,5,0,0.2653,0.0,0
ignored-by-kustomize,unknown,0,0,1,1,0,0,0,0,0,0.0,0.05752268352509283,0.0,0.0,0,0,0.0,0,0.0029478305177346414,107.7,6059.0,1.0,0.014466407709799787,bank-of-anthos,code_change,0.37924741912629667,1,14,40,0,0.02,0.0,0
ignored-by-kustomize,unknown,0,0,1,1,0,0,0,0,0,0.0,0.03946330740981349,0.0,0.0,0,0,0.0,0,0.001,107.7,6059.0,1.0,0.01430159296968503,bank-of-anthos,config_change,0.08990300441033358,1,16,4,0,0.181,0.0,0
ignored-by-kustomize,unknown,0,0,1,1,0,0,0,0,0,0.0,0.04138576138808833,0.0,0.0,0,0,0.0,0,0.0020229746389183335,107.7,6059.0,1.0,0.011990767885490635,bank-of-anthos,deployment,0.20619941680167095,1,16,53,0,0.0338,0.0,0
ignored-by-kustomize,unknown,0,0,1,1,0,0,0,0,0,0.0,0.05921809538880941,0.0,0.0,0,0,0.0,0,0.00330290784561604,107.7,6059.0,1.0,0.018228176198840835,bank-of-anthos,config_change,0.5081245777247855,1,13,0,0,0.0789,0.0,0
ignored-by-kustomize,unknown,0,0,1,1,0,0,0,0,0,0.0,0.06145624382165375,0.0,0.0,0,0,0.0,0,0.002593273663965017,107.7,6059.0,1.0,0.011858908402878234,bank-of-anthos,deployment,0.45726703906775,0,7,196,0,0.1534,0.0,0
ignored-by-kustomize,unknown,0,0,1,1,0,0,0,0,0,0.0,0.05257810364342069,0.0,0.0,0,0,0.0,0,0.0018272625876526313,107.7,6059.0,1.0,0.014270492774002247,bank-of-anthos,config_change,0.24067425766475092,1,16,1,0,0.1368,0.0,0
ignored-by-kustomize,unknown,0,0,1,1,0,0,0,0,0,0.0,0.060901245911205173,0.0,0.0,0,0,0.0,0,0.0010135209494050506,107.7,6059.0,1.0,0.013764173851601787,bank-of-anthos,deployment,0.8301906961388484,1,25,34,1,0.0928,0.4464,68
ignored-by-kustomize,unknown,0,0,1,1,0,0,0,0,0,0.0,0.05062674793484601,0.0,0.0,0,0,0.0,0,0.003451636494165429,107.7,6059.0,1.0,0.015069086889345317,bank-of-anthos,deployment,0.4102936541037777,1,25,51,0,0.0697,0.0,0
ignored-by-kustomize,unknown,0,0,1,1,0,0,0,0,0,0.0,0.05098916147922223,0.0,0.0,0,0,0.0,0,0.0020978432458293923,107.7,6059.0,1.0,0.013320563520520579,bank-of-anthos,code_change,0.422995335129086,1,4,8,0,0.0316,0.0,0
ignored-by-kustomize,unknown,0,0,1,1,0,0,0,0,0,0.0,0.06132008661190384,0.0,0.0,0,0,0.0,0,0.003051866667849261,107.7,6059.0,1.0,0.01779597243809582,bank-of-anthos,deployment,0.3276856499724066,1,11,46,0,0.02,0.0,0
ignored-by-kustomize,unknown,0,0,1,1,0,0,0,0,0,0.0,0.058407666559794076,0.0,0.0,0,0,0.0,0,0.0012770342915658759,107.7,6059.0,1.0,0.018133519051571876,bank-of-anthos,deployment,0.5887818371912568,1,27,72,0,0.1005,0.0,0
ignored-by-kustomize,unknown,0,0,1,1,0,0,0,0,0,0.0,0.05931073299132654,0.0,0.0,0,0,0.0,0,0.0011704571808407907,107.7,6059.0,1.0,0.013271712699393446,bank-of-anthos,deployment,0.07859485912251708,0,26,28,0,0.0279,0.0,0
ignored-by-kustomize,unknown,0,0,1,1,0,0,0,0,0,0.0,0.04740874497342869,0.0,0.0,0,0,0.0,0,0.001,107.7,6059.0,1.0,0.016410854071957914,bank-of-anthos,deployment,0.27093201496661273,0,5,8,0,0.0435,0.0,0
ignored-by-kustomize,unknown,0,0,1,1,0,0,0,0,0,0.0,0.05291287709859201,0.0,0.0,0,0,0.0,0,0.001804113767697249,107.7,6059.0,1.0,0.013208453583248079,bank-of-anthos,scaling,0.37453210483438004,1,5,30,0,0.02,0.0,0
ignored-by-kustomize,unknown,0,0,1,1,0,0,0,0,0,0.0,0.04862029344751759,0.0,0.0,0,0,0.0,0,0.0017407952416211704,107.7,6059.0,1.0,0.013145570015613398,bank-of-anthos,config_change,0.18221612065880127,0,21,7,0,0.0817,0.0,0
ignored-by-kustomize,unknown,0,0,1,1,0,0,0,0,0,0.0,0.049520872421379404,0.0,0.0,0,0,0.0,0,0.0013445676582912798,107.7,6059.0,1.0,0.01735538944816072,bank-of-anthos,config_change,0.29750591630640666,1,24,54,0,0.0551,0.0,0
ignored-by-kustomize,unknown,0,0,1,1,0,0,0,0,0,0.0,0.039662356834517534,0.0,0.0,0,0,0.0,0,0.0011979586527062637,107.7,6059.0,1.0,0.011312623031353271,bank-of-anthos,scaling,0.239373749720209,1,9,24,0,0.02,0.0,0
ignored-by-kustomize,unknown,0,0,1,1,0,0,0,0,0,0.0,0.03847331911287652,0.0,0.0,0,0,0.0,0,0.00325448028407574,107.7,6059.0,1.0,0.01477686739244982,bank-of-anthos,deployment,0.24352148367570986,1,29,3,0,0.1651,0.0,0
ignored-by-kustomize,unknown,0,0,1,1,0,0,0,0,0,0.0,0.0515024569359144,0.0,0.0,0,0,0.0,0,0.001735793557387157,107.7,6059.0,1.0,0.01692467091067459,bank-of-anthos,config_change,0.42201014844903506,1,5,1,0,0.2636,0.0,0
ignored-by-kustomize,unknown,0,0,1,1,0,0,0,0,0,0.0,0.04274073788495129,0.0,0.0,0,0,0.0,0,0.0027107909532056687,107.7,6059.0,1.0,0.01790050793959428,bank-of-anthos,code_change,0.7618978373173404,1,23,42,0,0.0284,0.0,0
loadgenerator,python,0,1,0,1,0,0,3,0,0,0.0,0.05441866369895185,0.0,0.0730016605424652,0,0,1.0,2,0.02370451694781371,407.7,6059.0,1.0,0.28852523987135575,bank-of-anthos,config_change,0.6575726211950536,0,21,3,1,0.5175,0.5937,73
loadgenerator,python,0,1,0,1,0,0,2,0,1,0.0,0.05573461977271126,0.0,0.08468196310599171,0,0,1.0,2,0.02755406450912229,407.7,6059.0,1.0,0.3553722563706251,bank-of-anthos,deployment,0.6189335604774776,1,29,62,0,0.2424,0.0,0
loadgenerator,python,0,1,0,1,0,0,3,0,0,0.0,0.038434352678199175,0.0,0.0756104349498603,0,0,1.0,2,0.025323571765040118,407.7,6059.0,1.0,0.2738475627197725,bank-of-anthos,deployment,0.4271345985573391,0,15,2,1,0.4914,0.4074,55
loadgenerator,python,0,1,0,1,0,1,2,0,1,0.0,0.06270647305333427,0.0,0.09283903070523891,0,1,1.0,2,0.02921714706082692,407.7,6059.0,1.0,0.38868041157616484,bank-of-anthos,config_change,0.12775702884971768,1,12,29,1,0.2085,0.3579,74
loadgenerator,python,0,1,0,1,0,0,2,0,1,0.0,0.06285970821538636,0.0,0.09529355140578737,0,0,1.0,2,0.02987329922737045,407.7,6059.0,1.0,0.23698150608588572,bank-of-anthos,deployment,0.4920063553621942,1,27,16,0,0.2097,0.0,0
loadgenerator,python,0,1,0,1,0,0,3,0,1,0.0,0.040186114970593885,0.0,0.06440561090398061,0,0,1.0,2,0.018155422614585574,407.7,6059.0,1.0,0.24740331546825792,bank-of-anthos,scaling,0.7234678381228669,1,10,42,0,0.1245,0.0,0
loadgenerator,python,0,1,0,1,0,1,2,0,1,0.0,0.05990564816514852,0.0,0.08563235992720832,0,1,1.0,2,0.01805160257098307,407.7,6059.0,1.0,0.25129695270270735,bank-of-anthos,deployment,0.22715912690178577,1,13,3,0,0.2914,0.0,0
loadgenerator,python,0,1,0,1,0,1,3,0,1,0.0,0.06039210624307604,0.0,0.07553002297542008,0,0,1.0,2,0.01194011804711799,407.7,6059.0,1.0,0.3016248053187283,bank-of-anthos,code_change,0.7516103042375205,1,19,1,1,0.2521,0.5583,107
loadgenerator,python,0,1,0,1,0,0,3,0,0,0.0,0.055178251088762925,0.0,0.06776829093378911,0,1,1.0,2,0.027981679481814306,407.7,6059.0,1.0,0.39051349519026973,bank-of-anthos,code_change,0.7995719680878981,1,8,51,0,0.2049,0.0,0
loadgenerator,python,0,1,0,1,0,0,3,0,1,0.0,0.0632156028820147,0.0,0.09319784183526374,0,0,1.0,2,0.03272959302047419,407.7,6059.0,1.0,0.2786737146134278,bank-of-anthos,config_change,0.6229870200529725,1,23,28,1,0.2032,0.2351,69
loadgenerator,python,0,1,0,1,0,0,2,0,0,0.0,0.0535617678831616,0.0,0.058217687824434296,0,0,1.0,2,0.017944445693893276,407.7,6059.0,1.0,0.2484795466681433,bank-of-anthos,config_change,0.16308274306610945,1,22,24,0,0.02,0.0,0
loadgenerator,python,0,1,0,1,0,0,2,0,1,0.0,0.05071623081359176,0.0,0.06838161579882147,0,0,1.0,2,0.021862213292682335,407.7,6059.0,1.0,0.37647452685365007,bank-of-anthos,code_change,0.5534467872521729,1,7,85,0,0.3409,0.0,0
loadgenerator,python,0,1,0,1,0,0,3,0,0,0.0,0.04166231834643737,0.0,0.06032121980194483,0,0,1.0,2,0.030481032091096014,407.7,6059.0,1.0,0.23823333649513043,bank-of-anthos,deployment,0.6215713981142205,1,13,20,0,0.2202,0.0,0
loadgenerator,python,0,1,0,1,0,0,2,0,0,0.0,0.04690119127471213,0.0,0.07885752012242803,0,1,1.0,2,0.0234696209034494,407.7,6059.0,1.0,0.27897480237110034,bank-of-anthos,scaling,0.1518870690969979,0,2,58,0,0.3554,0.0,0
loadgenerator,python,0,1,0,1,0,0,2,0,0,0.0,0.05816126935435281,0.0,0.08836496068126987,0,1,1.0,2,0.016035015915683102,407.7,6059.0,1.0,0.3300896863514202,bank-of-anthos,code_change,0.8395221777421266,1,2,13,0,0.02,0.0,0
loadgenerator,python,0,1,0,1,0,0,3,0,0,0.0,0.04827305917095942,0.0,0.09576413400145742,0,1,1.0,2,0.01859194061642275,407.7,6059.0,1.0,0.26994285210370556,bank-of-anthos,deployment,0.4994881259558326,0,13,15,0,0.1191,0.0,0
loadgenerator,python,0,1,0,1,0,1,3,0,0,0.0,0.05431631351309676,0.0,0.0682304077104842,0,1,1.0,2,0.03197759368431595,407.7,6059.0,1.0,0.31580588315913116,bank-of-anthos,deployment,0.3947316208585025,1,20,7,1,0.1858,0.409,87
loadgenerator,python,0,1,0,1,0,1,3,0,1,0.0,0.04708318096466673,0.0,0.06493641820344037,0,1,1.0,2,0.027882434537264723,407.7,6059.0,1.0,0.3150779459745667,bank-of-anthos,deployment,0.12082837898529729,1,24,5,0,0.4779,0.0,0
loadgenerator,python,0,1,0,1,0,0,3,0,1,0.0,0.05812775362378086,0.0,0.08204257010452813,0,0,1.0,2,0.02331504682310062,407.7,6059.0,1.0,0.2441585666295677,bank-of-anthos,deployment,0.250688187965823,0,12,13,0,0.344,0.0,0
loadgenerator,python,0,1,0,1,0,0,3,0,0,0.0,0.04998356991769005,0.0,0.08675807394201508,0,1,1.0,2,0.03197327780631449,407.7,6059.0,1.0,0.30733542515643797,bank-of-anthos,deployment,0.5421646283618913,1,11,27,0,0.2262,0.0,0
loadgenerator,python,0,1,0,1,0,1,2,0,1,0.0,0.06314231484560401,0.0,0.08288183595277443,0,0,1.0,2,0.013545552838309688,407.7,6059.0,1.0,0.3748668000850088,bank-of-anthos,scaling,0.5788076549011915,1,13,4,0,0.3487,0.0,0
loadgenerator,python,0,1,0,1,0,0,2,0,1,0.0,0.04477066822398115,0.0,0.07628285780995762,0,1,1.0,2,0.01274206629970332,407.7,6059.0,1.0,0.28849121463855826,bank-of-anthos,deployment,0.3827301833049385,0,1,21,0,0.1565,0.0,0
loadgenerator,python,0,1,0,1,0,0,2,0,0,0.0,0.042729518279693325,0.0,0.09577345322057372,0,0,1.0,2,0.015574439949870645,407.7,6059.0,1.0,0.35875217391610126,bank-of-anthos,deployment,0.4780678230960369,1,20,10,0,0.0811,0.0,0
loadgenerator,python,0,1,0,1,0,0,2,0,1,0.0,0.05720785177327599,0.0,0.07282444190141768,0,0,1.0,2,0.013850172222771271,407.7,6059.0,1.0,0.24635130222738785,bank-of-anthos,code_change,0.4189390280799362,0,29,31,0,0.1978,0.0,0
loadgenerator,python,0,1,0,1,0,1,2,0,0,0.0,0.04347637361337488,0.0,0.07005201176212403,0,1,1.0,2,0.012152794633810396,407.7,6059.0,1.0,0.3921064572974546,bank-of-anthos,config_change,0.13336555852722648,1,18,1,0,0.2715,0.0,0
loadgenerator,python,0,1,0,1,0,0,2,0,1,0.0,0.03970099568430887,0.0,0.06343968854392379,0,0,1.0,2,0.02462868757950305,407.7,6059.0,1.0,0.327627778242954,bank-of-anthos,code_change,0.601431425291694,1,7,8,0,0.2312,0.0,0
loadgenerator,python,0,1,0,1,0,1,2,0,0,0.0,0.05578040665716975,0.0,0.09158941882557503,0,1,1.0,2,0.027520383627838773,407.7,6059.0,1.0,0.3285475794528317,bank-of-anthos,deployment,0.5626176913259384,1,2,26,1,0.2471,0.5753,96
loadgenerator,python,0,1,0,1,0,1,2,0,1,0.0,0.05464931274581495,0.0,0.07406775442039633,0,1,1.0,2,0.009028565582339146,407.7,6059.0,1.0,0.24811312556636625,bank-of-anthos,config_change,0.7746248154878876,1,14,14,0,0.0401,0.0,0
loadgenerator,python,0,1,0,1,0,1,3,0,0,0.0,0.05491873006097116,0.0,0.06289917676965771,0,0,1.0,2,0.023852938267180848,407.7,6059.0,1.0,0.2607689897728611,bank-of-anthos,code_change,0.7196559521413063,1,17,40,1,0.2257,0.6715,135
loadgenerator,python,0,1,0,1,0,0,3,0,0,0.0,0.05604693514804811,0.0,0.07286942121774,0,0,1.0,2,0.015306212609729104,407.7,6059.0,1.0,0.2645755003765977,bank-of-anthos,config_change,0.17859052154673272,1,24,9,0,0.1021,0.0,0
loadgenerator,python,0,1,0,1,0,0,3,0,0,0.0,0.05322271814711627,0.0,0.07065103365246299,0,0,1.0,2,0.015535117121255607,407.7,6059.0,1.0,0.35487895305149114,bank-of-anthos,code_change,0.33734315708767515,1,7,22,0,0.0308,0.0,0
loadgenerator,python,0,1,0,1,0,1,3,0,1,0.0,0.042182040983140136,0.0,0.09368867635845445,0,1,1.0,2,0.020333967953477406,407.7,6059.0,1.0,0.25782200699996394,bank-of-anthos,deployment,0.48074258399617675,0,24,18,1,0.3037,0.6242,111
loadgenerator,python,0,1,0,1,0,0,2,0,1,0.0,0.05950020420403421,0.0,0.06946381531600673,0,1,1.0,2,0.016348200545463498,407.7,6059.0,1.0,0.2705533606308364,bank-of-anthos,config_change,0.24597114849131163,1,27,41,0,0.0643,0.0,0
loadgenerator,python,0,1,0,1,0,0,2,0,1,0.0,0.041831334848405975,0.0,0.05978500491346836,0,0,1.0,2,0.02896594294612715,407.7,6059.0,1.0,0.3396734706680981,bank-of-anthos,deployment,0.3729153047077864,1,13,28,0,0.2337,0.0,0
loadgenerator,python,0,1,0,1,0,1,2,0,1,0.0,0.04904539202697117,0.0,0.09324731122247158,0,0,1.0,2,0.020163556844669344,407.7,6059.0,1.0,0.3563152049668012,bank-of-anthos,config_change,0.5112486960540985,1,14,13,0,0.2071,0.0,0
loadgenerator,python,0,1,0,1,0,1,3,0,0,0.0,0.039812127731249064,0.0,0.059724024787851396,0,0,1.0,2,0.028667436504148797,407.7,6059.0,1.0,0.36494087913984485,bank-of-anthos,deployment,0.8858148232989406,1,9,1,1,0.4736,0.0957,40
loadgenerator,python,0,1,0,1,0,0,2,0,0,0.0,0.043243760028100243,0.0,0.09053849321139879,0,1,1.0,2,0.019511523049597194,407.7,6059.0,1.0,0.3262832564150483,bank-of-anthos,deployment,0.41397797921362167,1,26,22,0,0.02,0.0,0
loadgenerator,python,0,1,0,1,0,0,3,0,0,0.0,0.04856779979236971,0.0,0.08765340407306184,0,1,1.0,2,0.012672976493082069,407.7,6059.0,1.0,0.28981715749920184,bank-of-anthos,code_change,0.8238504680008124,1,19,32,0,0.02,0.0,0
loadgenerator,python,0,1,0,1,0,0,3,0,0,0.0,0.046271819221409695,0.0,0.08783164394013189,0,0,1.0,2,0.021061790203185726,407.7,6059.0,1.0,0.34018807650330196,bank-of-anthos,config_change,0.2527680500607343,1,26,27,0,0.2483,0.0,0
loadgenerator,python,0,1,0,1,0,1,3,0,1,0.0,0.05110064911011447,0.0,0.08127201191856594,0,0,1.0,2,0.02078491268948523,407.7,6059.0,1.0,0.2450645752687661,bank-of-anthos,config_change,0.5785149245378294,1,19,48,0,0.2017,0.0,0
loadgenerator,python,0,1,0,1,0,1,2,0,1,0.0,0.04561899040718035,0.0,0.0835931077018027,0,0,1.0,2,0.026953123981975618,407.7,6059.0,1.0,0.23913991421359712,bank-of-anthos,config_change,0.07372350483003659,0,13,36,0,0.3408,0.0,0
loadgenerator,python,0,1,0,1,0,1,3,0,0,0.0,0.044388641939962704,0.0,0.08579101040128478,0,0,1.0,2,0.014131125134620406,407.7,6059.0,1.0,0.3345828454318149,bank-of-anthos,code_change,0.5225653510972768,1,3,76,0,0.02,0.0,0
loadgenerator,python,0,1,0,1,0,1,2,0,0,0.0,0.041146749788894856,0.0,0.09385516126434187,0,1,1.0,2,0.02972356693818103,407.7,6059.0,1.0,0.34538319137197276,bank-of-anthos,scaling,0.3831899012703796,1,29,101,1,0.2753,0.7717,119
loadgenerator,python,0,1,0,1,0,1,2,0,1,0.0,0.0523557011396596,0.0,0.059231524643807903,0,1,1.0,2,0.012853708688435883,407.7,6059.0,1.0,0.2678840665280508,bank-of-anthos,deployment,0.21695863192857423,1,25,16,0,0.1494,0.0,0
loadgenerator,python,0,1,0,1,0,1,2,0,0,0.0,0.06203245934108732,0.0,0.09610941643017809,0,1,1.0,2,0.009296157607339381,407.7,6059.0,1.0,0.3274771555483404,bank-of-anthos,deployment,0.4585462766515301,0,29,13,0,0.1172,0.0,0
loadgenerator,python,0,1,0,1,0,1,3,0,0,0.0,0.0626179222669204,0.0,0.0891141711721106,0,0,1.0,2,0.029024428872562787,407.7,6059.0,1.0,0.3391858142733679,bank-of-anthos,deployment,0.7218784790331723,1,29,35,0,0.287,0.0,0
loadgenerator,python,0,1,0,1,0,0,2,0,1,0.0,0.046754378750341136,0.0,0.06557004796445591,0,0,1.0,2,0.013221550708368529,407.7,6059.0,1.0,0.28372442360827294,bank-of-anthos,config_change,0.4694807345140489,0,13,26,0,0.0899,0.0,0
loadgenerator,python,0,1,0,1,0,0,3,0,1,0.0,0.041010361585506326,0.0,0.06428896144800084,0,0,1.0,2,0.02565768862434358,407.7,6059.0,1.0,0.32521374443243295,bank-of-anthos,deployment,0.48364161499900093,0,26,2,1,0.4813,0.2349,71
loadgenerator,python,0,1,0,1,0,1,3,0,1,0.0,0.04843928640832982,0.0,0.07929355897247611,0,0,1.0,2,0.021419966540066487,407.7,6059.0,1.0,0.3453673220312333,bank-of-anthos,config_change,0.4713332838900708,1,13,10,1,0.205,0.5144,73
loadgenerator,python,0,1,0,1,0,1,3,0,1,0.0,0.05133806938311795,0.0,0.08942071076220756,0,0,1.0,2,0.0309325916294849,407.7,6059.0,1.0,0.31572087244311614,bank-of-anthos,config_change,0.21587508864928293,0,6,78,1,0.348,0.5124,103
frontend-nodeport,unknown,0,0,1,1,0,0,0,0,0,0.0,0.05947227930697345,0.0,0.0,0,0,0.0,0,0.001539705226080192,107.7,6059.0,1.0,0.018243719058853046,bank-of-anthos,config_change,0.23161692969984396,1,20,12,0,0.0348,0.0,0
frontend-nodeport,unknown,0,0,1,1,0,0,0,0,0,0.0,0.039263346785204746,0.0,0.0,0,0,0.0,0,0.002704239945838828,107.7,6059.0,1.0,0.013691017415074669,bank-of-anthos,code_change,0.6690444954974946,1,26,5,0,0.1716,0.0,0
frontend-nodeport,unknown,0,0,1,1,0,0,0,0,0,0.0,0.05420025665153568,0.0,0.0,0,0,0.0,0,0.003273467412291075,107.7,6059.0,1.0,0.018426663319747245,bank-of-anthos,config_change,0.1780908575391145,1,1,11,0,0.02,0.0,0
frontend-nodeport,unknown,0,0,1,1,0,0,0,0,0,0.0,0.06214142545169418,0.0,0.0,0,0,0.0,0,0.0014037063629281624,107.7,6059.0,1.0,0.014696902544095829,bank-of-anthos,config_change,0.13164735575964406,1,17,34,0,0.0614,0.0,0
frontend-nodeport,unknown,0,0,1,1,0,0,0,0,0,0.0,0.0513579718714979,0.0,0.0,0,0,0.0,0,0.0032122100651799665,107.7,6059.0,1.0,0.016828989606661283,bank-of-anthos,deployment,0.377156485871337,1,20,25,0,0.0931,0.0,0
frontend-nodeport,unknown,0,0,1,1,0,0,0,0,0,0.0,0.03923733590871775,0.0,0.0,0,0,0.0,0,0.0015950103215311045,107.7,6059.0,1.0,0.013480078106550341,bank-of-anthos,deployment,0.5493089614879679,0,25,50,0,0.1787,0.0,0
frontend-nodeport,unknown,0,0,1,1,0,0,0,0,0,0.0,0.04047041616007574,0.0,0.0,0,0,0.0,0,0.0021041062300918953,107.7,6059.0,1.0,0.014485240922910016,bank-of-anthos,deployment,0.19382301133838725,0,10,7,0,0.1297,0.0,0
frontend-nodeport,unknown,0,0,1,1,0,0,0,0,0,0.0,0.054913663861076885,0.0,0.0,0,0,0.0,0,0.0012282028996993264,107.7,6059.0,1.0,0.017552711290389888,bank-of-anthos,deployment,0.3431074756978309,1,22,81,0,0.0481,0.0,0
frontend-nodeport,unknown,0,0,1,1,0,0,0,0,0,0.0,0.045764784381982004,0.0,0.0,0,0,0.0,0,0.0018046327615339022,107.7,6059.0,1.0,0.018449460904376262,bank-of-anthos,code_change,0.39639486920001954,1,22,7,0,0.02,0.0,0
frontend-nodeport,unknown,0,0,1,1,0,0,0,0,0,0.0,0.03882031310257836,0.0,0.0,0,0,0.0,0,0.003533966623054674,107.7,6059.0,1.0,0.01335295633942763,bank-of-anthos,deployment,0.8145065558192047,1,25,8,0,0.02,0.0,0
frontend-nodeport,unknown,0,0,1,1,0,0,0,0,0,0.0,0.056079565839152246,0.0,0.0,0,0,0.0,0,0.0030085195854343346,107.7,6059.0,1.0,0.011952936495447871,bank-of-anthos,scaling,0.6368704568960485,1,5,9,0,0.108,0.0,0
frontend-nodeport,unknown,0,0,1,1,0,0,0,0,0,0.0,0.041421158816788775,0.0,0.0,0,0,0.0,0,0.0017981671524436383,107.7,6059.0,1.0,0.01722259331609737,bank-of-anthos,config_change,0.36764120860061794,0,16,18,0,0.1137,0.0,0
frontend-nodeport,unknown,0,0,1,1,0,0,0,0,0,0.0,0.0523250064882578,0.0,0.0,0,0,0.0,0,0.0019629256965003577,107.7,6059.0,1.0,0.014281970362988648,bank-of-anthos,deployment,0.19130314706131438,1,9,18,0,0.02,0.0,0
frontend-nodeport,unknown,0,0,1,1,0,0,0,0,0,0.0,0.05884583457020057,0.0,0.0,0,0,0.0,0,0.001145427033981279,107.7,6059.0,1.0,0.01694239830332612,bank-of-anthos,config_change,0.28779651612037793,1,13,7,0,0.0504,0.0,0
frontend-nodeport,unknown,0,0,1,1,0,0,0,0,0,0.0,0.06308074470472447,0.0,0.0,0,0,0.0,0,0.0014515148474991144,107.7,6059.0,1.0,0.012249200609882648,bank-of-anthos,code_change,0.8365745503400395,1,12,24,0,0.02,0.0,0
frontend-nodeport,unknown,0,0,1,1,0,0,0,0,0,0.0,0.04666084079632233,0.0,0.0,0,0,0.0,0,0.0011966213440423802,107.7,6059.0,1.0,0.016850412012630465,bank-of-anthos,config_change,0.04880842736431498,1,12,20,0,0.0827,0.0,0
frontend-nodeport,unknown,0,0,1,1,0,0,0,0,0,0.0,0.05478329038133617,0.0,0.0,0,0,0.0,0,0.0023033047133806214,107.7,6059.0,1.0,0.01607102631587157,bank-of-anthos,config_change,0.07971893644850808,1,29,13,0,0.02,0.0,0
frontend-nodeport,unknown,0,0,1,1,0,0,0,0,0,0.0,0.061224415333335974,0.0,0.0,0,0,0.0,0,0.001142961002143976,107.7,6059.0,1.0,0.011444707637654407,bank-of-anthos,deployment,0.4300293126194588,1,10,85,0,0.0299,0.0,0
frontend-nodeport,unknown,0,0,1,1,0,0,0,0,0,0.0,0.05782601915199759,0.0,0.0,0,0,0.0,0,0.0034565419732391052,107.7,6059.0,1.0,0.011892481455352296,bank-of-anthos,deployment,0.47396996560375493,1,15,19,0,0.0274,0.0,0
frontend-nodeport,unknown,0,0,1,1,0,0,0,0,0,0.0,0.052558894350243135,0.0,0.0,0,0,0.0,0,0.002154253851515932,107.7,6059.0,1.0,0.01188502360706467,bank-of-anthos,code_change,0.6454286672767825,1,24,6,0,0.1887,0.0,0
frontend-nodeport,unknown,0,0,1,1,0,0,0,0,0,0.0,0.04528552432169077,0.0,0.0,0,0,0.0,0,0.0011563164258271688,107.7,6059.0,1.0,0.01615353494538248,bank-of-anthos,deployment,0.22246192634782466,0,7,6,0,0.2292,0.0,0
frontend-nodeport,unknown,0,0,1,1,0,0,0,0,0,0.0,0.040541424898501675,0.0,0.0,0,0,0.0,0,0.002434162520126225,107.7,6059.0,1.0,0.01268037939753559,bank-of-anthos,code_change,0.6049196657607122,1,17,46,0,0.02,0.0,0
frontend-nodeport,unknown,0,0,1,1,0,0,0,0,0,0.0,0.06072537544728125,0.0,0.0,0,0,0.0,0,0.003353370015618971,107.7,6059.0,1.0,0.015610386715023832,bank-of-anthos,code_change,0.5176469599303616,1,8,10,1,0.0309,0.1994,69
frontend-nodeport,unknown,0,0,1,1,0,0,0,0,0,0.0,0.04022283044212042,0.0,0.0,0,0,0.0,0,0.0012695768631679346,107.7,6059.0,1.0,0.01423994465638809,bank-of-anthos,config_change,0.31289465044519693,1,4,21,0,0.02,0.0,0
frontend-nodeport,unknown,0,0,1,1,0,0,0,0,0,0.0,0.040788345379092796,0.0,0.0,0,0,0.0,0,0.0032648914476907684,107.7,6059.0,1.0,0.011792040091914277,bank-of-anthos,config_change,0.0889266136344649,1,21,33,0,0.02,0.0,0
frontend-nodeport,unknown,0,0,1,1,0,0,0,0,0,0.0,0.047169388179802325,0.0,0.0,0,0,0.0,0,0.002158713621419941,107.7,6059.0,1.0,0.014892062384976352,bank-of-anthos,config_change,0.2614338607188586,0,6,34,0,0.1505,0.0,0
frontend-nodeport,unknown,0,0,1,1,0,0,0,0,0,0.0,0.05911919722893477,0.0,0.0,0,0,0.0,0,0.0019178817354899142,107.7,6059.0,1.0,0.015118021412805336,bank-of-anthos,scaling,0.553849921931272,1,14,41,0,0.0512,0.0,0
frontend-nodeport,unknown,0,0,1,1,0,0,0,0,0,0.0,0.03924852670161154,0.0,0.0,0,0,0.0,0,0.0033144157153986668,107.7,6059.0,1.0,0.013935639764200336,bank-of-anthos,deployment,0.4702177624637614,1,13,59,0,0.02,0.0,0
frontend-nodeport,unknown,0,0,1,1,0,0,0,0,0,0.0,0.05757991487656352,0.0,0.0,0,0,0.0,0,0.002809630960050029,107.7,6059.0,1.0,0.018474019807285625,bank-of-anthos,deployment,0.8938462887738113,1,28,1,0,0.2582,0.0,0
frontend-nodeport,unknown,0,0,1,1,0,0,0,0,0,0.0,0.043318470162795816,0.0,0.0,0,0,0.0,0,0.0014405965266293984,107.7,6059.0,1.0,0.011319042505429821,bank-of-anthos,deployment,0.29125037494297207,1,1,10,0,0.0282,0.0,0
frontend-nodeport,unknown,0,0,1,1,0,0,0,0,0,0.0,0.04061529808571007,0.0,0.0,0,0,0.0,0,0.003373931260827535,107.7,6059.0,1.0,0.017178114377394076,bank-of-anthos,deployment,0.18084452824969507,1,8,44,0,0.02,0.0,0
frontend-nodeport,unknown,0,0,1,1,0,0,0,0,0,0.0,0.047223637865439386,0.0,0.0,0,0,0.0,0,0.0011690851123743711,107.7,6059.0,1.0,0.011732811626362798,bank-of-anthos,config_change,0.2656799803611642,1,9,15,0,0.02,0.0,0
frontend-nodeport,unknown,0,0,1,1,0,0,0,0,0,0.0,0.03882203608266512,0.0,0.0,0,0,0.0,0,0.0024894676449811926,107.7,6059.0,1.0,0.016294865545742783,bank-of-anthos,deployment,0.30245557481024765,1,23,101,0,0.02,0.0,0
frontend-nodeport,unknown,0,0,1,1,0,0,0,0,0,0.0,0.062127516734128516,0.0,0.0,0,0,0.0,0,0.0012259935523142634,107.7,6059.0,1.0,0.015697157046955523,bank-of-anthos,deployment,0.19132896414474818,0,6,18,1,0.0774,0.4246,107
frontend-nodeport,unknown,0,0,1,1,0,0,0,0,0,0.0,0.05833618315314734,0.0,0.0,0,0,0.0,0,0.0031058551281844876,107.7,6059.0,1.0,0.013120142331800264,bank-of-anthos,deployment,0.3730641382482777,0,10,12,0,0.123,0.0,0
frontend-nodeport,unknown,0,0,1,1,0,0,0,0,0,0.0,0.039064842934829924,0.0,0.0,0,0,0.0,0,0.002803025246554934,107.7,6059.0,1.0,0.014753806000143347,bank-of-anthos,deployment,0.45131308281420274,1,21,23,0,0.077,0.0,0
frontend-nodeport,unknown,0,0,1,1,0,0,0,0,0,0.0,0.057662050714518465,0.0,0.0,0,0,0.0,0,0.0032239671103478284,107.7,6059.0,1.0,0.015801235716852997,bank-of-anthos,deployment,0.39425895108135484,1,26,5,1,0.2806,0.1974,47
frontend-nodeport,unknown,0,0,1,1,0,0,0,0,0,0.0,0.054358661545675396,0.0,0.0,0,0,0.0,0,0.0030960269884217923,107.7,6059.0,1.0,0.01491998123718177,bank-of-anthos,deployment,0.47760655622377995,1,23,50,0,0.0453,0.0,0
frontend-nodeport,unknown,0,0,1,1,0,0,0,0,0,0.0,0.04137220875379577,0.0,0.0,0,0,0.0,0,0.002218999555613231,107.7,6059.0,1.0,0.013124198961505235,bank-of-anthos,code_change,0.5589808410690443,1,16,0,1,0.2351,0.186,52
frontend-nodeport,unknown,0,0,1,1,0,0,0,0,0,0.0,0.040813990797348994,0.0,0.0,0,0,0.0,0,0.003106243661859391,107.7,6059.0,1.0,0.017453626466279078,bank-of-anthos,scaling,0.4381420576721152,1,25,19,0,0.0468,0.0,0
frontend-nodeport,unknown,0,0,1,1,0,0,0,0,0,0.0,0.04325886876207742,0.0,0.0,0,0,0.0,0,0.0030544146922805515,107.7,6059.0,1.0,0.014917630352599456,bank-of-anthos,config_change,0.2364145830669214,1,20,2,0,0.2389,0.0,0
frontend-nodeport,unknown,0,0,1,1,0,0,0,0,0,0.0,0.05113669025206303,0.0,0.0,0,0,0.0,0,0.0011270972681361514,107.7,6059.0,1.0,0.016123430456344685,bank-of-anthos,deployment,0.8306255846811902,0,7,7,0,0.2021,0.0,0
frontend-nodeport,unknown,0,0,1,1,0,0,0,0,0,0.0,0.054384518109056756,0.0,0.0,0,0,0.0,0,0.002009276579198456,107.7,6059.0,1.0,0.017901992972378787,bank-of-anthos,deployment,0.4231424338153041,0,7,10,0,0.1243,0.0,0
frontend-nodeport,unknown,0,0,1,1,0,0,0,0,0,0.0,0.04217062047801005,0.0,0.0,0,0,0.0,0,0.00124856014462101,107.7,6059.0,1.0,0.013979102952201625,bank-of-anthos,config_change,0.25064372181776223,1,10,62,0,0.0509,0.0,0
frontend-nodeport,unknown,0,0,1,1,0,0,0,0,0,0.0,0.05776169321691674,0.0,0.0,0,0,0.0,0,0.003178489407297207,107.7,6059.0,1.0,0.01743779182967521,bank-of-anthos,config_change,0.2269835122647468,1,25,50,0,0.02,0.0,0
frontend-nodeport,unknown,0,0,1,1,0,0,0,0,0,0.0,0.058091071799152946,0.0,0.0,0,0,0.0,0,0.0010703029707260102,107.7,6059.0,1.0,0.014473632736060364,bank-of-anthos,code_change,0.5342668449255584,1,13,24,0,0.0431,0.0,0
frontend-nodeport,unknown,0,0,1,1,0,0,0,0,0,0.0,0.05549911657796043,0.0,0.0,0,0,0.0,0,0.0028086597407672737,107.7,6059.0,1.0,0.01702034359847379,bank-of-anthos,deployment,0.30379299419816985,0,25,75,0,0.1865,0.0,0
frontend-nodeport,unknown,0,0,1,1,0,0,0,0,0,0.0,0.061174308986775554,0.0,0.0,0,0,0.0,0,0.003294161234491471,107.7,6059.0,1.0,0.01842373593582824,bank-of-anthos,deployment,0.5916689565416069,0,4,40,1,0.0833,0.5467,96
frontend-nodeport,unknown,0,0,1,1,0,0,0,0,0,0.0,0.04376778280453327,0.0,0.0,0,0,0.0,0,0.002012125403546829,107.7,6059.0,1.0,0.011352032965880011,bank-of-anthos,deployment,0.4191553992384208,1,26,41,0,0.02,0.0,0
frontend-nodeport,unknown,0,0,1,1,0,0,0,0,0,0.0,0.0502979727701057,0.0,0.0,0,0,0.0,0,0.0026026428734566456,107.7,6059.0,1.0,0.018243378158104825,bank-of-anthos,scaling,0.27901985758397574,0,15,19,0,0.1159,0.0,0
ui-tests,javascript,0,1,0,1,0,1,2,0,0,0.0,0.04988221952398308,0.0,0.09547874450181053,0,0,1.0,2,0.02032695158482103,407.7,6059.0,1.0,0.24569673537016384,bank-of-anthos,code_change,0.8366750729158364,1,10,27,0,0.2209,0.0,0
ui-tests,javascript,0,1,0,1,0,0,3,0,1,0.0,0.060068540092653076,0.0,0.07334969062146228,0,0,1.0,2,0.021449839358135176,407.7,6059.0,1.0,0.31477465167176,bank-of-anthos,config_change,0.32790086787180356,0,29,66,1,0.2968,0.3727,78
ui-tests,javascript,0,1,0,1,0,0,2,0,0,0.0,0.0634355641710898,0.0,0.08042256480646669,0,1,1.0,2,0.026413133603851058,407.7,6059.0,1.0,0.2503776392788001,bank-of-anthos,scaling,0.2680517800280424,1,29,15,0,0.2023,0.0,0
ui-tests,javascript,0,1,0,1,0,1,3,0,1,0.0,0.055632857673850115,0.0,0.07830523050496425,0,0,1.0,2,0.014487364658556549,407.7,6059.0,1.0,0.3756735650132597,bank-of-anthos,deployment,0.2627692126449039,1,26,18,0,0.02,0.0,0
ui-tests,javascript,0,1,0,1,0,1,3,0,0,0.0,0.04530995182817347,0.0,0.08458625904790282,0,1,1.0,2,0.021422812479998273,407.7,6059.0,1.0,0.3368489368886784,bank-of-anthos,code_change,0.48056062552792783,1,18,51,0,0.1761,0.0,0
ui-tests,javascript,0,1,0,1,0,0,2,0,1,0.0,0.05983587928136742,0.0,0.07039289327538564,0,0,1.0,2,0.011643303904839633,407.7,6059.0,1.0,0.320611985323439,bank-of-anthos,config_change,0.42121184571820114,1,26,3,1,0.1932,0.4086,105
ui-tests,javascript,0,1,0,1,0,0,3,0,0,0.0,0.05512957286680544,0.0,0.06932707539813118,0,0,1.0,2,0.017728433523841756,407.7,6059.0,1.0,0.25700391495403313,bank-of-anthos,deployment,0.5621773236392825,1,16,19,0,0.02,0.0,0
ui-tests,javascript,0,1,0,1,0,0,2,0,1,0.0,0.04077392410922927,0.0,0.06735047256996175,0,0,1.0,2,0.029349638248157832,407.7,6059.0,1.0,0.3804438847728797,bank-of-anthos,config_change,0.3767705822363964,0,5,33,1,0.3016,0.3208,79
ui-tests,javascript,0,1,0,1,0,0,2,0,0,0.0,0.05179007502817464,0.0,0.07460848991666322,0,0,1.0,2,0.02103719641803292,407.7,6059.0,1.0,0.35782301304622754,bank-of-anthos,config_change,0.39253795761840893,1,11,18,0,0.2158,0.0,0
ui-tests,javascript,0,1,0,1,0,1,2,0,0,0.0,0.06080401674170459,0.0,0.07479252304754232,0,1,1.0,2,0.026560585450548513,407.7,6059.0,1.0,0.3582888508291206,bank-of-anthos,config_change,0.04406994073944428,0,25,10,0,0.3313,0.0,0
ui-tests,javascript,0,1,0,1,0,1,3,0,0,0.0,0.055499927385000626,0.0,0.06749201368197322,0,0,1.0,2,0.020655701816277496,407.7,6059.0,1.0,0.3127609980109491,bank-of-anthos,deployment,0.07185273401739185,0,16,12,1,0.3134,0.1852,76
ui-tests,javascript,0,1,0,1,0,0,2,0,1,0.0,0.047505084256670674,0.0,0.079977139657179,0,0,1.0,2,0.027718673265143073,407.7,6059.0,1.0,0.36196190141231066,bank-of-anthos,deployment,0.4795194250639149,1,22,6,0,0.4763,0.0,0
ui-tests,javascript,0,1,0,1,0,1,3,0,1,0.0,0.039423497902671856,0.0,0.07364192900637638,0,1,1.0,2,0.018642711805537074,407.7,6059.0,1.0,0.255795257987275,bank-of-anthos,deployment,0.346285554843701,1,1,80,0,0.025,0.0,0
ui-tests,javascript,0,1,0,1,0,0,3,0,0,0.0,0.05028476164661871,0.0,0.08810569686836443,0,1,1.0,2,0.009947874376154856,407.7,6059.0,1.0,0.24813777152178457,bank-of-anthos,config_change,0.13097558729186803,0,21,49,1,0.1409,0.0156,45
ui-tests,javascript,0,1,0,1,0,1,3,0,1,0.0,0.051399259475024495,0.0,0.09368460890497272,0,1,1.0,2,0.011407883172362583,407.7,6059.0,1.0,0.30837226883394026,bank-of-anthos,config_change,0.3833255461210194,0,28,44,0,0.1294,0.0,0
ui-tests,javascript,0,1,0,1,0,0,2,0,0,0.0,0.04988105604450126,0.0,0.07966736791180556,0,0,1.0,2,0.027651831419534034,407.7,6059.0,1.0,0.2598713813038683,bank-of-anthos,deployment,0.6352136556957179,1,12,20,1,0.2425,0.3628,61
ui-tests,javascript,0,1,0,1,0,0,3,0,0,0.0,0.0471215352267448,0.0,0.0720870949173359,0,1,1.0,2,0.019454954309091017,407.7,6059.0,1.0,0.35607626330158604,bank-of-anthos,code_change,0.5252363975166567,1,7,15,0,0.0561,0.0,0
ui-tests,javascript,0,1,0,1,0,0,2,0,1,0.0,0.04393329752025374,0.0,0.0794385919980963,0,0,1.0,2,0.01327821094951417,407.7,6059.0,1.0,0.3156246103224995,bank-of-anthos,deployment,0.6950345535413441,1,6,34,0,0.0584,0.0,0
ui-tests,javascript,0,1,0,1,0,1,3,0,1,0.0,0.06254056455941981,0.0,0.09303280214935013,0,0,1.0,2,0.028231028944034047,407.7,6059.0,1.0,0.33218036066580964,bank-of-anthos,deployment,0.6925763161776853,0,5,30,1,0.3812,0.7388,137
ui-tests,javascript,0,1,0,1,0,0,2,0,0,0.0,0.04088461495583938,0.0,0.05880922700804688,0,0,1.0,2,0.011732518812932963,407.7,6059.0,1.0,0.33354412884843715,bank-of-anthos,scaling,0.3127586306333358,0,10,2,0,0.4008,0.0,0
ui-tests,javascript,0,1,0,1,0,0,2,0,1,0.0,0.04410322740642021,0.0,0.07526931959142077,0,1,1.0,2,0.022923087121082486,407.7,6059.0,1.0,0.2992729110973181,bank-of-anthos,config_change,0.5854470723666934,1,2,6,0,0.4739,0.0,0
ui-tests,javascript,0,1,0,1,0,0,3,0,1,0.0,0.04386573798998715,0.0,0.08348384810872825,0,1,1.0,2,0.009665196449624098,407.7,6059.0,1.0,0.37711640195751234,bank-of-anthos,config_change,0.1861028978139468,0,8,30,0,0.1772,0.0,0
ui-tests,javascript,0,1,0,1,0,0,3,0,1,0.0,0.045211379446350355,0.0,0.08502566330549363,0,0,1.0,2,0.02585994428271751,407.7,6059.0,1.0,0.39085348480479226,bank-of-anthos,config_change,0.33282769782619875,1,25,92,0,0.221,0.0,0
ui-tests,javascript,0,1,0,1,0,0,2,0,0,0.0,0.0459586108577254,0.0,0.059513460666416884,0,0,1.0,2,0.02265310512726813,407.7,6059.0,1.0,0.2671166487924376,bank-of-anthos,code_change,0.30606119392168957,1,9,22,0,0.2461,0.0,0
ui-tests,javascript,0,1,0,1,0,0,2,0,0,0.0,0.045583719617316186,0.0,0.06725189656735304,0,1,1.0,2,0.028498217172418145,407.7,6059.0,1.0,0.2958962513165469,bank-of-anthos,scaling,0.6687539435408659,1,6,20,0,0.2852,0.0,0
ui-tests,javascript,0,1,0,1,0,0,3,0,1,0.0,0.06032206399896769,0.0,0.06694021398753495,0,1,1.0,2,0.02967957651664357,407.7,6059.0,1.0,0.30027978443720454,bank-of-anthos,scaling,0.4605975039124561,0,18,74,0,0.2725,0.0,0
ui-tests,javascript,0,1,0,1,0,0,2,0,1,0.0,0.042311530083015,0.0,0.08876979804087626,0,0,1.0,2,0.028030870880715295,407.7,6059.0,1.0,0.2773308951039389,bank-of-anthos,deployment,0.6102414763835687,1,27,45,0,0.2449,0.0,0
ui-tests,javascript,0,1,0,1,0,1,3,0,1,0.0,0.044304325934710065,0.0,0.05771362248404821,0,0,1.0,2,0.017213182391135864,407.7,6059.0,1.0,0.3320603057205106,bank-of-anthos,code_change,0.9559716403613548,1,28,82,0,0.134,0.0,0
ui-tests,javascript,0,1,0,1,0,1,3,0,0,0.0,0.04665483830046508,0.0,0.09232215470567685,0,1,1.0,2,0.02373104671863843,407.7,6059.0,1.0,0.27067138268948865,bank-of-anthos,deployment,0.4447845859518045,1,3,27,1,0.2075,0.4885,80
ui-tests,javascript,0,1,0,1,0,1,2,0,0,0.0,0.05619509408896922,0.0,0.08979761364526795,0,1,1.0,2,0.014892364540609406,407.7,6059.0,1.0,0.24146852029543073,bank-of-anthos,config_change,0.3415483171567465,0,21,53,0,0.2118,0.0,0
ui-tests,javascript,0,1,0,1,0,1,2,0,1,0.0,0.06201645865678412,0.0,0.06996520537973028,0,1,1.0,2,0.009468798934855156,407.7,6059.0,1.0,0.3759748647943277,bank-of-anthos,deployment,0.4797794139193967,1,20,20,0,0.0556,0.0,0
ui-tests,javascript,0,1,0,1,0,1,2,0,0,0.0,0.05508010657240246,0.0,0.06737478708778961,0,1,1.0,2,0.030471319220135133,407.7,6059.0,1.0,0.30973837756611006,bank-of-anthos,deployment,0.25878932487832984,1,11,48,0,0.348,0.0,0
ui-tests,javascript,0,1,0,1,0,0,2,0,0,0.0,0.046250245095188595,0.0,0.07910827376805356,0,0,1.0,2,0.01585747480030011,407.7,6059.0,1.0,0.3753150117959808,bank-of-anthos,config_change,0.1466413647889459,1,10,34,0,0.055,0.0,0
ui-tests,javascript,0,1,0,1,0,1,2,0,0,0.0,0.05684710151133429,0.0,0.06001407090442527,0,1,1.0,2,0.009116221321283646,407.7,6059.0,1.0,0.3618718975446417,bank-of-anthos,code_change,0.8383054347663493,1,14,11,0,0.02,0.0,0
ui-tests,javascript,0,1,0,1,0,0,3,0,0,0.0,0.05233089259172417,0.0,0.08913370920403538,0,0,1.0,2,0.015521600213183809,407.7,6059.0,1.0,0.2943493280239059,bank-of-anthos,code_change,0.6704137605897481,1,2,44,0,0.02,0.0,0
ui-tests,javascript,0,1,0,1,0,0,3,0,0,0.0,0.056794468655884535,0.0,0.0890413073339465,0,0,1.0,2,0.01016247522511263,407.7,6059.0,1.0,0.37068416090343487,bank-of-anthos,deployment,0.22239209227645093,1,12,49,0,0.02,0.0,0
ui-tests,javascript,0,1,0,1,0,1,3,0,1,0.0,0.04801688671693333,0.0,0.06485123670646534,0,1,1.0,2,0.027508610116841414,407.7,6059.0,1.0,0.2822422208194156,bank-of-anthos,code_change,0.30511269081867853,1,14,28,0,0.3002,0.0,0
ui-tests,javascript,0,1,0,1,0,0,3,0,1,0.0,0.04071154286244505,0.0,0.09239646051700377,0,1,1.0,2,0.024435105886453177,407.7,6059.0,1.0,0.28103416579661744,bank-of-anthos,config_change,0.03675159455717553,1,22,33,1,0.1564,0.6481,118
ui-tests,javascript,0,1,0,1,0,1,3,0,1,0.0,0.04515673260684915,0.0,0.07749932321906944,0,1,1.0,2,0.0120653622282272,407.7,6059.0,1.0,0.2869378325366301,bank-of-anthos,config_change,0.21007622497102973,0,17,18,0,0.2055,0.0,0
ui-tests,javascript,0,1,0,1,0,1,2,0,0,0.0,0.04117076531205376,0.0,0.08295361556269351,0,0,1.0,2,0.025781883666956863,407.7,6059.0,1.0,0.3323642140806443,bank-of-anthos,config_change,0.2690996444466826,1,6,12,0,0.2544,0.0,0
ui-tests,javascript,0,1,0,1,0,0,3,0,1,0.0,0.04522815733315889,0.0,0.09121679886615593,0,1,1.0,2,0.021771161891637653,407.7,6059.0,1.0,0.28489626915941485,bank-of-anthos,code_change,0.7872053660294981,1,10,28,0,0.2114,0.0,0
ui-tests,javascript,0,1,0,1,0,1,2,0,1,0.0,0.05009609742538822,0.0,0.09220534482956799,0,1,1.0,2,0.014413244062142578,407.7,6059.0,1.0,0.2816821901908552,bank-of-anthos,scaling,0.4039544595133721,0,7,44,0,0.19,0.0,0
ui-tests,javascript,0,1,0,1,0,0,2,0,0,0.0,0.05608506174665245,0.0,0.078624989019063,0,0,1.0,2,0.02356832831680936,407.7,6059.0,1.0,0.24132093647875558,bank-of-anthos,deployment,0.5829263982299181,1,24,10,0,0.2598,0.0,0
ui-tests,javascript,0,1,0,1,0,1,2,0,1,0.0,0.04425671163460216,0.0,0.06450908452970588,0,1,1.0,2,0.02137895925101018,407.7,6059.0,1.0,0.34370110964331196,bank-of-anthos,deployment,0.8853049168781877,1,15,10,1,0.2385,0.7246,88
ui-tests,javascript,0,1,0,1,0,1,3,0,1,0.0,0.057192248407562256,0.0,0.06041953547430158,0,1,1.0,2,0.010013503961703784,407.7,6059.0,1.0,0.35713230452476985,bank-of-anthos,scaling,0.48376607803538896,0,23,46,0,0.14,0.0,0
ui-tests,javascript,0,1,0,1,0,0,3,0,0,0.0,0.055366241058209906,0.0,0.08766173518226472,0,1,1.0,2,0.009750106338665883,407.7,6059.0,1.0,0.33720298354923667,bank-of-anthos,deployment,0.6020676859401395,1,27,54,0,0.02,0.0,0
ui-tests,javascript,0,1,0,1,0,0,2,0,0,0.0,0.05406392077572087,0.0,0.06732697787292073,0,0,1.0,2,0.010643070479359142,407.7,6059.0,1.0,0.2947013513669503,bank-of-anthos,deployment,0.5735888354706381,1,3,34,0,0.02,0.0,0
ui-tests,javascript,0,1,0,1,0,0,2,0,1,0.0,0.059052459727748474,0.0,0.0657870083516155,0,0,1.0,2,0.030038617847336753,407.7,6059.0,1.0,0.2938971092148238,bank-of-anthos,deployment,0.7200466109507739,1,13,3,0,0.4329,0.0,0
ui-tests,javascript,0,1,0,1,0,0,2,0,1,0.0,0.06222931608171652,0.0,0.06508814320119537,0,1,1.0,2,0.029732849850068736,407.7,6059.0,1.0,0.24704284304652563,bank-of-anthos,code_change,0.4555041252031783,1,8,2,0,0.374,0.0,0
ui-tests,javascript,0,1,0,1,0,0,3,0,0,0.0,0.06219229437636457,0.0,0.0717554677963158,0,1,1.0,2,0.022832722442405362,407.7,6059.0,1.0,0.24341277733070082,bank-of-anthos,code_change,0.4520782645844412,1,5,70,0,0.1821,0.0,0
ledgermonolith,java,0,0,1,1,0,0,0,0,0,0.0,0.04029304716005604,0.0,0.0,0,0,0.0,0,0.0018227455262061194,107.7,6059.0,1.0,0.017808332911546196,bank-of-anthos,deployment,0.574362390094238,1,5,0,0,0.2202,0.0,0
ledgermonolith,java,0,0,1,1,0,0,0,0,0,0.0,0.05111194973852112,0.0,0.0,0,0,0.0,0,0.001973739064891593,107.7,6059.0,1.0,0.013326528877238675,bank-of-anthos,config_change,0.27914265767977864,0,6,4,0,0.2875,0.0,0
ledgermonolith,java,0,0,1,1,0,0,0,0,0,0.0,0.0582254765716909,0.0,0.0,0,0,0.0,0,0.0020444163142570334,107.7,6059.0,1.0,0.013035915535708122,bank-of-anthos,deployment,0.2830686492114279,1,26,0,0,0.1991,0.0,0
ledgermonolith,java,0,0,1,1,0,0,0,0,0,0.0,0.05228694649217451,0.0,0.0,0,0,0.0,0,0.002984370489687665,107.7,6059.0,1.0,0.01493618476694642,bank-of-anthos,scaling,0.4444558345380061,1,23,19,0,0.02,0.0,0
ledgermonolith,java,0,0,1,1,0,0,0,0,0,0.0,0.05669809137034552,0.0,0.0,0,0,0.0,0,0.0022810908674247075,107.7,6059.0,1.0,0.018252123894227753,bank-of-anthos,code_change,0.40630668860172214,0,20,61,0,0.1346,0.0,0
ledgermonolith,java,0,0,1,1,0,0,0,0,0,0.0,0.05293686036518427,0.0,0.0,0,0,0.0,0,0.0028364046022582327,107.7,6059.0,1.0,0.015545029373933405,bank-of-anthos,code_change,0.8665535512906332,1,2,12,0,0.031,0.0,0
ledgermonolith,java,0,0,1,1,0,0,0,0,0,0.0,0.051241522184445276,0.0,0.0,0,0,0.0,0,0.0032643883069449265,107.7,6059.0,1.0,0.013151018559321702,bank-of-anthos,config_change,0.3613120175537935,1,12,49,0,0.02,0.0,0
ledgermonolith,java,0,0,1,1,0,0,0,0,0,0.0,0.05786213683993235,0.0,0.0,0,0,0.0,0,0.00294532288415868,107.7,6059.0,1.0,0.015935545949298437,bank-of-anthos,code_change,0.3038598982874661,0,11,4,1,0.3017,0.1437,60
ledgermonolith,java,0,0,1,1,0,0,0,0,0,0.0,0.05766658141160668,0.0,0.0,0,0,0.0,0,0.0026428244557491526,107.7,6059.0,1.0,0.01778260715545312,bank-of-anthos,scaling,0.7659972840548763,1,29,20,0,0.02,0.0,0
ledgermonolith,java,0,0,1,1,0,0,0,0,0,0.0,0.039515781001376336,0.0,0.0,0,0,0.0,0,0.0018123338495926703,107.7,6059.0,1.0,0.012974438726591703,bank-of-anthos,scaling,0.2868684282656589,1,20,8,0,0.0264,0.0,0
ledgermonolith,java,0,0,1,1,0,0,0,0,0,0.0,0.04358517179488792,0.0,0.0,0,0,0.0,0,0.003450714437228613,107.7,6059.0,1.0,0.016056687486279052,bank-of-anthos,deployment,0.24451063662044828,1,4,46,0,0.02,0.0,0
ledgermonolith,java,0,0,1,1,0,0,0,0,0,0.0,0.04478623486887677,0.0,0.0,0,0,0.0,0,0.0025431436556262446,107.7,6059.0,1.0,0.015762525163226956,bank-of-anthos,deployment,0.7372748202162808,1,19,1,0,0.2672,0.0,0
ledgermonolith,java,0,0,1,1,0,0,0,0,0,0.0,0.049818915728210025,0.0,0.0,0,0,0.0,0,0.0017430259669759848,107.7,6059.0,1.0,0.016378236185833533,bank-of-anthos,scaling,0.39656326825711674,1,19,153,1,0.1108,0.2477,68
ledgermonolith,java,0,0,1,1,0,0,0,0,0,0.0,0.0566414780042258,0.0,0.0,0,0,0.0,0,0.001871019206583307,107.7,6059.0,1.0,0.01770012564682159,bank-of-anthos,deployment,0.36861481195253937,1,3,51,0,0.02,0.0,0
ledgermonolith,java,0,0,1,1,0,0,0,0,0,0.0,0.04344861895550087,0.0,0.0,0,0,0.0,0,0.002715931426755482,107.7,6059.0,1.0,0.014175849100754498,bank-of-anthos,config_change,0.27719933918882744,0,2,167,1,0.1006,0.1892,64
ledgermonolith,java,0,0,1,1,0,0,0,0,0,0.0,0.058511557231477565,0.0,0.0,0,0,0.0,0,0.0013766963190556692,107.7,6059.0,1.0,0.015240260151250426,bank-of-anthos,config_change,0.4874439805678835,0,19,147,1,0.1005,0.2347,45
ledgermonolith,java,0,0,1,1,0,0,0,0,0,0.0,0.0534320633265407,0.0,0.0,0,0,0.0,0,0.002021033625683155,107.7,6059.0,1.0,0.014014325203786033,bank-of-anthos,config_change,0.20464480241912172,1,8,27,0,0.02,0.0,0
ledgermonolith,java,0,0,1,1,0,0,0,0,0,0.0,0.06312241637825522,0.0,0.0,0,0,0.0,0,0.001935455079012949,107.7,6059.0,1.0,0.01532259382510759,bank-of-anthos,deployment,0.5113511001641924,1,11,0,1,0.1687,0.2568,76
ledgermonolith,java,0,0,1,1,0,0,0,0,0,0.0,0.049367297350094944,0.0,0.0,0,0,0.0,0,0.0020159439157829977,107.7,6059.0,1.0,0.016922211928952956,bank-of-anthos,config_change,0.3873891246857267,0,18,22,0,0.174,0.0,0
ledgermonolith,java,0,0,1,1,0,0,0,0,0,0.0,0.04888350381368506,0.0,0.0,0,0,0.0,0,0.0010228614420337994,107.7,6059.0,1.0,0.018554555750000864,bank-of-anthos,scaling,0.5510735318705492,1,26,8,0,0.02,0.0,0
ledgermonolith,java,0,0,1,1,0,0,0,0,0,0.0,0.05694562527116173,0.0,0.0,0,0,0.0,0,0.0015617616773273175,107.7,6059.0,1.0,0.013183482466230943,bank-of-anthos,code_change,0.788451995247919,1,18,10,0,0.064,0.0,0
ledgermonolith,java,0,0,1,1,0,0,0,0,0,0.0,0.042336401249745755,0.0,0.0,0,0,0.0,0,0.0031320530199129186,107.7,6059.0,1.0,0.01828344215090086,bank-of-anthos,code_change,0.4425432050331683,0,23,2,0,0.2792,0.0,0
ledgermonolith,java,0,0,1,1,0,0,0,0,0,0.0,0.05696808029648981,0.0,0.0,0,0,0.0,0,0.0016694143494587414,107.7,6059.0,1.0,0.015505794384483547,bank-of-anthos,deployment,0.32849971050694854,1,16,13,0,0.02,0.0,0
ledgermonolith,java,0,0,1,1,0,0,0,0,0,0.0,0.040808878109556565,0.0,0.0,0,0,0.0,0,0.0016995162526521538,107.7,6059.0,1.0,0.012169644153430787,bank-of-anthos,code_change,0.8765940555711323,0,11,26,0,0.0612,0.0,0
ledgermonolith,java,0,0,1,1,0,0,0,0,0,0.0,0.05671883025673632,0.0,0.0,0,0,0.0,0,0.0031567985671858765,107.7,6059.0,1.0,0.017153421472045814,bank-of-anthos,config_change,0.4708829456134592,0,28,41,0,0.0474,0.0,0
ledgermonolith,java,0,0,1,1,0,0,0,0,0,0.0,0.05771194803863681,0.0,0.0,0,0,0.0,0,0.0035780612706422395,107.7,6059.0,1.0,0.015125072944540064,bank-of-anthos,deployment,0.31517873963287024,0,28,88,0,0.1795,0.0,0
ledgermonolith,java,0,0,1,1,0,0,0,0,0,0.0,0.05171619628714867,0.0,0.0,0,0,0.0,0,0.0017764665542409888,107.7,6059.0,1.0,0.01349115176108563,bank-of-anthos,deployment,0.46917278539945395,1,25,1,0,0.316,0.0,0
ledgermonolith,java,0,0,1,1,0,0,0,0,0,0.0,0.04803656806828545,0.0,0.0,0,0,0.0,0,0.00266070774228412,107.7,6059.0,1.0,0.0145254191861675,bank-of-anthos,deployment,0.797855691054793,1,21,34,0,0.1284,0.0,0
ledgermonolith,java,0,0,1,1,0,0,0,0,0,0.0,0.04297796819767465,0.0,0.0,0,0,0.0,0,0.0024690993704278032,107.7,6059.0,1.0,0.018378316755675774,bank-of-anthos,code_change,0.7489671189768625,1,22,25,0,0.02,0.0,0
ledgermonolith,java,0,0,1,1,0,0,0,0,0,0.0,0.05489780756857336,0.0,0.0,0,0,0.0,0,0.0022455501065382433,107.7,6059.0,1.0,0.014949701854220192,bank-of-anthos,scaling,0.2947070497633231,0,1,15,1,0.26,0.4919,94
ledgermonolith,java,0,0,1,1,0,0,0,0,0,0.0,0.04705807020551966,0.0,0.0,0,0,0.0,0,0.0025910129558894377,107.7,6059.0,1.0,0.018228606146849,bank-of-anthos,deployment,0.33622749604728436,1,16,20,0,0.02,0.0,0
ledgermonolith,java,0,0,1,1,0,0,0,0,0,0.0,0.03974826914975493,0.0,0.0,0,0,0.0,0,0.0011058792237348845,107.7,6059.0,1.0,0.016795585915925185,bank-of-anthos,scaling,0.35166088692126674,1,15,74,0,0.02,0.0,0
ledgermonolith,java,0,0,1,1,0,0,0,0,0,0.0,0.039548615381089926,0.0,0.0,0,0,0.0,0,0.001041984522578818,107.7,6059.0,1.0,0.0155860550532159,bank-of-anthos,deployment,0.5960067893302654,1,25,23,0,0.0657,0.0,0
ledgermonolith,java,0,0,1,1,0,0,0,0,0,0.0,0.0539671055325829,0.0,0.0,0,0,0.0,0,0.002611402832385564,107.7,6059.0,1.0,0.016364288748455788,bank-of-anthos,config_change,0.19738664279610454,1,6,22,0,0.02,0.0,0
ledgermonolith,java,0,0,1,1,0,0,0,0,0,0.0,0.048152045057196204,0.0,0.0,0,0,0.0,0,0.0017489070712092475,107.7,6059.0,1.0,0.014375102853235783,bank-of-anthos,deployment,0.3623987653316869,1,11,28,0,0.02,0.0,0
ledgermonolith,java,0,0,1,1,0,0,0,0,0,0.0,0.05621467286405024,0.0,0.0,0,0,0.0,0,0.00351158748081737,107.7,6059.0,1.0,0.017869542177966314,bank-of-anthos,config_change,0.3453302338960554,1,17,0,0,0.1963,0.0,0
ledgermonolith,java,0,0,1,1,0,0,0,0,0,0.0,0.039129646619351074,0.0,0.0,0,0,0.0,0,0.001,107.7,6059.0,1.0,0.015685555596741854,bank-of-anthos,config_change,0.2692673529484156,1,2,58,0,0.0474,0.0,0
ledgermonolith,java,0,0,1,1,0,0,0,0,0,0.0,0.06272593769962757,0.0,0.0,0,0,0.0,0,0.001,107.7,6059.0,1.0,0.01640658679146248,bank-of-anthos,code_change,0.87974097985655,1,11,30,0,0.02,0.0,0
ledgermonolith,java,0,0,1,1,0,0,0,0,0,0.0,0.0493833275267393,0.0,0.0,0,0,0.0,0,0.003093631066088403,107.7,6059.0,1.0,0.015030713360070204,bank-of-anthos,code_change,0.9330464929428177,1,16,0,0,0.2396,0.0,0
ledgermonolith,java,0,0,1,1,0,0,0,0,0,0.0,0.04980425605231093,0.0,0.0,0,0,0.0,0,0.0018801039149529157,107.7,6059.0,1.0,0.018498261075632398,bank-of-anthos,deployment,0.6745912924720792,1,20,5,0,0.2655,0.0,0
ledgermonolith,java,0,0,1,1,0,0,0,0,0,0.0,0.03935477288995059,0.0,0.0,0,0,0.0,0,0.00159925187906631,107.7,6059.0,1.0,0.013103827267579546,bank-of-anthos,code_change,0.7861800837408418,1,6,3,0,0.2088,0.0,0
ledgermonolith,java,0,0,1,1,0,0,0,0,0,0.0,0.06162476014634578,0.0,0.0,0,0,0.0,0,0.002686918314570589,107.7,6059.0,1.0,0.016799484386028064,bank-of-anthos,code_change,0.36839761117641584,1,9,48,0,0.0386,0.0,0
ledgermonolith,java,0,0,1,1,0,0,0,0,0,0.0,0.06006727017862396,0.0,0.0,0,0,0.0,0,0.0016595382702710047,107.7,6059.0,1.0,0.013474928820885456,bank-of-anthos,code_change,0.9610601329195824,1,16,32,0,0.02,0.0,0
ledgermonolith,java,0,0,1,1,0,0,0,0,0,0.0,0.05660320830121456,0.0,0.0,0,0,0.0,0,0.001212802497910164,107.7,6059.0,1.0,0.01581973079468561,bank-of-anthos,deployment,0.6575261464872345,0,14,0,0,0.2871,0.0,0
ledgermonolith,java,0,0,1,1,0,0,0,0,0,0.0,0.0596071295985031,0.0,0.0,0,0,0.0,0,0.002486974849036442,107.7,6059.0,1.0,0.018579902288347324,bank-of-anthos,config_change,0.07282655206379447,1,17,73,0,0.02,0.0,0
ledgermonolith,java,0,0,1,1,0,0,0,0,0,0.0,0.04030696235851102,0.0,0.0,0,0,0.0,0,0.001,107.7,6059.0,1.0,0.01796026395768138,bank-of-anthos,code_change,0.49704293066535277,1,11,24,0,0.02,0.0,0
ledgermonolith,java,0,0,1,1,0,0,0,0,0,0.0,0.06144028967959227,0.0,0.0,0,0,0.0,0,0.001592497421193886,107.7,6059.0,1.0,0.017208309006910453,bank-of-anthos,config_change,0.2791192262402017,1,22,7,0,0.02,0.0,0
ledgermonolith,java,0,0,1,1,0,0,0,0,0,0.0,0.059504199769272216,0.0,0.0,0,0,0.0,0,0.00333571673333415,107.7,6059.0,1.0,0.01445224795643257,bank-of-anthos,config_change,0.16806888925017782,0,7,22,0,0.1427,0.0,0
ledgermonolith,java,0,0,1,1,0,0,0,0,0,0.0,0.04454983498263742,0.0,0.0,0,0,0.0,0,0.002787036944114186,107.7,6059.0,1.0,0.01547448540390465,bank-of-anthos,code_change,0.5693588249066297,1,25,33,0,0.02,0.0,0
ledgermonolith,java,0,0,1,1,0,0,0,0,0,0.0,0.05404591047618646,0.0,0.0,0,0,0.0,0,0.0026118998282167434,107.7,6059.0,1.0,0.015364787937716829,bank-of-anthos,config_change,0.26200938263716606,0,13,8,0,0.0314,0.0,0
support,javascript,0,1,0,1,0,1,3,0,0,0.0,0.06367160866700748,0.0,0.06527714989350002,0,0,1.0,2,0.025998707266924236,407.7,6059.0,1.0,0.2659218947285629,bank-of-anthos,deployment,0.27618004903438537,1,3,46,0,0.3336,0.0,0
support,javascript,0,1,0,1,0,0,3,0,0,0.0,0.04200503628851537,0.0,0.060781657911135885,0,1,1.0,2,0.017700517639887888,407.7,6059.0,1.0,0.34565301027187506,bank-of-anthos,deployment,0.3881548065089907,1,27,27,0,0.0883,0.0,0
support,javascript,0,1,0,1,0,0,3,0,1,0.0,0.04865816589702145,0.0,0.09436257628464663,0,1,1.0,2,0.021504532775480572,407.7,6059.0,1.0,0.24868414696176794,bank-of-anthos,deployment,0.8257354903931479,1,24,101,0,0.2381,0.0,0
support,javascript,0,1,0,1,0,0,3,0,1,0.0,0.04827040408011216,0.0,0.07256808494626758,0,1,1.0,2,0.012636253986835124,407.7,6059.0,1.0,0.3777963256580299,bank-of-anthos,deployment,0.08165396232207421,1,16,13,0,0.02,0.0,0
support,javascript,0,1,0,1,0,1,2,0,0,0.0,0.05115369432186498,0.0,0.06662225193013864,0,1,1.0,2,0.021791005163522455,407.7,6059.0,1.0,0.34944452347573735,bank-of-anthos,config_change,0.13638928221695612,1,26,51,0,0.3222,0.0,0
support,javascript,0,1,0,1,0,1,2,0,0,0.0,0.045545056730812786,0.0,0.08059422813343446,0,1,1.0,2,0.02077167479868122,407.7,6059.0,1.0,0.3586515830461421,bank-of-anthos,config_change,0.145773560793873,1,12,0,0,0.4323,0.0,0
support,javascript,0,1,0,1,0,1,2,0,0,0.0,0.061457412890097846,0.0,0.09575334900541035,0,1,1.0,2,0.014771213584286852,407.7,6059.0,1.0,0.23740140196315318,bank-of-anthos,deployment,0.5535022072089668,1,13,35,0,0.02,0.0,0
support,javascript,0,1,0,1,0,1,2,0,0,0.0,0.05463738355437435,0.0,0.06638279657127898,0,0,1.0,2,0.012981780217658579,407.7,6059.0,1.0,0.38084705855731105,bank-of-anthos,code_change,0.6378190549735634,1,8,50,0,0.0342,0.0,0
support,javascript,0,1,0,1,0,0,3,0,1,0.0,0.05049149560303324,0.0,0.06673675269263141,0,1,1.0,2,0.029668014224297403,407.7,6059.0,1.0,0.35494544619203655,bank-of-anthos,code_change,0.3269699460513682,1,5,118,1,0.2711,0.3366,82
support,javascript,0,1,0,1,0,0,2,0,0,0.0,0.05200027818852466,0.0,0.09314918436035956,0,1,1.0,2,0.015564924341221637,407.7,6059.0,1.0,0.2643941399850943,bank-of-anthos,scaling,0.3548605765387746,1,9,77,0,0.02,0.0,0
support,javascript,0,1,0,1,0,0,3,0,1,0.0,0.04189701668829556,0.0,0.0700453561141332,0,0,1.0,2,0.03256662333690303,407.7,6059.0,1.0,0.3028997222254639,bank-of-anthos,deployment,0.2914143014002585,1,12,2,1,0.368,0.235,73
support,javascript,0,1,0,1,0,0,2,0,0,0.0,0.04204482465109553,0.0,0.09200887922880273,0,1,1.0,2,0.011929938710828245,407.7,6059.0,1.0,0.34650536145196476,bank-of-anthos,code_change,0.8946634305294585,1,27,0,0,0.2256,0.0,0
support,javascript,0,1,0,1,0,1,3,0,0,0.0,0.055749016146535074,0.0,0.08439353380088986,0,0,1.0,2,0.029352647761095616,407.7,6059.0,1.0,0.2634588567468848,bank-of-anthos,deployment,0.3813802272096862,1,22,23,0,0.2481,0.0,0
support,javascript,0,1,0,1,0,1,3,0,1,0.0,0.051328527965820867,0.0,0.07285529754343463,0,1,1.0,2,0.03068007836618298,407.7,6059.0,1.0,0.30998799765363155,bank-of-anthos,scaling,0.8296900745315473,1,14,37,0,0.2485,0.0,0
support,javascript,0,1,0,1,0,1,2,0,1,0.0,0.0422629961608177,0.0,0.09462263192345863,0,0,1.0,2,0.0235226441176541,407.7,6059.0,1.0,0.33719997462608764,bank-of-anthos,config_change,0.34352568616257306,1,23,45,0,0.2036,0.0,0
support,javascript,0,1,0,1,0,1,2,0,1,0.0,0.05703953204504519,0.0,0.0678970796178718,0,0,1.0,2,0.022085519591771838,407.7,6059.0,1.0,0.3389902742446843,bank-of-anthos,deployment,0.13535432396309877,0,23,36,0,0.3451,0.0,0
support,javascript,0,1,0,1,0,1,3,0,1,0.0,0.050470136834889476,0.0,0.07478403948607905,0,0,1.0,2,0.017200004446725353,407.7,6059.0,1.0,0.2433896800725591,bank-of-anthos,code_change,0.8792593491425862,1,28,3,0,0.2546,0.0,0
support,javascript,0,1,0,1,0,1,2,0,1,0.0,0.0510254001390037,0.0,0.08229237494281214,0,1,1.0,2,0.019580038943824585,407.7,6059.0,1.0,0.30802373979619685,bank-of-anthos,deployment,0.7682800160115475,1,11,3,0,0.2604,0.0,0
support,javascript,0,1,0,1,0,1,2,0,1,0.0,0.06181006089366875,0.0,0.09285505293631391,0,1,1.0,2,0.019340255041699016,407.7,6059.0,1.0,0.3135521417888007,bank-of-anthos,scaling,0.5727797430944421,1,1,37,0,0.02,0.0,0
support,javascript,0,1,0,1,0,1,2,0,0,0.0,0.04136717387214356,0.0,0.0949660204207976,0,1,1.0,2,0.02935945042120402,407.7,6059.0,1.0,0.2609411863802628,bank-of-anthos,code_change,0.33810904733473907,1,2,27,0,0.2631,0.0,0
support,javascript,0,1,0,1,0,1,2,0,1,0.0,0.03872495626505608,0.0,0.061569414802636814,0,1,1.0,2,0.02642868691512351,407.7,6059.0,1.0,0.25838248655836354,bank-of-anthos,code_change,0.24016205425130632,1,8,28,1,0.2351,0.5831,131
support,javascript,0,1,0,1,0,0,2,0,1,0.0,0.04685322829367849,0.0,0.0734962330380226,0,1,1.0,2,0.024795997176541313,407.7,6059.0,1.0,0.23988661557244664,bank-of-anthos,code_change,0.5765583275711739,0,11,40,0,0.3509,0.0,0
support,javascript,0,1,0,1,0,0,3,0,0,0.0,0.047258873577326506,0.0,0.06425552264431172,0,1,1.0,2,0.008751687590408052,407.7,6059.0,1.0,0.2852917730625885,bank-of-anthos,code_change,0.8103333468494042,0,6,107,1,0.1599,0.3875,79
support,javascript,0,1,0,1,0,1,2,0,0,0.0,0.03896863653571822,0.0,0.08118389831069026,0,1,1.0,2,0.027367091122550237,407.7,6059.0,1.0,0.28642368795484335,bank-of-anthos,scaling,0.14967977802966806,0,26,5,0,0.5444,0.0,0
support,javascript,0,1,0,1,0,0,3,0,0,0.0,0.04933372070454248,0.0,0.08516397933930185,0,0,1.0,2,0.01262142979410864,407.7,6059.0,1.0,0.2705476124214703,bank-of-anthos,deployment,0.16511515753181472,1,13,7,0,0.02,0.0,0
support,javascript,0,1,0,1,0,1,2,0,0,0.0,0.04737266390007066,0.0,0.0900877730287775,0,0,1.0,2,0.03280574802194369,407.7,6059.0,1.0,0.3538109830086309,bank-of-anthos,config_change,0.32827148339709017,1,5,10,1,0.3319,0.5696,80
support,javascript,0,1,0,1,0,1,2,0,0,0.0,0.05506196077931645,0.0,0.078211833173711,0,1,1.0,2,0.021278736857273235,407.7,6059.0,1.0,0.28633122778784287,bank-of-anthos,deployment,0.5968947310013087,1,4,61,0,0.2782,0.0,0
support,javascript,0,1,0,1,0,0,2,0,0,0.0,0.04926989328470815,0.0,0.07549758975296857,0,1,1.0,2,0.008709249591979046,407.7,6059.0,1.0,0.2628047663699145,bank-of-anthos,deployment,0.34353120262121395,1,2,84,0,0.02,0.0,0
support,javascript,0,1,0,1,0,1,3,0,0,0.0,0.051543570459293926,0.0,0.0626881856268752,0,1,1.0,2,0.027727252153363878,407.7,6059.0,1.0,0.3686573376072692,bank-of-anthos,scaling,0.8511515838533635,1,12,10,0,0.3229,0.0,0
support,javascript,0,1,0,1,0,1,2,0,1,0.0,0.05762714670997955,0.0,0.09377627507863494,0,0,1.0,2,0.032040558921331674,407.7,6059.0,1.0,0.24831495806641812,bank-of-anthos,config_change,0.1560806538894896,0,2,30,1,0.4059,0.3485,75
support,javascript,0,1,0,1,0,0,3,0,1,0.0,0.05643555235141462,0.0,0.06908362748467699,0,0,1.0,2,0.008703572671493666,407.7,6059.0,1.0,0.37342000408385906,bank-of-anthos,config_change,0.23476036589496485,1,12,19,0,0.0751,0.0,0
support,javascript,0,1,0,1,0,1,2,0,1,0.0,0.05937026896345954,0.0,0.06569410208716418,0,1,1.0,2,0.021263273877504773,407.7,6059.0,1.0,0.37424201608773117,bank-of-anthos,deployment,0.4699739960983505,1,26,18,0,0.2004,0.0,0
support,javascript,0,1,0,1,0,1,3,0,1,0.0,0.0502169651694299,0.0,0.08603945791501358,0,1,1.0,2,0.02179109893113373,407.7,6059.0,1.0,0.34055398873463316,bank-of-anthos,deployment,0.5189156352295443,0,28,4,0,0.5722,0.0,0
support,javascript,0,1,0,1,0,1,2,0,1,0.0,0.040431153503246525,0.0,0.09112241784540423,0,0,1.0,2,0.02273328275208573,407.7,6059.0,1.0,0.3934207181819701,bank-of-anthos,config_change,0.32763769213953436,0,20,11,0,0.4042,0.0,0
support,javascript,0,1,0,1,0,1,3,0,0,0.0,0.0631431593521614,0.0,0.06260791703058509,0,0,1.0,2,0.021789218804611234,407.7,6059.0,1.0,0.29181694645938017,bank-of-anthos,scaling,0.5734138703050871,1,19,3,1,0.4618,0.3713,65
support,javascript,0,1,0,1,0,0,3,0,1,0.0,0.05387529465809146,0.0,0.0646785860214506,0,1,1.0,2,0.032875012156518064,407.7,6059.0,1.0,0.34439893015236883,bank-of-anthos,config_change,0.21455416971568278,1,26,64,0,0.0891,0.0,0
support,javascript,0,1,0,1,0,1,2,0,0,0.0,0.046683529404307735,0.0,0.08308151708704345,0,0,1.0,2,0.030453979041195678,407.7,6059.0,1.0,0.3518134218469011,bank-of-anthos,deployment,0.2848193919189149,1,24,45,0,0.2152,0.0,0
support,javascript,0,1,0,1,0,0,3,0,0,0.0,0.040433059856407494,0.0,0.09289530688126284,0,1,1.0,2,0.017587821678188186,407.7,6059.0,1.0,0.27977974688725415,bank-of-anthos,code_change,0.8378785633709085,1,5,73,0,0.02,0.0,0
support,javascript,0,1,0,1,0,1,2,0,1,0.0,0.049805344815820995,0.0,0.08163763423928071,0,1,1.0,2,0.028529402993875377,407.7,6059.0,1.0,0.3922062622478213,bank-of-anthos,config_change,0.13575253397052384,0,2,25,0,0.3628,0.0,0
support,javascript,0,1,0,1,0,0,2,0,1,0.0,0.060115609374902255,0.0,0.07639559893659022,0,1,1.0,2,0.027406019757606034,407.7,6059.0,1.0,0.35184345897211666,bank-of-anthos,deployment,0.7773992352893073,1,9,5,1,0.4769,0.6305,82
support,javascript,0,1,0,1,0,0,2,0,0,0.0,0.05956446553121372,0.0,0.06325895897454122,0,1,1.0,2,0.027205183176735502,407.7,6059.0,1.0,0.284517092687696,bank-of-anthos,deployment,0.14902409736843056,1,15,2,0,0.4549,0.0,0
support,javascript,0,1,0,1,0,0,3,0,1,0.0,0.039425413107293174,0.0,0.09433023005066994,0,0,1.0,2,0.010420493551767156,407.7,6059.0,1.0,0.27784738645320445,bank-of-anthos,config_change,0.5246025708127958,1,20,1,0,0.1792,0.0,0
support,javascript,0,1,0,1,0,0,3,0,0,0.0,0.05120921560055428,0.0,0.07612470673228192,0,0,1.0,2,0.017243738432163286,407.7,6059.0,1.0,0.281512336652752,bank-of-anthos,deployment,0.7627703667370384,1,7,8,0,0.02,0.0,0
support,javascript,0,1,0,1,0,1,2,0,1,0.0,0.04825372141028219,0.0,0.08723422712381307,0,0,1.0,2,0.017758681513336008,407.7,6059.0,1.0,0.26902373633889237,bank-of-anthos,config_change,0.3918536699663772,1,23,93,0,0.129,0.0,0
support,javascript,0,1,0,1,0,0,3,0,0,0.0,0.042308631505604696,0.0,0.05816032097623203,0,0,1.0,2,0.01713580976307963,407.7,6059.0,1.0,0.33551261295030743,bank-of-anthos,deployment,0.6130653218726978,1,21,30,0,0.02,0.0,0
support,javascript,0,1,0,1,0,0,3,0,1,0.0,0.06289696970693247,0.0,0.07224436935622737,0,0,1.0,2,0.02123184383073129,407.7,6059.0,1.0,0.35627105798377934,bank-of-anthos,scaling,0.6439140580157903,1,11,52,1,0.2145,0.2223,69
support,javascript,0,1,0,1,0,1,3,0,1,0.0,0.059563273453893104,0.0,0.09472255803184883,0,1,1.0,2,0.010357887376086271,407.7,6059.0,1.0,0.32622373797971255,bank-of-anthos,deployment,0.9098073357149052,0,28,41,1,0.2158,0.5154,110
support,javascript,0,1,0,1,0,0,3,0,1,0.0,0.043240919807341384,0.0,0.06373703165352883,0,0,1.0,2,0.0246769029998748,407.7,6059.0,1.0,0.3242935298902777,bank-of-anthos,config_change,0.26527021239964754,1,4,14,0,0.2199,0.0,0
support,javascript,0,1,0,1,0,1,2,0,1,0.0,0.06146295850556715,0.0,0.07946888797682332,0,0,1.0,2,0.023291138008968877,407.7,6059.0,1.0,0.2775008079703738,bank-of-anthos,scaling,0.5744573313867947,0,9,44,0,0.4318,0.0,0
support,javascript,0,1,0,1,0,1,3,0,1,0.0,0.04164957825417712,0.0,0.08389142677194333,0,1,1.0,2,0.026399537866331178,407.7,6059.0,1.0,0.29494648504059445,bank-of-anthos,code_change,0.5807262536406198,1,14,69,0,0.2542,0.0,0
teastore-db,unknown,1,0,1,0,0,0,0,0,0,0.0,0.0299928736482766,0.0491096178956166,0.0,0,0,0.0,0,0.0011806023792293437,104.6,4029.0,1.0,0.010811040926424842,TeaStore,config_change,0.09605858313184736,1,15,5,0,0.1454,0.0,0
teastore-db,unknown,1,0,1,0,1,0,0,1,0,0.0,0.030033276325817773,0.038753047294488446,0.0,1,0,0.0,0,0.002552121098446924,104.6,4029.0,1.0,0.006975759795744099,TeaStore,config_change,0.28318578957909896,1,19,3,0,0.2622,0.0,0
teastore-db,unknown,1,0,1,0,1,0,0,1,1,0.0,0.02503939992948515,0.04449826285704687,0.0,1,0,0.0,0,0.0021537363181514,104.6,4029.0,1.0,0.009909510975772586,TeaStore,deployment,0.6142074857577151,1,6,38,0,0.0372,0.0,0
teastore-db,unknown,1,0,1,0,0,0,0,0,0,0.0,0.02384187937556251,0.030231125620283714,0.0,1,0,0.0,0,0.0014015656806210168,104.6,4029.0,1.0,0.008006793731073745,TeaStore,config_change,0.19733444703528993,1,16,76,0,0.0412,0.0,0
teastore-db,unknown,1,0,1,0,0,0,0,1,0,0.0,0.03224697870960093,0.04248056874345627,0.0,1,0,0.0,0,0.00271506217002979,104.6,4029.0,1.0,0.00893974519660222,TeaStore,deployment,0.48319133787712276,1,21,10,0,0.0313,0.0,0
teastore-db,unknown,1,0,1,0,0,0,0,1,1,0.0,0.03566234953705788,0.03980402917112534,0.0,1,0,0.0,0,0.001,104.6,4029.0,1.0,0.009033045895449973,TeaStore,deployment,0.5877722864707662,1,23,27,0,0.053,0.0,0
teastore-db,unknown,1,0,1,0,1,0,0,1,0,0.0,0.037862260824954155,0.049327945837485745,0.0,1,0,0.0,0,0.0016565041183497326,104.6,4029.0,1.0,0.011210699244352695,TeaStore,config_change,0.32453167874233435,0,21,28,1,0.137,0.1403,65
teastore-db,unknown,1,0,1,0,0,0,0,1,0,0.0,0.035901319324642994,0.03655777437274289,0.0,0,0,0.0,0,0.0015096820482316722,104.6,4029.0,1.0,0.006952990528284012,TeaStore,scaling,0.2276533273233746,1,3,37,0,0.0643,0.0,0
teastore-db,unknown,1,0,1,0,0,0,0,1,1,0.0,0.027347954769706823,0.03061248364475526,0.0,1,0,0.0,0,0.001757472947283597,104.6,4029.0,1.0,0.007734783676278492,TeaStore,config_change,0.5110978257222417,1,15,11,0,0.02,0.0,0
teastore-db,unknown,1,0,1,0,0,0,0,0,0,0.0,0.0314115309035997,0.035898522676906255,0.0,0,0,0.0,0,0.001156575351936039,104.6,4029.0,1.0,0.010223181954461884,TeaStore,config_change,0.3078664808493635,1,19,12,0,0.02,0.0,0
teastore-db,unknown,1,0,1,0,1,0,0,1,1,0.0,0.03486863564040503,0.04609093384285066,0.0,0,0,0.0,0,0.0011042096123178855,104.6,4029.0,1.0,0.00887812186940306,TeaStore,code_change,0.5532890836169299,1,22,103,0,0.0312,0.0,0
teastore-db,unknown,1,0,1,0,1,0,0,1,1,0.0,0.02940504710068413,0.03506696728945718,0.0,1,0,0.0,0,0.0012383176295292415,104.6,4029.0,1.0,0.011186167976160821,TeaStore,deployment,0.6996976703902105,0,7,3,0,0.3192,0.0,0
teastore-db,unknown,1,0,1,0,0,0,0,1,1,0.0,0.032775303326618356,0.04780014549388115,0.0,1,0,0.0,0,0.002548161088656073,104.6,4029.0,1.0,0.007997808853207906,TeaStore,deployment,0.4860332492788852,1,23,29,0,0.0698,0.0,0
teastore-db,unknown,1,0,1,0,1,0,0,0,0,0.0,0.03787607019138587,0.036301317505218283,0.0,0,0,0.0,0,0.0019166635963857495,104.6,4029.0,1.0,0.007986352645980103,TeaStore,deployment,0.6294711488703898,1,21,2,0,0.1764,0.0,0
teastore-db,unknown,1,0,1,0,0,0,0,0,0,0.0,0.028026285280939915,0.046734347309492455,0.0,0,0,0.0,0,0.00224205029987807,104.6,4029.0,1.0,0.008325726893856146,TeaStore,config_change,0.029563885016189895,1,4,19,0,0.02,0.0,0
teastore-db,unknown,1,0,1,0,1,0,0,0,0,0.0,0.026765681105018344,0.03930177325829091,0.0,1,0,0.0,0,0.0020527739893556923,104.6,4029.0,1.0,0.011249421472233602,TeaStore,deployment,0.7433664407256537,0,20,1,1,0.3199,0.5574,94
teastore-db,unknown,1,0,1,0,1,0,0,1,1,0.0,0.03333387330519399,0.0319032780016043,0.0,1,0,0.0,0,0.0016154624308713692,104.6,4029.0,1.0,0.010989659713797879,TeaStore,config_change,0.08321789847626347,1,12,57,0,0.02,0.0,0
teastore-db,unknown,1,0,1,0,0,0,0,0,0,0.0,0.026733831332106082,0.04370322401228372,0.0,1,0,0.0,0,0.0025504571857957663,104.6,4029.0,1.0,0.008360855215018495,TeaStore,config_change,0.08735323913895161,1,4,14,0,0.0819,0.0,0
teastore-db,unknown,1,0,1,0,0,0,0,0,0,0.0,0.023861384831045673,0.03454916220945841,0.0,1,0,0.0,0,0.002386019382034847,104.6,4029.0,1.0,0.008490111725874546,TeaStore,deployment,0.5567601404371711,1,4,4,0,0.261,0.0,0
teastore-db,unknown,1,0,1,0,0,0,0,0,0,0.0,0.036657570068497236,0.04170940058045779,0.0,0,0,0.0,0,0.0021220043683912427,104.6,4029.0,1.0,0.008306217737035555,TeaStore,deployment,0.25404503236327003,1,27,12,0,0.02,0.0,0
teastore-db,unknown,1,0,1,0,1,0,0,1,0,0.0,0.025040856728667748,0.0340379211226578,0.0,0,0,0.0,0,0.0013668720932013378,104.6,4029.0,1.0,0.008589651355765419,TeaStore,deployment,0.3747916304393874,0,4,74,0,0.172,0.0,0
teastore-db,unknown,1,0,1,0,0,0,0,0,0,0.0,0.02976464031730827,0.03680341900776979,0.0,0,0,0.0,0,0.0020534038545577554,104.6,4029.0,1.0,0.008681274124915778,TeaStore,scaling,0.24952274991220605,1,27,30,1,0.0532,0.4243,87
teastore-db,unknown,1,0,1,0,1,0,0,0,1,0.0,0.02836206892156071,0.030578236465331147,0.0,0,0,0.0,0,0.0017514817400371592,104.6,4029.0,1.0,0.009561599649327367,TeaStore,deployment,0.04346991147742225,0,6,24,1,0.1088,0.2372,69
teastore-db,unknown,1,0,1,0,0,0,0,0,1,0.0,0.03645516063684838,0.049415962985453435,0.0,0,0,0.0,0,0.0018739064471571445,104.6,4029.0,1.0,0.009822245299808862,TeaStore,deployment,0.5681578142337338,1,16,37,0,0.02,0.0,0
teastore-db,unknown,1,0,1,0,0,0,0,0,0,0.0,0.0248168182906554,0.04604232894325801,0.0,1,0,0.0,0,0.0015053816984716404,104.6,4029.0,1.0,0.006847154600142039,TeaStore,deployment,0.4748157554633706,1,6,13,0,0.02,0.0,0
teastore-db,unknown,1,0,1,0,1,0,0,1,1,0.0,0.031721431046841234,0.03380307725825221,0.0,1,0,0.0,0,0.0027693087945626018,104.6,4029.0,1.0,0.009957388509269692,TeaStore,config_change,0.5464516489371513,1,16,5,0,0.2954,0.0,0
teastore-db,unknown,1,0,1,0,0,0,0,0,1,0.0,0.024926784831510177,0.04743194301903122,0.0,1,0,0.0,0,0.0010334302012032506,104.6,4029.0,1.0,0.009567200117095723,TeaStore,deployment,0.7673736369333314,1,11,6,0,0.2558,0.0,0
teastore-db,unknown,1,0,1,0,1,0,0,1,1,0.0,0.032570011007653436,0.0498930844591622,0.0,1,0,0.0,0,0.001,104.6,4029.0,1.0,0.010609250558965009,TeaStore,scaling,0.5234192553802223,1,5,13,0,0.02,0.0,0
teastore-db,unknown,1,0,1,0,0,0,0,1,1,0.0,0.026530151384628175,0.0379309197394723,0.0,0,0,0.0,0,0.0018760091645622437,104.6,4029.0,1.0,0.010896153312147832,TeaStore,deployment,0.06162418693804408,1,7,62,0,0.0643,0.0,0
teastore-db,unknown,1,0,1,0,1,0,0,1,1,0.0,0.02798187101365408,0.04678806687789011,0.0,0,0,0.0,0,0.00279401382349215,104.6,4029.0,1.0,0.009993973835286557,TeaStore,config_change,0.08860624187329204,0,10,14,0,0.1376,0.0,0
teastore-db,unknown,1,0,1,0,1,0,0,1,0,0.0,0.026376811205121677,0.04890592489874769,0.0,1,0,0.0,0,0.001,104.6,4029.0,1.0,0.009206973609403386,TeaStore,code_change,0.52335821148033,1,19,25,0,0.0512,0.0,0
teastore-db,unknown,1,0,1,0,1,0,0,1,0,0.0,0.03330755200405517,0.04994470143175174,0.0,1,0,0.0,0,0.001,104.6,4029.0,1.0,0.007160590773511744,TeaStore,code_change,0.616611539052767,0,25,39,0,0.1542,0.0,0
teastore-db,unknown,1,0,1,0,0,0,0,0,1,0.0,0.02800689879824459,0.04444295037485594,0.0,0,0,0.0,0,0.0023324835713421526,104.6,4029.0,1.0,0.009156540939449016,TeaStore,code_change,0.5232739299776715,1,15,16,0,0.0267,0.0,0
teastore-db,unknown,1,0,1,0,1,0,0,1,1,0.0,0.0283037409375515,0.03743698605407918,0.0,1,0,0.0,0,0.0018981984891738145,104.6,4029.0,1.0,0.008999925892221757,TeaStore,deployment,0.6140553443923267,1,2,21,0,0.02,0.0,0
teastore-db,unknown,1,0,1,0,0,0,0,1,0,0.0,0.036351193393599726,0.03249702956866569,0.0,1,0,0.0,0,0.001,104.6,4029.0,1.0,0.008806613762164227,TeaStore,config_change,0.15529296407813392,1,23,17,0,0.02,0.0,0
teastore-db,unknown,1,0,1,0,1,0,0,1,0,0.0,0.037142594354762686,0.04043569533429772,0.0,0,0,0.0,0,0.001506431562427087,104.6,4029.0,1.0,0.007947394811410272,TeaStore,deployment,0.8056423452041165,0,3,12,0,0.1142,0.0,0
teastore-db,unknown,1,0,1,0,1,0,0,0,1,0.0,0.024445560452939406,0.04950980996662112,0.0,0,0,0.0,0,0.00137053067268619,104.6,4029.0,1.0,0.00828398576011133,TeaStore,deployment,0.6384131909291102,1,29,50,0,0.02,0.0,0
teastore-db,unknown,1,0,1,0,0,0,0,1,0,0.0,0.03260488952860507,0.03770806237036039,0.0,1,0,0.0,0,0.0023890162739319395,104.6,4029.0,1.0,0.006754495465201241,TeaStore,deployment,0.6230641188580885,0,7,32,0,0.1357,0.0,0
teastore-db,unknown,1,0,1,0,1,0,0,1,0,0.0,0.026223248853710832,0.03688081577229456,0.0,1,0,0.0,0,0.0017758621536389902,104.6,4029.0,1.0,0.006975481634729858,TeaStore,config_change,0.1019320992217627,1,4,6,0,0.1532,0.0,0
teastore-db,unknown,1,0,1,0,1,0,0,1,0,0.0,0.024004989405679123,0.04490303307053572,0.0,1,0,0.0,0,0.001,104.6,4029.0,1.0,0.008331115564493013,TeaStore,deployment,0.6099529099971365,1,3,26,0,0.041,0.0,0
teastore-db,unknown,1,0,1,0,1,0,0,1,0,0.0,0.03044180827277676,0.04502140957696021,0.0,0,0,0.0,0,0.0022442720644383065,104.6,4029.0,1.0,0.007139179989682372,TeaStore,code_change,0.4879118357743966,0,5,2,0,0.3054,0.0,0
teastore-db,unknown,1,0,1,0,1,0,0,0,0,0.0,0.02843060447294602,0.04792729124162193,0.0,1,0,0.0,0,0.001956331154085809,104.6,4029.0,1.0,0.009852352687937306,TeaStore,deployment,0.819424074443493,0,24,48,0,0.1269,0.0,0
teastore-db,unknown,1,0,1,0,0,0,0,0,1,0.0,0.02447732619419359,0.04822339169030043,0.0,1,0,0.0,0,0.0019365322758214158,104.6,4029.0,1.0,0.008581374877099911,TeaStore,deployment,0.6692200179393929,1,16,19,0,0.0333,0.0,0
teastore-db,unknown,1,0,1,0,1,0,0,0,0,0.0,0.03341825330592699,0.038974815016950125,0.0,1,0,0.0,0,0.001688451557044936,104.6,4029.0,1.0,0.01066256596278182,TeaStore,scaling,0.8428603899173325,0,5,57,0,0.1394,0.0,0
teastore-db,unknown,1,0,1,0,0,0,0,1,1,0.0,0.026930518298348662,0.04232917870332592,0.0,0,0,0.0,0,0.0017563619096730711,104.6,4029.0,1.0,0.00718204955451143,TeaStore,config_change,0.47697780539682555,0,2,15,0,0.0755,0.0,0
teastore-db,unknown,1,0,1,0,0,0,0,1,0,0.0,0.029474303364669746,0.03783470192570242,0.0,0,0,0.0,0,0.0018616428873099188,104.6,4029.0,1.0,0.007092982770502717,TeaStore,deployment,0.7044492906052762,0,1,52,0,0.0321,0.0,0
teastore-db,unknown,1,0,1,0,0,0,0,0,0,0.0,0.030100677912976617,0.03994822758982853,0.0,1,0,0.0,0,0.0017493502660608526,104.6,4029.0,1.0,0.008518015331240305,TeaStore,config_change,0.330068942522629,1,16,18,0,0.0366,0.0,0
teastore-db,unknown,1,0,1,0,1,0,0,1,0,0.0,0.02933302062009513,0.03424086724385919,0.0,0,0,0.0,0,0.0013618752605833668,104.6,4029.0,1.0,0.009669593810604997,TeaStore,code_change,0.7111568430853801,0,23,13,0,0.129,0.0,0
teastore-db,unknown,1,0,1,0,0,0,0,0,1,0.0,0.03179337925049147,0.038531380094230724,0.0,0,0,0.0,0,0.0019840046951785668,104.6,4029.0,1.0,0.010770043287618861,TeaStore,deployment,0.2177099397497805,1,10,87,0,0.0575,0.0,0
teastore-db,unknown,1,0,1,0,1,0,0,1,1,0.0,0.025943639659850803,0.0499149645411906,0.0,0,0,0.0,0,0.0018362489336770941,104.6,4029.0,1.0,0.008066284627630786,TeaStore,scaling,0.25445655814458973,1,15,18,0,0.0902,0.0,0
teastore-registry,unknown,1,0,1,0,4,0,0,7,5,0.0,0.0803347571498468,0.1660476476317042,0.0,4,0,0.0,0,0.0017005414531141617,113.3,9746.0,1.0,0.025485584697785828,TeaStore,code_change,0.8105738706602748,0,16,9,0,0.0712,0.0,0
teastore-registry,unknown,1,0,1,0,5,0,0,7,5,0.0,0.10042292231063332,0.22265707083277936,0.0,5,0,0.0,0,0.003406016369543047,113.3,9746.0,1.0,0.02761799605297574,TeaStore,deployment,0.9025624054964775,0,11,20,1,0.1278,0.3053,115
teastore-registry,unknown,1,0,1,0,4,0,0,7,4,0.0,0.09402469080078496,0.24174069260927486,0.0,4,0,0.0,0,0.0015176419489066283,113.3,9746.0,1.0,0.023181446130838904,TeaStore,deployment,0.27569203330948683,0,21,13,1,0.1707,0.3064,72
teastore-registry,unknown,1,0,1,0,5,0,0,7,5,0.0,0.07814605125337923,0.22542018658853508,0.0,4,0,0.0,0,0.0039010989009464494,113.3,9746.0,1.0,0.030207750683383792,TeaStore,code_change,0.3876426114369596,1,16,9,0,0.0528,0.0,0
teastore-registry,unknown,1,0,1,0,4,0,0,8,5,0.0,0.10039481783258455,0.23772033440940046,0.0,5,0,0.0,0,0.0029511891416098535,113.3,9746.0,1.0,0.027028729293105933,TeaStore,scaling,0.18710529943035267,1,21,11,0,0.0313,0.0,0
teastore-registry,unknown,1,0,1,0,5,0,0,8,4,0.0,0.1055679630259626,0.19675402622668692,0.0,4,0,0.0,0,0.0023215167511781206,113.3,9746.0,1.0,0.024666906213260793,TeaStore,code_change,0.7123999617078228,0,15,69,0,0.1803,0.0,0
teastore-registry,unknown,1,0,1,0,4,0,0,6,5,0.0,0.08755172638424227,0.2238571038634894,0.0,4,0,0.0,0,0.0035980086215733104,113.3,9746.0,1.0,0.021823380284155165,TeaStore,deployment,0.4115531218111794,1,29,27,0,0.02,0.0,0
teastore-registry,unknown,1,0,1,0,4,0,0,7,5,0.0,0.07592339054121097,0.16074714039686813,0.0,4,0,0.0,0,0.0036485874187085847,113.3,9746.0,1.0,0.021768722430487452,TeaStore,code_change,0.519440163486878,0,22,37,0,0.1374,0.0,0
teastore-registry,unknown,1,0,1,0,5,0,0,6,5,0.0,0.09154411202119059,0.19254491165518173,0.0,5,0,0.0,0,0.001940761428511284,113.3,9746.0,1.0,0.033288629729962035,TeaStore,config_change,0.7478433136830575,1,18,16,0,0.02,0.0,0
teastore-registry,unknown,1,0,1,0,5,0,0,6,4,0.0,0.0970239124525117,0.20072136816780897,0.0,4,0,0.0,0,0.0014405364165438704,113.3,9746.0,1.0,0.0309980318583115,TeaStore,deployment,0.2513955904206585,1,12,29,0,0.0498,0.0,0
teastore-registry,unknown,1,0,1,0,5,0,0,6,5,0.0,0.0939245935772143,0.16312249517772903,0.0,4,0,0.0,0,0.003399627077914208,113.3,9746.0,1.0,0.03143544401427806,TeaStore,code_change,0.5015058411344002,1,14,2,0,0.3378,0.0,0
teastore-registry,unknown,1,0,1,0,5,0,0,7,5,0.0,0.07883212392853714,0.21683633472854424,0.0,4,0,0.0,0,0.004019952912260825,113.3,9746.0,1.0,0.020922932800545132,TeaStore,deployment,0.37186102095089457,1,6,20,0,0.02,0.0,0
teastore-registry,unknown,1,0,1,0,5,0,0,6,4,0.0,0.07656244560352639,0.21330212195380183,0.0,5,0,0.0,0,0.002732867987986108,113.3,9746.0,1.0,0.022818238431418787,TeaStore,deployment,0.5841620371669439,1,8,18,0,0.0694,0.0,0
teastore-registry,unknown,1,0,1,0,5,0,0,5,4,0.0,0.10471564678287212,0.15231462510270638,0.0,4,0,0.0,0,0.004363810689043486,113.3,9746.0,1.0,0.022743377498171773,TeaStore,scaling,0.544974088502545,1,2,1,0,0.22,0.0,0
teastore-registry,unknown,1,0,1,0,5,0,0,7,5,0.0,0.0689090392432498,0.18913513387005798,0.0,4,0,0.0,0,0.0041435958698509264,113.3,9746.0,1.0,0.02222735526105728,TeaStore,config_change,0.20515685914166099,0,11,53,0,0.1182,0.0,0
teastore-registry,unknown,1,0,1,0,4,0,0,8,4,0.0,0.09503863220289735,0.19239495072741503,0.0,5,0,0.0,0,0.0029975383573894736,113.3,9746.0,1.0,0.02119547554197073,TeaStore,code_change,0.7469746300335337,1,23,27,0,0.02,0.0,0
teastore-registry,unknown,1,0,1,0,4,0,0,6,5,0.0,0.08569844148198956,0.21154884193426576,0.0,4,0,0.0,0,0.0031289399621271213,113.3,9746.0,1.0,0.03305079533450877,TeaStore,code_change,0.5777873875175193,1,10,15,0,0.02,0.0,0
teastore-registry,unknown,1,0,1,0,5,0,0,6,4,0.0,0.076424586177883,0.2404918420344267,0.0,4,0,0.0,0,0.0019060501404024022,113.3,9746.0,1.0,0.02331243578926426,TeaStore,code_change,0.32401117003979857,1,5,37,0,0.118,0.0,0
teastore-registry,unknown,1,0,1,0,4,0,0,6,5,0.0,0.08254537461334374,0.17154107052621403,0.0,4,0,0.0,0,0.002266238386123445,113.3,9746.0,1.0,0.03149807585988123,TeaStore,scaling,0.30225942118335214,1,15,14,0,0.0695,0.0,0
teastore-registry,unknown,1,0,1,0,4,0,0,7,5,0.0,0.1000685456768915,0.18578885307256893,0.0,5,0,0.0,0,0.0037655776922070425,113.3,9746.0,1.0,0.024958672945182284,TeaStore,scaling,0.35674452887811314,1,17,14,0,0.02,0.0,0
teastore-registry,unknown,1,0,1,0,5,0,0,6,4,0.0,0.08659283219918282,0.2326499362301008,0.0,5,0,0.0,0,0.004542782147669176,113.3,9746.0,1.0,0.023656146400241614,TeaStore,scaling,0.1846387097958303,0,13,46,0,0.1502,0.0,0
teastore-registry,unknown,1,0,1,0,5,0,0,7,4,0.0,0.07929328950999073,0.18611375171057246,0.0,5,0,0.0,0,0.004325150787769323,113.3,9746.0,1.0,0.023365958373359315,TeaStore,deployment,0.7304766425184793,1,19,40,0,0.0417,0.0,0
teastore-registry,unknown,1,0,1,0,5,0,0,6,5,0.0,0.07613797921272993,0.2223559291994419,0.0,5,0,0.0,0,0.0033028722429809003,113.3,9746.0,1.0,0.027018128885734523,TeaStore,scaling,0.4046608111063019,1,16,78,0,0.02,0.0,0
teastore-registry,unknown,1,0,1,0,4,0,0,5,5,0.0,0.09316843176274486,0.21095015963905814,0.0,4,0,0.0,0,0.0017221134173362536,113.3,9746.0,1.0,0.03150776304798101,TeaStore,config_change,0.1677711094837603,1,27,58,0,0.0635,0.0,0
teastore-registry,unknown,1,0,1,0,5,0,0,7,4,0.0,0.08938533682798379,0.16283961718022516,0.0,5,0,0.0,0,0.004529855049957276,113.3,9746.0,1.0,0.02110656907183415,TeaStore,code_change,0.5922122227919626,0,2,17,0,0.1006,0.0,0
teastore-registry,unknown,1,0,1,0,5,0,0,6,5,0.0,0.10323515082318438,0.18180064193944004,0.0,4,0,0.0,0,0.0038582367982031595,113.3,9746.0,1.0,0.030396665722362427,TeaStore,scaling,0.4913319638530497,1,15,2,0,0.2334,0.0,0
teastore-registry,unknown,1,0,1,0,5,0,0,6,4,0.0,0.11018255515940557,0.21521083405159366,0.0,4,0,0.0,0,0.0022284018930661745,113.3,9746.0,1.0,0.02578402710023948,TeaStore,code_change,0.4945558027787385,1,29,82,0,0.0776,0.0,0
teastore-registry,unknown,1,0,1,0,5,0,0,6,4,0.0,0.06704317506418175,0.22494955054616758,0.0,5,0,0.0,0,0.004478344580626789,113.3,9746.0,1.0,0.02109607381847654,TeaStore,code_change,0.5418152462589139,0,17,15,0,0.1905,0.0,0
teastore-registry,unknown,1,0,1,0,5,0,0,5,4,0.0,0.0932198867697133,0.20749548855528566,0.0,4,0,0.0,0,0.0023987415471863898,113.3,9746.0,1.0,0.024835211861472202,TeaStore,deployment,0.2081737556562144,1,20,20,0,0.0567,0.0,0
teastore-registry,unknown,1,0,1,0,4,0,0,6,4,0.0,0.10426080280750698,0.20153743307446753,0.0,5,0,0.0,0,0.0028423172427378828,113.3,9746.0,1.0,0.03187081624498487,TeaStore,deployment,0.45114131975504934,1,10,99,0,0.0497,0.0,0
teastore-registry,unknown,1,0,1,0,5,0,0,6,5,0.0,0.10623857495763546,0.21315781094790864,0.0,5,0,0.0,0,0.0021634264656081852,113.3,9746.0,1.0,0.02187440987486672,TeaStore,config_change,0.29616025090739745,1,1,80,0,0.0961,0.0,0
teastore-registry,unknown,1,0,1,0,5,0,0,7,5,0.0,0.10916063725660803,0.18511378135956563,0.0,5,0,0.0,0,0.00230293425619537,113.3,9746.0,1.0,0.021508354855460737,TeaStore,deployment,0.3185508875621486,1,7,38,0,0.1251,0.0,0
teastore-registry,unknown,1,0,1,0,4,0,0,6,5,0.0,0.10895562700710838,0.23486795647085568,0.0,5,0,0.0,0,0.0033021350605270186,113.3,9746.0,1.0,0.02646016331058956,TeaStore,config_change,0.17860623455760632,1,4,15,0,0.0265,0.0,0
teastore-registry,unknown,1,0,1,0,4,0,0,7,4,0.0,0.10292828743249782,0.20456411265935653,0.0,5,0,0.0,0,0.004065637825095505,113.3,9746.0,1.0,0.033039069913090476,TeaStore,config_change,0.107628586384801,1,27,42,0,0.0647,0.0,0
teastore-registry,unknown,1,0,1,0,4,0,0,8,5,0.0,0.07052940290786919,0.22437626742528904,0.0,4,0,0.0,0,0.003925947423314396,113.3,9746.0,1.0,0.025716389130478873,TeaStore,deployment,0.4107137246821588,1,15,90,0,0.0769,0.0,0
teastore-registry,unknown,1,0,1,0,4,0,0,7,4,0.0,0.10457302273447941,0.20988699772268415,0.0,4,0,0.0,0,0.003371935490216114,113.3,9746.0,1.0,0.033167151509615286,TeaStore,config_change,0.2249702878312404,1,5,25,0,0.0754,0.0,0
teastore-registry,unknown,1,0,1,0,5,0,0,5,4,0.0,0.10739752600247998,0.23215557004579926,0.0,5,0,0.0,0,0.0016499354994012967,113.3,9746.0,1.0,0.022096575142927014,TeaStore,deployment,0.1337664226121014,1,2,5,0,0.2304,0.0,0
teastore-registry,unknown,1,0,1,0,4,0,0,7,4,0.0,0.09345875245469965,0.18151993466543492,0.0,5,0,0.0,0,0.004371951450998694,113.3,9746.0,1.0,0.030811938234540655,TeaStore,config_change,0.10964485324523326,1,19,19,0,0.02,0.0,0
teastore-registry,unknown,1,0,1,0,5,0,0,6,4,0.0,0.0869219740384969,0.17096298879513463,0.0,5,0,0.0,0,0.004135688771771615,113.3,9746.0,1.0,0.020978630539437323,TeaStore,deployment,0.4262135640538735,1,16,139,0,0.02,0.0,0
teastore-registry,unknown,1,0,1,0,4,0,0,6,5,0.0,0.07936706006424879,0.24970748769131434,0.0,5,0,0.0,0,0.003948390234020709,113.3,9746.0,1.0,0.03294716467520653,TeaStore,deployment,0.2505407111578021,1,12,21,0,0.0556,0.0,0
teastore-registry,unknown,1,0,1,0,5,0,0,6,4,0.0,0.10515534488612983,0.2396685989505871,0.0,5,0,0.0,0,0.0034261182775296383,113.3,9746.0,1.0,0.027148188360945007,TeaStore,config_change,0.23775629576904206,1,8,11,0,0.0401,0.0,0
teastore-registry,unknown,1,0,1,0,5,0,0,5,5,0.0,0.10304122164862847,0.21716655498036952,0.0,4,0,0.0,0,0.0019970349971851855,113.3,9746.0,1.0,0.032643642193399554,TeaStore,deployment,0.20644336647218292,1,21,59,0,0.0507,0.0,0
teastore-registry,unknown,1,0,1,0,5,0,0,5,5,0.0,0.0881776635710954,0.21146466324829039,0.0,5,0,0.0,0,0.003075474122197008,113.3,9746.0,1.0,0.029966298780609565,TeaStore,deployment,0.6744031518795669,0,9,29,0,0.1962,0.0,0
teastore-registry,unknown,1,0,1,0,5,0,0,5,4,0.0,0.10227172974051192,0.22526266574342824,0.0,4,0,0.0,0,0.0036869413602589975,113.3,9746.0,1.0,0.02923906334478134,TeaStore,deployment,0.3182468449079502,1,28,11,0,0.1645,0.0,0
teastore-registry,unknown,1,0,1,0,4,0,0,7,5,0.0,0.09394396373839398,0.20043724931391524,0.0,4,0,0.0,0,0.002017050441760788,113.3,9746.0,1.0,0.02959342287048788,TeaStore,deployment,0.6500069378208557,1,24,4,0,0.2775,0.0,0
teastore-registry,unknown,1,0,1,0,4,0,0,7,5,0.0,0.09994699808396233,0.15333436978589587,0.0,4,0,0.0,0,0.00399133125686201,113.3,9746.0,1.0,0.022288027407258982,TeaStore,config_change,0.02487559315808932,0,16,88,1,0.1452,0.1527,57
teastore-registry,unknown,1,0,1,0,4,0,0,6,5,0.0,0.10239989539245437,0.18960718539166901,0.0,5,0,0.0,0,0.0035299881191747404,113.3,9746.0,1.0,0.023730646895135186,TeaStore,deployment,0.5781806125772154,0,23,8,0,0.1195,0.0,0
teastore-registry,unknown,1,0,1,0,5,0,0,8,5,0.0,0.06728977027668245,0.20379147001977388,0.0,4,0,0.0,0,0.0027592424596681745,113.3,9746.0,1.0,0.027781330264229482,TeaStore,scaling,0.7608008874319988,1,9,14,0,0.0941,0.0,0
teastore-registry,unknown,1,0,1,0,5,0,0,6,5,0.0,0.06946447467453276,0.1743383279260609,0.0,4,0,0.0,0,0.0034096683145639897,113.3,9746.0,1.0,0.023563042993180728,TeaStore,scaling,0.20891267608779454,0,29,61,0,0.1392,0.0,0
teastore-registry,unknown,1,0,1,0,5,0,0,6,4,0.0,0.068798189738833,0.1978222114883118,0.0,5,0,0.0,0,0.0013517534594748941,113.3,9746.0,1.0,0.029521250105613277,TeaStore,deployment,0.12870667037621183,1,27,0,0,0.3544,0.0,0
teastore-persistence,unknown,0,1,0,1,0,2,2,0,3,0.0,0.02067231886068632,0.0,0.13784786942235738,0,3,3.0,1,0.05,1003.6,3360.0,1.0,1.0,TeaStore,deployment,0.14744171302355302,0,29,28,1,0.46,0.63,146
teastore-persistence,unknown,0,1,0,1,0,3,2,0,3,0.0,0.01865674654340667,0.0,0.13457874806933742,0,3,3.0,1,0.05,1003.6,3360.0,1.0,0.7420864460827286,TeaStore,deployment,0.0715555942691108,0,5,135,0,0.506,0.0,0
teastore-persistence,unknown,0,1,0,1,0,2,2,0,2,0.0,0.021531129936402695,0.0,0.12049109299721221,0,2,3.0,1,0.043291578926760416,1003.6,3360.0,1.0,0.6855571412587398,TeaStore,deployment,0.3607665518109365,1,22,38,1,0.4133,0.6127,108
teastore-persistence,unknown,0,1,0,1,0,3,2,0,3,0.0,0.019200845963675328,0.0,0.1490505985736929,0,3,3.0,1,0.05,1003.6,3360.0,1.0,1.0,TeaStore,code_change,0.7078228077338974,1,13,2,0,0.5929,0.0,0
teastore-persistence,unknown,0,1,0,1,0,3,2,0,2,0.0,0.02253250239288923,0.0,0.11114078470968056,0,2,3.0,1,0.05,1003.6,3360.0,1.0,0.9065120786059367,TeaStore,code_change,0.5344928695189736,0,11,9,0,0.4466,0.0,0
teastore-persistence,unknown,0,1,0,1,0,3,2,0,3,0.0,0.02637232068536834,0.0,0.1222492891700515,0,3,3.0,1,0.035534495794655376,1003.6,3360.0,1.0,0.9063153179601069,TeaStore,config_change,0.3130910846736385,0,9,37,0,0.4067,0.0,0
teastore-persistence,unknown,0,1,0,1,0,3,3,0,2,0.0,0.021578575179989384,0.0,0.10137533586586302,0,2,3.0,1,0.041562718714035427,1003.6,3360.0,1.0,1.0,TeaStore,config_change,0.0318770318458259,1,3,48,1,0.4008,0.4392,139
teastore-persistence,unknown,0,1,0,1,0,2,3,0,2,0.0,0.026198518761536994,0.0,0.1481323883209563,0,2,3.0,1,0.05,1003.6,3360.0,1.0,1.0,TeaStore,deployment,0.6392093905471841,1,1,1,1,0.7061,0.82,169
teastore-persistence,unknown,0,1,0,1,0,3,3,0,3,0.0,0.019655310806912588,0.0,0.11439369020541955,0,2,3.0,1,0.05,1003.6,3360.0,1.0,0.7086824722349752,TeaStore,deployment,0.9348973881390575,1,20,10,0,0.3725,0.0,0
teastore-persistence,unknown,0,1,0,1,0,3,2,0,3,0.0,0.028884328060360884,0.0,0.13508245592148063,0,3,3.0,1,0.05,1003.6,3360.0,1.0,0.7181821415795117,TeaStore,code_change,0.924075320858939,0,25,54,0,0.5054,0.0,0
teastore-persistence,unknown,0,1,0,1,0,2,2,0,3,0.0,0.02418050595371481,0.0,0.14835716779337835,0,3,3.0,1,0.05,1003.6,3360.0,1.0,1.0,TeaStore,scaling,0.35714675623690934,1,1,175,1,0.4449,0.7264,139
teastore-persistence,unknown,0,1,0,1,0,2,3,0,3,0.0,0.0217592100756103,0.0,0.12267287122274863,0,2,3.0,1,0.04395913850989282,1003.6,3360.0,1.0,1.0,TeaStore,deployment,0.32855796406017884,1,3,61,1,0.5778,0.5372,164
teastore-persistence,unknown,0,1,0,1,0,3,3,0,3,0.0,0.022248429755527873,0.0,0.11562936246898046,0,3,3.0,1,0.02725319663768155,1003.6,3360.0,1.0,0.6915124037921866,TeaStore,config_change,0.4058008070320599,0,14,6,1,0.5077,0.6001,117
teastore-persistence,unknown,0,1,0,1,0,3,3,0,3,0.0,0.02001927578010336,0.0,0.10875975260075463,0,2,3.0,1,0.05,1003.6,3360.0,1.0,0.7392791898235228,TeaStore,config_change,0.26214197257588195,0,11,27,1,0.4916,0.5566,101
teastore-persistence,unknown,0,1,0,1,0,2,3,0,3,0.0,0.02883039573384554,0.0,0.1420069672269394,0,2,3.0,1,0.02541558420422197,1003.6,3360.0,1.0,0.9270649356160693,TeaStore,code_change,0.4416597615858175,1,17,13,0,0.2787,0.0,0
teastore-persistence,unknown,0,1,0,1,0,2,2,0,2,0.0,0.01996747355838561,0.0,0.09689136416011059,0,2,3.0,1,0.05,1003.6,3360.0,1.0,0.7431146522371566,TeaStore,config_change,0.3890278576616729,1,14,16,0,0.4078,0.0,0
teastore-persistence,unknown,0,1,0,1,0,2,3,0,3,0.0,0.025608786574606433,0.0,0.10100899226160137,0,2,3.0,1,0.026606871718098474,1003.6,3360.0,1.0,0.9539054408273769,TeaStore,config_change,0.6098562590658426,1,15,50,0,0.2591,0.0,0
teastore-persistence,unknown,0,1,0,1,0,2,3,0,3,0.0,0.01843300394479875,0.0,0.11862036758146373,0,2,3.0,1,0.03599062383383828,1003.6,3360.0,1.0,0.7235772292330304,TeaStore,config_change,0.41888028639270375,1,25,39,0,0.2577,0.0,0
teastore-persistence,unknown,0,1,0,1,0,2,2,0,2,0.0,0.02499860089483186,0.0,0.11982784820905276,0,2,3.0,1,0.05,1003.6,3360.0,1.0,0.7796095020945023,TeaStore,deployment,0.7606463566321551,0,15,0,0,0.7312,0.0,0
teastore-persistence,unknown,0,1,0,1,0,3,2,0,3,0.0,0.02594425535137364,0.0,0.11160540574881304,0,3,3.0,1,0.05,1003.6,3360.0,1.0,0.8966782832258503,TeaStore,deployment,0.780806672471159,0,21,51,0,0.4584,0.0,0
teastore-persistence,unknown,0,1,0,1,0,2,2,0,3,0.0,0.02670669934296157,0.0,0.11273289416411732,0,2,3.0,1,0.05,1003.6,3360.0,1.0,0.7706909872408444,TeaStore,deployment,0.5551926887715559,1,27,11,0,0.4357,0.0,0
teastore-persistence,unknown,0,1,0,1,0,3,2,0,2,0.0,0.023758068090277338,0.0,0.12123420641219286,0,2,3.0,1,0.045376764912899666,1003.6,3360.0,1.0,0.9273057326372628,TeaStore,deployment,0.2606468847368213,0,25,136,1,0.5125,0.5142,113
teastore-persistence,unknown,0,1,0,1,0,2,2,0,2,0.0,0.019110205019100258,0.0,0.09289992838733946,0,2,3.0,1,0.05,1003.6,3360.0,1.0,0.9339871652638283,TeaStore,deployment,0.197173243437562,1,11,27,0,0.3935,0.0,0
teastore-persistence,unknown,0,1,0,1,0,3,2,0,2,0.0,0.018023615298191558,0.0,0.14903569210209705,0,3,3.0,1,0.03520062128463201,1003.6,3360.0,1.0,0.9174581222192791,TeaStore,scaling,0.1706228938693865,1,13,33,1,0.3169,0.7547,147
teastore-persistence,unknown,0,1,0,1,0,2,2,0,3,0.0,0.021621926295630988,0.0,0.10319912970828667,0,2,3.0,1,0.03825608705243574,1003.6,3360.0,1.0,0.6853468786387484,TeaStore,config_change,0.2389717706514922,1,1,47,0,0.2077,0.0,0
teastore-persistence,unknown,0,1,0,1,0,2,2,0,3,0.0,0.021554954731965913,0.0,0.1499793785373803,0,2,3.0,1,0.05,1003.6,3360.0,1.0,1.0,TeaStore,deployment,0.5625385483052545,0,23,57,1,0.4847,0.4735,112
teastore-persistence,unknown,0,1,0,1,0,3,2,0,3,0.0,0.024025386367751523,0.0,0.12126478176624099,0,3,3.0,1,0.05,1003.6,3360.0,1.0,1.0,TeaStore,deployment,0.34015846468425553,1,3,34,0,0.4956,0.0,0
teastore-persistence,unknown,0,1,0,1,0,3,3,0,3,0.0,0.025683631162550326,0.0,0.1417844399154344,0,2,3.0,1,0.05,1003.6,3360.0,1.0,0.7621099788494341,TeaStore,code_change,0.7111428581253629,1,13,35,0,0.3572,0.0,0
teastore-persistence,unknown,0,1,0,1,0,2,2,0,3,0.0,0.026213104188896007,0.0,0.1338774231639533,0,3,3.0,1,0.05,1003.6,3360.0,1.0,1.0,TeaStore,code_change,0.550330798960414,0,27,19,1,0.4811,0.6073,109
teastore-persistence,unknown,0,1,0,1,0,2,3,0,3,0.0,0.017879781289349323,0.0,0.12302299411850237,0,2,3.0,1,0.05,1003.6,3360.0,1.0,0.9615736748521169,TeaStore,config_change,0.4342930177726528,1,21,126,1,0.4151,0.3691,128
teastore-persistence,unknown,0,1,0,1,0,3,2,0,3,0.0,0.02026726626754495,0.0,0.1471732567730916,0,3,3.0,1,0.03579301439987994,1003.6,3360.0,1.0,0.7415792427868954,TeaStore,config_change,0.12077113853493082,1,12,16,0,0.1498,0.0,0
teastore-persistence,unknown,0,1,0,1,0,2,3,0,3,0.0,0.023565390950744017,0.0,0.1278026832384812,0,3,3.0,1,0.05,1003.6,3360.0,1.0,0.8952376268040693,TeaStore,code_change,0.6268500676800005,1,17,47,1,0.4858,0.3045,91
teastore-persistence,unknown,0,1,0,1,0,3,3,0,3,0.0,0.02637124446634817,0.0,0.09969143533795567,0,3,3.0,1,0.05,1003.6,3360.0,1.0,0.8544740677852033,TeaStore,code_change,0.8582700191805982,0,26,2,0,0.7221,0.0,0
teastore-persistence,unknown,0,1,0,1,0,2,3,0,2,0.0,0.024875764581028557,0.0,0.11270628528290697,0,3,3.0,1,0.05,1003.6,3360.0,1.0,0.7815070840638443,TeaStore,code_change,0.6108476471090799,0,26,11,1,0.4787,0.7392,121
teastore-persistence,unknown,0,1,0,1,0,2,2,0,2,0.0,0.02294306651310148,0.0,0.1417218524576106,0,2,3.0,1,0.05,1003.6,3360.0,1.0,0.9509115983891365,TeaStore,deployment,0.6817879653265622,0,11,1,1,0.7116,0.3392,104
teastore-persistence,unknown,0,1,0,1,0,3,2,0,3,0.0,0.029348858445635142,0.0,0.11387148109423535,0,2,3.0,1,0.0287109832632767,1003.6,3360.0,1.0,1.0,TeaStore,deployment,0.3367872951581585,1,15,10,1,0.2257,0.5072,153
teastore-persistence,unknown,0,1,0,1,0,3,3,0,3,0.0,0.022596384529612563,0.0,0.11933360298727437,0,2,3.0,1,0.03652982196954585,1003.6,3360.0,1.0,0.9169388473544315,TeaStore,config_change,0.3888117089859088,1,19,12,1,0.247,0.5234,132
teastore-persistence,unknown,0,1,0,1,0,2,2,0,3,0.0,0.02102075001871939,0.0,0.12951038683154376,0,2,3.0,1,0.04918721692256832,1003.6,3360.0,1.0,0.7328258470831791,TeaStore,deployment,0.7389279172035146,0,17,22,1,0.5094,0.4881,111
teastore-persistence,unknown,0,1,0,1,0,2,2,0,3,0.0,0.022848518487024842,0.0,0.10098740758707106,0,3,3.0,1,0.03285699494624093,1003.6,3360.0,1.0,1.0,TeaStore,scaling,0.3747224907117288,1,21,46,1,0.2277,0.6896,136
teastore-persistence,unknown,0,1,0,1,0,3,2,0,2,0.0,0.024880540805772882,0.0,0.09091334828948945,0,3,3.0,1,0.05,1003.6,3360.0,1.0,0.9980639252704316,TeaStore,config_change,0.33570272417351554,1,28,25,1,0.4348,0.9945,177
teastore-persistence,unknown,0,1,0,1,0,3,3,0,2,0.0,0.019253672032589014,0.0,0.13505839558002633,0,2,3.0,1,0.03666062492261828,1003.6,3360.0,1.0,1.0,TeaStore,code_change,0.8223433971835539,1,2,110,0,0.3219,0.0,0
teastore-persistence,unknown,0,1,0,1,0,2,2,0,3,0.0,0.025656164169939627,0.0,0.11822789895705614,0,3,3.0,1,0.03607834805684265,1003.6,3360.0,1.0,1.0,TeaStore,config_change,0.5838525322846784,1,6,15,0,0.2501,0.0,0
teastore-persistence,unknown,0,1,0,1,0,3,3,0,3,0.0,0.023361079097000807,0.0,0.10565013695898094,0,2,3.0,1,0.032388915053761784,1003.6,3360.0,1.0,0.6906571127510149,TeaStore,code_change,0.49741200500220356,1,4,131,0,0.27,0.0,0
teastore-persistence,unknown,0,1,0,1,0,3,3,0,3,0.0,0.02841509747724614,0.0,0.09240810302609656,0,3,3.0,1,0.05,1003.6,3360.0,1.0,1.0,TeaStore,code_change,0.8075408355036999,0,6,32,1,0.4883,0.6139,140
teastore-persistence,unknown,0,1,0,1,0,2,3,0,2,0.0,0.020801053600363183,0.0,0.123211737726968,0,2,3.0,1,0.05,1003.6,3360.0,1.0,0.7156114010671416,TeaStore,scaling,0.4559214473685032,1,19,2,1,0.7372,0.6624,189
teastore-persistence,unknown,0,1,0,1,0,2,2,0,3,0.0,0.025067296009574386,0.0,0.1033543866773181,0,2,3.0,1,0.05,1003.6,3360.0,1.0,1.0,TeaStore,config_change,0.2581837018008013,1,25,44,0,0.4488,0.0,0
teastore-persistence,unknown,0,1,0,1,0,2,3,0,3,0.0,0.029369825485681338,0.0,0.13612265452604486,0,3,3.0,1,0.045880484874114086,1003.6,3360.0,1.0,1.0,TeaStore,code_change,0.6599000924078596,0,13,33,1,0.5198,0.2531,110
teastore-persistence,unknown,0,1,0,1,0,3,3,0,2,0.0,0.02634834010398212,0.0,0.14853912788347629,0,3,3.0,1,0.044953624176652655,1003.6,3360.0,1.0,1.0,TeaStore,deployment,0.26455377844252015,1,6,10,0,0.3245,0.0,0
teastore-persistence,unknown,0,1,0,1,0,2,3,0,3,0.0,0.027084878505189154,0.0,0.09644995925953453,0,3,3.0,1,0.05,1003.6,3360.0,1.0,0.8041745231409566,TeaStore,config_change,0.1875954858653094,1,28,28,0,0.436,0.0,0
teastore-persistence,unknown,0,1,0,1,0,3,3,0,2,0.0,0.028038743242665705,0.0,0.14351564868756336,0,2,3.0,1,0.05,1003.6,3360.0,1.0,1.0,TeaStore,deployment,0.7376257362009842,1,1,29,1,0.4849,0.7756,171
teastore-auth,unknown,1,1,0,0,0,1,1,0,2,0.0012013420811561872,0.027210067248912017,0.036435938171752176,0.07341847656564623,1,2,2.0,1,0.037406282726399454,704.8,4029.0,1.0,0.6706143900708417,TeaStore,code_change,0.6239521144318404,1,12,7,0,0.3237,0.0,0
teastore-auth,unknown,1,1,0,0,1,1,1,0,3,0.001288083472885788,0.034047695333543494,0.0421965343088492,0.08319336934681452,0,2,2.0,1,0.028335181066824124,704.8,4029.0,1.0,0.7615021052942361,TeaStore,scaling,0.6109218530389476,1,1,21,0,0.1779,0.0,0
teastore-auth,unknown,1,1,0,0,0,2,2,0,2,0.0008861126454571748,0.02400487088655136,0.04009230220198925,0.08566845929137153,1,1,2.0,1,0.047443539032109294,704.8,4029.0,1.0,0.5573245612891207,TeaStore,deployment,0.6744982518715612,1,17,7,1,0.3607,0.2328,89
teastore-auth,unknown,1,1,0,0,0,1,1,0,2,0.0012454900935128593,0.033391731443360204,0.04699822870184276,0.06862893961862439,1,2,2.0,1,0.05,704.8,4029.0,1.0,0.6874170098163735,TeaStore,scaling,0.15602059546026428,1,11,9,0,0.3148,0.0,0
teastore-auth,unknown,1,1,0,0,1,2,1,1,2,0.0010858353338792125,0.025959461525129724,0.033197373104742356,0.07891935066608535,0,2,2.0,1,0.05,704.8,4029.0,1.0,0.690115089312849,TeaStore,code_change,0.5296406148779128,1,22,173,0,0.3913,0.0,0
teastore-auth,unknown,1,1,0,0,1,1,1,0,2,0.001336755908073261,0.03690674082857421,0.03109527555051651,0.06319597603807575,0,2,2.0,1,0.027272005621960162,704.8,4029.0,1.0,0.5322613124375648,TeaStore,config_change,0.3529974704866082,1,11,2,1,0.4775,0.7089,112
teastore-auth,unknown,1,1,0,0,1,1,2,0,3,0.0010662544991253305,0.036514275644434054,0.034902960397949025,0.07593240228053533,1,1,2.0,1,0.05,704.8,4029.0,1.0,0.5578802009329223,TeaStore,scaling,0.34963952848516966,1,25,87,0,0.4381,0.0,0
teastore-auth,unknown,1,1,0,0,0,1,2,0,2,0.0010328724173165396,0.03604248244814125,0.04805729587583282,0.0799800707999582,0,2,2.0,1,0.05,704.8,4029.0,1.0,0.5938161013963519,TeaStore,deployment,0.7584590065250628,1,28,34,0,0.3645,0.0,0
teastore-auth,unknown,1,1,0,0,1,2,1,0,3,0.0008383683878814608,0.0350681460210395,0.03570137680944584,0.06039551460067683,1,1,2.0,1,0.03943214765166323,704.8,4029.0,1.0,0.7030215104877172,TeaStore,config_change,0.4189805823806842,1,5,2,0,0.3955,0.0,0
teastore-auth,unknown,1,1,0,0,1,1,1,0,3,0.0012165303560987373,0.03202912438898094,0.044971714534236054,0.06602401093710372,1,1,2.0,1,0.0442317939270078,704.8,4029.0,1.0,0.7446896277563284,TeaStore,code_change,0.9213344353846459,0,22,1,1,0.6289,0.3949,106
teastore-auth,unknown,1,1,0,0,0,1,2,1,2,0.0010318714884161668,0.034800362046302574,0.04303304322301432,0.06937605814894943,0,2,2.0,1,0.044606328152759785,704.8,4029.0,1.0,0.5020083387756615,TeaStore,deployment,0.44100017944060715,1,24,4,1,0.5519,0.6078,104
teastore-auth,unknown,1,1,0,0,1,2,2,1,3,0.0012661360389985608,0.03231427178812372,0.03157909653863136,0.0890695652691851,1,2,2.0,1,0.05,704.8,4029.0,1.0,0.6736112784174949,TeaStore,deployment,0.21614865500516436,0,19,3,0,0.6453,0.0,0
teastore-auth,unknown,1,1,0,0,1,2,1,1,2,0.0008744009536920821,0.029172890951067898,0.03674635652019348,0.09140724082893108,1,2,2.0,1,0.04718067223122044,704.8,4029.0,1.0,0.5826371417492134,TeaStore,scaling,0.2962938873265542,0,9,11,1,0.5269,0.761,142
teastore-auth,unknown,1,1,0,0,0,2,2,0,2,0.0010008414084663976,0.03269383250741066,0.037347745783039156,0.09443161524121858,0,2,2.0,1,0.025429076080849027,704.8,4029.0,1.0,0.6508345712669815,TeaStore,deployment,0.7090718387167722,1,7,10,1,0.315,0.5726,138
teastore-auth,unknown,1,1,0,0,0,1,2,1,2,0.0013766065877280195,0.03529192165363989,0.03552454627130547,0.08838316775513061,1,2,2.0,1,0.04927324042121761,704.8,4029.0,1.0,0.690299754902728,TeaStore,deployment,0.6696344033893835,0,4,12,1,0.5089,0.3156,106
teastore-auth,unknown,1,1,0,0,0,1,2,0,3,0.000993357783213796,0.03504131179053808,0.0331862147105003,0.07008187438688282,1,2,2.0,1,0.03554948861132959,704.8,4029.0,1.0,0.6968883723972811,TeaStore,code_change,0.6183191024782967,1,21,32,1,0.214,0.5641,115
teastore-auth,unknown,1,1,0,0,1,2,1,1,3,0.00130107701702359,0.03120286210766554,0.03646646199053498,0.0791423486032141,0,2,2.0,1,0.03401952699811509,704.8,4029.0,1.0,0.6137419689892579,TeaStore,deployment,0.699052600898455,1,17,7,1,0.2716,0.7339,103
teastore-auth,unknown,1,1,0,0,1,1,1,1,2,0.0011108122967627189,0.03404517050635592,0.04010382457505538,0.08371621365621053,0,2,2.0,1,0.04359876023440111,704.8,4029.0,1.0,0.6895179615002475,TeaStore,scaling,0.6102459260685725,1,25,21,0,0.4079,0.0,0
teastore-auth,unknown,1,1,0,0,0,1,2,0,2,0.0010858130593563611,0.02998118844639301,0.043396100824766394,0.07017555233132196,0,2,2.0,1,0.022546812157480743,704.8,4029.0,1.0,0.6868263864508032,TeaStore,code_change,0.6132660194402383,0,26,58,0,0.418,0.0,0
teastore-auth,unknown,1,1,0,0,1,1,2,1,3,0.0009330182067419252,0.026074490187330643,0.030239573789403288,0.0740128748842489,1,1,2.0,1,0.030351000910825345,704.8,4029.0,1.0,0.4854819355183931,TeaStore,code_change,0.7006586552933326,1,6,55,0,0.2339,0.0,0
teastore-auth,unknown,1,1,0,0,0,2,1,1,3,0.0009565419498782631,0.02911506910920786,0.04951266130731011,0.08431092895509608,1,2,2.0,1,0.036301228630001806,704.8,4029.0,1.0,0.6957348153128801,TeaStore,code_change,0.5569490354848455,1,10,48,0,0.296,0.0,0
teastore-auth,unknown,1,1,0,0,1,2,1,1,3,0.001265820460620119,0.035659468745896934,0.03625765825191866,0.08726426360673237,0,2,2.0,1,0.04970452196055341,704.8,4029.0,1.0,0.5502972514399774,TeaStore,config_change,0.03738129097630601,0,18,56,1,0.584,0.5854,112
teastore-auth,unknown,1,1,0,0,1,1,1,1,2,0.0009563893227828724,0.03676137632869947,0.03982366400859206,0.0871553346755721,1,2,2.0,1,0.027399211552577775,704.8,4029.0,1.0,0.5019859454594688,TeaStore,config_change,0.5214192098142244,1,1,31,1,0.1587,0.4724,76
teastore-auth,unknown,1,1,0,0,0,1,2,0,2,0.0012740086311184256,0.03306662405353124,0.03821058227893432,0.08015927702745451,1,1,2.0,1,0.046115692863163985,704.8,4029.0,1.0,0.752497054031869,TeaStore,scaling,0.6042345423106326,1,3,69,0,0.3618,0.0,0
teastore-auth,unknown,1,1,0,0,0,1,1,1,3,0.0009336869727486199,0.03434163680992686,0.03236117799523629,0.06959366993923558,0,1,2.0,1,0.041059291820009426,704.8,4029.0,1.0,0.5174038201329668,TeaStore,code_change,0.4979660524041512,0,3,6,1,0.7282,0.7024,106
teastore-auth,unknown,1,1,0,0,1,1,1,1,2,0.0013448269117609286,0.030376532322520328,0.04279376204290858,0.060119205231293237,1,2,2.0,1,0.02836830600867094,704.8,4029.0,1.0,0.5347331087915839,TeaStore,deployment,0.558320271204287,1,29,4,1,0.559,0.3393,81
teastore-auth,unknown,1,1,0,0,1,1,1,0,3,0.001065668213523725,0.029006822765659954,0.04380525218370803,0.08960022154436184,1,2,2.0,1,0.05,704.8,4029.0,1.0,0.6131150267211146,TeaStore,scaling,0.6393984698873308,0,17,69,1,0.534,0.7467,81
teastore-auth,unknown,1,1,0,0,0,1,2,0,2,0.0012372793487297968,0.023178680179101598,0.034533804533370266,0.09887290801047845,1,2,2.0,1,0.041721172760348355,704.8,4029.0,1.0,0.7041242969130196,TeaStore,deployment,0.43630510366360714,1,5,23,0,0.4044,0.0,0
teastore-auth,unknown,1,1,0,0,1,1,2,1,3,0.0009005320898636151,0.03805367445452572,0.03975201642797412,0.06952856211316591,1,1,2.0,1,0.02769962000319854,704.8,4029.0,1.0,0.6922476689920907,TeaStore,code_change,0.5853150779516079,1,15,5,0,0.484,0.0,0
teastore-auth,unknown,1,1,0,0,1,2,1,1,3,0.0009149655533033312,0.0281753829933924,0.04818447859099268,0.09645232652650282,0,2,2.0,1,0.0480039902110977,704.8,4029.0,1.0,0.6329739965166343,TeaStore,code_change,0.5096141004933695,0,13,46,1,0.5065,0.5877,144
teastore-auth,unknown,1,1,0,0,0,1,1,1,3,0.0013031137750546518,0.036026709482946666,0.04154354390742685,0.08073009245652839,1,2,2.0,1,0.05,704.8,4029.0,1.0,0.5814075512604874,TeaStore,deployment,0.16835694628259948,0,23,48,1,0.4706,0.3324,98
teastore-auth,unknown,1,1,0,0,0,2,2,0,2,0.0008504337954186155,0.031907102355629616,0.04188928097054472,0.09714167053709527,0,2,2.0,1,0.028374077022315772,704.8,4029.0,1.0,0.5448717692292316,TeaStore,config_change,0.5604447063739288,1,27,16,0,0.2646,0.0,0
teastore-auth,unknown,1,1,0,0,1,1,2,1,3,0.0013746131891686493,0.03354851041230768,0.04122898034622009,0.074679054935858,0,1,2.0,1,0.03255944933413766,704.8,4029.0,1.0,0.47103864536810996,TeaStore,config_change,0.2213603992037168,0,18,69,0,0.4077,0.0,0
teastore-auth,unknown,1,1,0,0,0,1,1,1,2,0.0008344897290832807,0.03775336166884482,0.03464158176376044,0.09668395074332028,0,2,2.0,1,0.02648534088776594,704.8,4029.0,1.0,0.49074949708302434,TeaStore,deployment,0.5931817942199543,1,26,17,0,0.2734,0.0,0
teastore-auth,unknown,1,1,0,0,1,1,1,0,2,0.0011171008988928115,0.026480594290857615,0.03805819232723305,0.07492733839454728,0,2,2.0,1,0.05,704.8,4029.0,1.0,0.7586448623832769,TeaStore,deployment,0.33968856122349333,1,20,10,0,0.4257,0.0,0
teastore-auth,unknown,1,1,0,0,1,1,2,0,2,0.0008866436277017546,0.038145335616343104,0.0450530800242256,0.07750776152898847,1,2,2.0,1,0.019509000080289766,704.8,4029.0,1.0,0.6460414076482188,TeaStore,config_change,0.6021519419459788,0,15,27,0,0.1205,0.0,0
teastore-auth,unknown,1,1,0,0,0,1,2,0,2,0.001231780822163565,0.029541541237667404,0.030398643342394394,0.08584521473468822,1,2,2.0,1,0.020568320950075488,704.8,4029.0,1.0,0.6502369058355778,TeaStore,config_change,0.09979009534407651,1,11,2,0,0.5168,0.0,0
teastore-auth,unknown,1,1,0,0,0,2,2,1,2,0.0013615275589123523,0.028551876695275213,0.04960198206215956,0.08169200296096339,0,2,2.0,1,0.02433364433818269,704.8,4029.0,1.0,0.5314531192074325,TeaStore,deployment,0.4267950704984142,1,23,3,0,0.3593,0.0,0
teastore-auth,unknown,1,1,0,0,0,1,2,1,3,0.0012733801647632943,0.03102278773130617,0.03804234771295915,0.061177700589793264,0,1,2.0,1,0.05,704.8,4029.0,1.0,0.6872825543247609,TeaStore,config_change,0.18523144177136067,1,15,45,0,0.263,0.0,0
teastore-auth,unknown,1,1,0,0,1,1,1,1,3,0.0009572494268455593,0.02717442992051223,0.031002108530099437,0.07900443833933435,1,1,2.0,1,0.04875127985486414,704.8,4029.0,1.0,0.4749839026136438,TeaStore,deployment,0.8171942465894618,1,23,40,0,0.3921,0.0,0
teastore-auth,unknown,1,1,0,0,1,1,1,1,3,0.0008809572046829258,0.026288405495683762,0.03888337561745609,0.0997438946284684,0,2,2.0,1,0.040961477691322815,704.8,4029.0,1.0,0.6065117306054407,TeaStore,config_change,0.24226946200849833,0,8,65,1,0.5358,0.3925,98
teastore-auth,unknown,1,1,0,0,1,2,2,1,2,0.0009876189069547485,0.027578670641522675,0.034476847771267964,0.06579971831279015,1,2,2.0,1,0.018378302615359526,704.8,4029.0,1.0,0.5137695756153633,TeaStore,code_change,0.5137389850116203,1,15,2,1,0.2289,0.5389,134
teastore-auth,unknown,1,1,0,0,0,1,1,1,2,0.0012227738299939593,0.028259699268009163,0.03911736743203869,0.08230980561771585,1,1,2.0,1,0.026514379617188808,704.8,4029.0,1.0,0.666798625971728,TeaStore,code_change,0.32952524100924213,1,5,22,0,0.2375,0.0,0
teastore-auth,unknown,1,1,0,0,0,2,2,0,2,0.001004458528778844,0.02885266889899322,0.036115736279792206,0.08379080669108628,1,2,2.0,1,0.04908608815319858,704.8,4029.0,1.0,0.5589504826280861,TeaStore,config_change,0.2719887973920755,1,15,42,0,0.3355,0.0,0
teastore-auth,unknown,1,1,0,0,0,2,2,1,3,0.001263600532474636,0.0331829689015677,0.04520044838175807,0.09917701583327755,0,2,2.0,1,0.01856579694014561,704.8,4029.0,1.0,0.5889894307845966,TeaStore,config_change,0.2656654970572781,1,24,16,0,0.0666,0.0,0
teastore-auth,unknown,1,1,0,0,0,1,2,1,2,0.001093765965711668,0.03822326952984876,0.033176782954124934,0.09790250559840236,1,1,2.0,1,0.05,704.8,4029.0,1.0,0.7088976901993274,TeaStore,deployment,0.42820597831554547,0,4,16,1,0.4883,0.5235,143
teastore-auth,unknown,1,1,0,0,1,2,2,1,2,0.001324380812910628,0.028180821556316148,0.032500632312172456,0.0840010961071652,1,1,2.0,1,0.05,704.8,4029.0,1.0,0.5721759340664736,TeaStore,config_change,0.06653863930912332,1,20,25,1,0.3916,0.2243,77
teastore-auth,unknown,1,1,0,0,1,1,2,0,3,0.0010531987242901654,0.03656124992978732,0.04040637216487676,0.07390511205755977,1,1,2.0,1,0.026729481998212384,704.8,4029.0,1.0,0.5348712262365147,TeaStore,deployment,0.49421508531865727,1,17,15,0,0.2011,0.0,0
teastore-auth,unknown,1,1,0,0,0,2,1,0,3,0.0012208316723825293,0.036826887851582675,0.04771648582093247,0.0915330958248471,1,2,2.0,1,0.02973165899243856,704.8,4029.0,1.0,0.6024326938128539,TeaStore,config_change,0.6043330508378134,1,18,8,0,0.18,0.0,0
teastore-auth,unknown,1,1,0,0,0,1,1,1,2,0.0009938761090266745,0.033005331387149915,0.03550439846876171,0.09281097175638987,1,2,2.0,1,0.05,704.8,4029.0,1.0,0.5515119955336323,TeaStore,config_change,0.5568058248900678,1,8,28,1,0.335,0.7229,109
teastore-image,unknown,0,1,0,1,0,1,2,0,2,0.0,0.023315294122604944,0.0,0.060681258443520146,0,1,2.0,1,0.05,703.6,3360.0,1.0,0.6319196818451974,TeaStore,deployment,0.7201566421685245,1,12,62,0,0.332,0.0,0
teastore-image,unknown,0,1,0,1,0,2,1,0,2,0.0,0.01847182346247248,0.0,0.06309984086646969,0,1,2.0,1,0.037815636452848835,703.6,3360.0,1.0,0.4728619918231142,TeaStore,scaling,0.42133044207513237,1,13,9,1,0.1732,0.8755,133
teastore-image,unknown,0,1,0,1,0,2,2,0,2,0.0,0.01950846024827766,0.0,0.09770981014002532,0,1,2.0,1,0.05,703.6,3360.0,1.0,0.607872707469549,TeaStore,deployment,0.20079206131629673,1,4,1,1,0.5578,0.6542,97
teastore-image,unknown,0,1,0,1,0,1,2,0,2,0.0,0.025284740147585996,0.0,0.0843111084954759,0,1,2.0,1,0.049931844669809836,703.6,3360.0,1.0,0.5688913737554259,TeaStore,deployment,0.835905159771347,1,9,7,1,0.4415,0.6148,155
teastore-image,unknown,0,1,0,1,0,1,1,0,2,0.0,0.01902592930127996,0.0,0.06457319978651341,0,1,2.0,1,0.04177284659188215,703.6,3360.0,1.0,0.5382789725740257,TeaStore,config_change,0.3454719439363623,0,12,37,1,0.5428,0.2392,71
teastore-image,unknown,0,1,0,1,0,1,1,0,2,0.0,0.018914251941319977,0.0,0.09158545010589611,0,1,2.0,1,0.04350729243552055,703.6,3360.0,1.0,0.7503553042967898,TeaStore,deployment,0.7490921664381,1,26,21,1,0.4093,0.2186,87
teastore-image,unknown,0,1,0,1,0,2,2,0,1,0.0,0.02581029591661485,0.0,0.062186922879102186,0,2,2.0,1,0.05,703.6,3360.0,1.0,0.7444085934012354,TeaStore,config_change,0.6092249428836455,1,26,38,1,0.4054,0.4525,109
teastore-image,unknown,0,1,0,1,0,2,1,0,2,0.0,0.022644344877843895,0.0,0.06776119792958417,0,1,2.0,1,0.05,703.6,3360.0,1.0,0.5740370666400187,TeaStore,scaling,0.8298634752440504,0,12,22,0,0.3788,0.0,0
teastore-image,unknown,0,1,0,1,0,2,2,0,2,0.0,0.025479829126605937,0.0,0.06338599738425643,0,2,2.0,1,0.02034044613350337,703.6,3360.0,1.0,0.7436431677976066,TeaStore,config_change,0.3806115448564883,1,5,6,0,0.494,0.0,0
teastore-image,unknown,0,1,0,1,0,1,1,0,2,0.0,0.022260085434869056,0.0,0.08337350544324487,0,1,2.0,1,0.018271419033524618,703.6,3360.0,1.0,0.6396365056528882,TeaStore,deployment,0.2849677492227272,0,18,21,0,0.06,0.0,0
teastore-image,unknown,0,1,0,1,0,2,1,0,2,0.0,0.017892218270374505,0.0,0.06858590195080792,0,2,2.0,1,0.03997706098837492,703.6,3360.0,1.0,0.48383741072473213,TeaStore,config_change,0.7107997201422708,1,19,3,1,0.4239,0.3769,93
teastore-image,unknown,0,1,0,1,0,2,2,0,1,0.0,0.025171958348500837,0.0,0.06947089045615613,0,2,2.0,1,0.0446563219355633,703.6,3360.0,1.0,0.5901995797477473,TeaStore,deployment,0.31136715582126706,1,6,33,0,0.3665,0.0,0
teastore-image,unknown,0,1,0,1,0,1,2,0,1,0.0,0.02492300713502782,0.0,0.09377893070055389,0,2,2.0,1,0.05,703.6,3360.0,1.0,0.6765988469672014,TeaStore,deployment,0.13016334098503632,0,21,79,0,0.5136,0.0,0
teastore-image,unknown,0,1,0,1,0,2,1,0,1,0.0,0.02686573304523785,0.0,0.08570603332322273,0,1,2.0,1,0.05,703.6,3360.0,1.0,0.7400640559777675,TeaStore,deployment,0.8681609234930214,1,3,8,0,0.3902,0.0,0
teastore-image,unknown,0,1,0,1,0,2,2,0,1,0.0,0.027491074018189413,0.0,0.09175709100939816,0,2,2.0,1,0.03887086197858653,703.6,3360.0,1.0,0.5389795434941127,TeaStore,deployment,0.4070435393744617,1,8,6,0,0.4913,0.0,0
teastore-image,unknown,0,1,0,1,0,2,2,0,1,0.0,0.023445103942372245,0.0,0.06187625641524602,0,1,2.0,1,0.027303980696454865,703.6,3360.0,1.0,0.5772851494462375,TeaStore,code_change,0.4069357273601852,0,12,24,1,0.3178,0.1889,73
teastore-image,unknown,0,1,0,1,0,2,2,0,1,0.0,0.028318111584064342,0.0,0.0670066609559895,0,2,2.0,1,0.03576830356307258,703.6,3360.0,1.0,0.7296948246254611,TeaStore,config_change,0.3652791773943751,1,25,83,1,0.2584,0.4079,92
teastore-image,unknown,0,1,0,1,0,1,2,0,1,0.0,0.029279957129568553,0.0,0.06386348921075782,0,2,2.0,1,0.05,703.6,3360.0,1.0,0.6990842753699544,TeaStore,config_change,0.44446697707731286,1,28,54,0,0.3197,0.0,0
teastore-image,unknown,0,1,0,1,0,2,2,0,2,0.0,0.019633756644293465,0.0,0.07848387296771078,0,1,2.0,1,0.03688503989439305,703.6,3360.0,1.0,0.7147382555015295,TeaStore,config_change,0.09315788858583372,0,20,10,0,0.4142,0.0,0
teastore-image,unknown,0,1,0,1,0,1,2,0,1,0.0,0.023772155227411676,0.0,0.06769782421444964,0,2,2.0,1,0.05,703.6,3360.0,1.0,0.5840846496689953,TeaStore,code_change,0.38642242196377263,1,29,122,1,0.4211,0.5577,116
teastore-image,unknown,0,1,0,1,0,2,1,0,1,0.0,0.02629406601065493,0.0,0.06179680220968543,0,2,2.0,1,0.05,703.6,3360.0,1.0,0.6242055914580289,TeaStore,scaling,0.10807565028632808,1,15,4,0,0.5593,0.0,0
teastore-image,unknown,0,1,0,1,0,1,2,0,1,0.0,0.02920732042810294,0.0,0.07109827979551776,0,2,2.0,1,0.044377729530348804,703.6,3360.0,1.0,0.6165714178755359,TeaStore,deployment,0.8665815940220548,1,10,73,1,0.3071,0.6491,115
teastore-image,unknown,0,1,0,1,0,1,1,0,1,0.0,0.018466369615456557,0.0,0.07101160543067217,0,2,2.0,1,0.03207795785621199,703.6,3360.0,1.0,0.6357917857443871,TeaStore,deployment,0.6899328326728263,0,18,24,1,0.325,0.5123,110
teastore-image,unknown,0,1,0,1,0,2,1,0,2,0.0,0.02312096459277523,0.0,0.08428128953052384,0,2,2.0,1,0.035149574659545595,703.6,3360.0,1.0,0.5390378254030395,TeaStore,code_change,0.6792040215988019,1,14,57,0,0.2836,0.0,0
teastore-image,unknown,0,1,0,1,0,2,2,0,1,0.0,0.025602599928149943,0.0,0.06558218418254258,0,1,2.0,1,0.05,703.6,3360.0,1.0,0.6930362250724241,TeaStore,config_change,0.27206255558582193,1,14,3,1,0.6476,0.6951,123
teastore-image,unknown,0,1,0,1,0,1,1,0,2,0.0,0.029312824923060605,0.0,0.08125219207864776,0,2,2.0,1,0.038462278829825086,703.6,3360.0,1.0,0.4684794367157738,TeaStore,config_change,0.2188701331444194,0,22,35,0,0.3973,0.0,0
teastore-image,unknown,0,1,0,1,0,1,2,0,2,0.0,0.026495962875890965,0.0,0.06802600061910705,0,1,2.0,1,0.01895762791394139,703.6,3360.0,1.0,0.5033515095858215,TeaStore,deployment,0.2925890790787715,0,20,13,0,0.1171,0.0,0
teastore-image,unknown,0,1,0,1,0,1,2,0,1,0.0,0.025947325496806603,0.0,0.08519204430887727,0,2,2.0,1,0.04616101169936837,703.6,3360.0,1.0,0.6363496558625462,TeaStore,config_change,0.18860219001172185,0,7,39,1,0.5634,0.3272,108
teastore-image,unknown,0,1,0,1,0,2,1,0,1,0.0,0.028422829214885894,0.0,0.08395369502289875,0,1,2.0,1,0.037366083192685515,703.6,3360.0,1.0,0.5380808701872154,TeaStore,config_change,0.17409768038600032,1,10,16,0,0.2277,0.0,0
teastore-image,unknown,0,1,0,1,0,2,2,0,2,0.0,0.021180779566750012,0.0,0.09478278979770584,0,2,2.0,1,0.015466861588070167,703.6,3360.0,1.0,0.6450583667479058,TeaStore,deployment,0.7207034832926258,1,4,20,0,0.02,0.0,0
teastore-image,unknown,0,1,0,1,0,2,1,0,2,0.0,0.02639379334573096,0.0,0.06358565072945357,0,1,2.0,1,0.018067416119875324,703.6,3360.0,1.0,0.5464275268851969,TeaStore,deployment,0.4712090786308094,0,10,44,1,0.1378,0.303,81
teastore-image,unknown,0,1,0,1,0,1,2,0,1,0.0,0.019397933359313255,0.0,0.0907651560648712,0,2,2.0,1,0.027134220153272007,703.6,3360.0,1.0,0.7575846499017606,TeaStore,config_change,0.5272417481825403,0,21,20,0,0.3958,0.0,0
teastore-image,unknown,0,1,0,1,0,1,1,0,2,0.0,0.023881283334422573,0.0,0.06960383585113951,0,2,2.0,1,0.05,703.6,3360.0,1.0,0.624256632366259,TeaStore,deployment,0.3145185424669946,1,5,2,1,0.6239,0.6488,139
teastore-image,unknown,0,1,0,1,0,1,1,0,1,0.0,0.02236238838114508,0.0,0.070155153575603,0,1,2.0,1,0.05,703.6,3360.0,1.0,0.47032445224089564,TeaStore,deployment,0.6656377838621446,1,9,32,0,0.2948,0.0,0
teastore-image,unknown,0,1,0,1,0,2,2,0,2,0.0,0.01845638695898267,0.0,0.08907865377844158,0,2,2.0,1,0.04484259688282713,703.6,3360.0,1.0,0.7354636852083022,TeaStore,scaling,0.44537139347596205,0,8,12,1,0.603,0.455,120
teastore-image,unknown,0,1,0,1,0,1,1,0,2,0.0,0.02620241899796554,0.0,0.09766570950949578,0,1,2.0,1,0.04113695009921869,703.6,3360.0,1.0,0.6967173086827101,TeaStore,deployment,0.8271289904785863,1,16,0,1,0.5934,0.2176,88
teastore-image,unknown,0,1,0,1,0,2,1,0,2,0.0,0.022511270092662253,0.0,0.09423358501979678,0,2,2.0,1,0.026400479989210038,703.6,3360.0,1.0,0.6118613244272506,TeaStore,deployment,0.2315100105406223,1,19,97,0,0.2694,0.0,0
teastore-image,unknown,0,1,0,1,0,2,2,0,2,0.0,0.02331782557854863,0.0,0.07993601702648077,0,1,2.0,1,0.043925428646290475,703.6,3360.0,1.0,0.7294647099758673,TeaStore,code_change,0.5362597907293841,0,17,74,0,0.3932,0.0,0
teastore-image,unknown,0,1,0,1,0,1,1,0,2,0.0,0.029021918170961558,0.0,0.08089725252199999,0,1,2.0,1,0.05,703.6,3360.0,1.0,0.7235938271712221,TeaStore,config_change,0.20799673669143634,1,20,3,0,0.5943,0.0,0
teastore-image,unknown,0,1,0,1,0,1,1,0,2,0.0,0.020497768130834974,0.0,0.0661477462507958,0,1,2.0,1,0.040092121057071536,703.6,3360.0,1.0,0.4664680732919401,TeaStore,config_change,0.3725128351394587,1,20,16,1,0.3547,0.6677,156
teastore-image,unknown,0,1,0,1,0,2,2,0,2,0.0,0.023632169560135658,0.0,0.08104363351135045,0,1,2.0,1,0.0489819510019192,703.6,3360.0,1.0,0.6603719128698384,TeaStore,deployment,0.6177986729399365,0,20,16,0,0.4994,0.0,0
teastore-image,unknown,0,1,0,1,0,2,1,0,1,0.0,0.021884758642153106,0.0,0.0855341433661051,0,1,2.0,1,0.01573601174431093,703.6,3360.0,1.0,0.5708336896354825,TeaStore,deployment,0.33522373799989197,1,10,20,0,0.0977,0.0,0
teastore-image,unknown,0,1,0,1,0,2,2,0,1,0.0,0.02294693493650009,0.0,0.08002978432810115,0,1,2.0,1,0.044236305462943847,703.6,3360.0,1.0,0.6480511485793423,TeaStore,deployment,0.8472536366779821,1,3,8,1,0.4364,0.1321,72
teastore-image,unknown,0,1,0,1,0,1,2,0,1,0.0,0.02464233482462263,0.0,0.06561450925544403,0,2,2.0,1,0.029762199415447256,703.6,3360.0,1.0,0.6443667646367368,TeaStore,config_change,0.6352295970319546,1,22,8,1,0.3976,0.5146,89
teastore-image,unknown,0,1,0,1,0,1,2,0,1,0.0,0.02579801235844473,0.0,0.07843480820935257,0,1,2.0,1,0.02555062337743539,703.6,3360.0,1.0,0.7283214211123524,TeaStore,code_change,0.8420992267211335,1,24,4,0,0.4732,0.0,0
teastore-image,unknown,0,1,0,1,0,1,1,0,2,0.0,0.02352802117400291,0.0,0.08822459851002906,0,1,2.0,1,0.019124687990521187,703.6,3360.0,1.0,0.4695838921384694,TeaStore,deployment,0.4072022938385085,1,15,17,0,0.0858,0.0,0
teastore-image,unknown,0,1,0,1,0,2,2,0,2,0.0,0.020414637795484847,0.0,0.0722104971606966,0,1,2.0,1,0.05,703.6,3360.0,1.0,0.661304881591924,TeaStore,config_change,0.19156211412125873,1,10,7,1,0.5018,0.3708,113
teastore-image,unknown,0,1,0,1,0,2,1,0,1,0.0,0.026154828736968432,0.0,0.06124113769672129,0,2,2.0,1,0.03371047620260889,703.6,3360.0,1.0,0.7176732804478801,TeaStore,deployment,0.03944331622701298,1,25,6,0,0.4151,0.0,0
teastore-image,unknown,0,1,0,1,0,1,2,0,2,0.0,0.01857090132300575,0.0,0.0882880349179613,0,2,2.0,1,0.0255493492234876,703.6,3360.0,1.0,0.5642669862277137,TeaStore,scaling,0.7888080272383138,1,12,27,0,0.2304,0.0,0
teastore-image,unknown,0,1,0,1,0,2,2,0,2,0.0,0.018355107501561007,0.0,0.07395664780705735,0,2,2.0,1,0.033986777279177684,703.6,3360.0,1.0,0.6436640398790788,TeaStore,deployment,0.4054977096664469,1,14,12,0,0.2091,0.0,0
teastore-recommender,unknown,1,1,0,0,1,1,1,1,3,0.0012535774281297505,0.03338426342376948,0.03810649415353275,0.08220812355657159,0,2,2.0,1,0.017094655828503075,704.8,4029.0,1.0,0.5347476231785784,TeaStore,code_change,0.8701936908894856,1,3,24,0,0.02,0.0,0
teastore-recommender,unknown,1,1,0,0,0,2,2,1,2,0.0008829552895465258,0.036092446775817175,0.03622313433461618,0.06005801266364509,0,2,2.0,1,0.019598354705506724,704.8,4029.0,1.0,0.5289185392421892,TeaStore,deployment,0.2153287930504029,1,4,63,0,0.02,0.0,0
teastore-recommender,unknown,1,1,0,0,0,2,2,1,3,0.0009856606488606832,0.03178202520539962,0.03618110314945235,0.08979219011886215,0,2,2.0,1,0.017577180776008533,704.8,4029.0,1.0,0.472076402580387,TeaStore,code_change,0.41893234064574536,0,6,95,0,0.0632,0.0,0
teastore-recommender,unknown,1,1,0,0,0,2,1,0,3,0.0013295287882514265,0.02480717739942359,0.04259251436528337,0.06854045472484101,0,1,2.0,1,0.03320687813323016,704.8,4029.0,1.0,0.6422893884911259,TeaStore,deployment,0.6365875478168583,1,16,30,0,0.3037,0.0,0
teastore-recommender,unknown,1,1,0,0,0,1,1,1,3,0.0008949397351356418,0.03669308578358211,0.047853320316458337,0.06442782382782766,1,1,2.0,1,0.036151998962514455,704.8,4029.0,1.0,0.7006510831594313,TeaStore,deployment,0.3877280103758017,1,10,12,0,0.1588,0.0,0
teastore-recommender,unknown,1,1,0,0,1,1,2,1,2,0.0008935415040517521,0.026999494424282643,0.03130927442604042,0.0841052960141881,0,1,2.0,1,0.02012278517193076,704.8,4029.0,1.0,0.7619296853567668,TeaStore,code_change,0.7934973534234794,0,10,2,0,0.5906,0.0,0
teastore-recommender,unknown,1,1,0,0,1,2,2,0,2,0.0008631297450135736,0.024873006136046004,0.04218117832388296,0.0842832785568469,1,1,2.0,1,0.04915479985729613,704.8,4029.0,1.0,0.5368558671800204,TeaStore,code_change,0.5053077666290025,0,9,19,1,0.4512,0.432,83
teastore-recommender,unknown,1,1,0,0,1,1,1,1,3,0.0010800092391237007,0.029428904256494203,0.040851420984076285,0.09928327604301751,0,2,2.0,1,0.05,704.8,4029.0,1.0,0.7054346822895773,TeaStore,deployment,0.790820540715418,1,28,5,1,0.5974,0.5934,112
teastore-recommender,unknown,1,1,0,0,0,2,2,1,2,0.001106950921296452,0.031139344851405897,0.030623461646354617,0.08745204502974493,0,1,2.0,1,0.05,704.8,4029.0,1.0,0.6060934914629752,TeaStore,code_change,0.3871755416674437,1,13,31,0,0.4501,0.0,0
teastore-recommender,unknown,1,1,0,0,1,2,1,0,3,0.001252848216296727,0.03404896409595973,0.03086726600336454,0.09210287621180113,1,2,2.0,1,0.033605690403264714,704.8,4029.0,1.0,0.619974508650772,TeaStore,config_change,0.10573426669230022,1,3,5,0,0.43,0.0,0
teastore-recommender,unknown,1,1,0,0,0,1,1,1,2,0.001384979333507337,0.03167601172714392,0.032779165287670366,0.07088796557106262,0,1,2.0,1,0.021225421801861415,704.8,4029.0,1.0,0.5086857387074919,TeaStore,code_change,0.843974646215546,0,9,31,0,0.3681,0.0,0
teastore-recommender,unknown,1,1,0,0,1,1,1,0,3,0.001277173982103239,0.037831069062070566,0.033624565783675404,0.0958052387926185,1,1,2.0,1,0.05,704.8,4029.0,1.0,0.627326879844084,TeaStore,deployment,0.4305080055353438,1,18,13,1,0.4635,0.5405,113
teastore-recommender,unknown,1,1,0,0,1,2,1,1,2,0.0012197312535263734,0.02683491243822938,0.030438610848707928,0.09791150059151814,1,1,2.0,1,0.05,704.8,4029.0,1.0,0.46249216803222526,TeaStore,deployment,0.7536460325735388,1,11,32,0,0.3376,0.0,0
teastore-recommender,unknown,1,1,0,0,0,1,2,1,2,0.001116263495423563,0.02932437357745883,0.04989788386593491,0.06590561711410235,1,2,2.0,1,0.05,704.8,4029.0,1.0,0.6382820336681575,TeaStore,config_change,0.16057522763039872,1,21,4,1,0.6153,0.6573,121
teastore-recommender,unknown,1,1,0,0,1,1,2,0,2,0.0010820738276007453,0.033758719590818484,0.036443888479525746,0.09377268965625295,0,2,2.0,1,0.05,704.8,4029.0,1.0,0.620622563863235,TeaStore,deployment,0.7236977779633915,1,9,8,0,0.5476,0.0,0
teastore-recommender,unknown,1,1,0,0,0,1,2,0,3,0.0008334415901873901,0.03672636021617652,0.032486731468789304,0.06978049660776185,1,1,2.0,1,0.023784451668620452,704.8,4029.0,1.0,0.5039701917314465,TeaStore,code_change,0.6713716665821997,1,24,39,0,0.2792,0.0,0
teastore-recommender,unknown,1,1,0,0,1,2,2,1,3,0.001202234225955532,0.027472755017501155,0.036261133744327795,0.06498270191018463,0,1,2.0,1,0.05,704.8,4029.0,1.0,0.5851775707223309,TeaStore,deployment,0.7139451467757978,1,26,1,1,0.5788,0.3831,101
teastore-recommender,unknown,1,1,0,0,0,1,2,1,3,0.001387991600004491,0.03131840759903718,0.03840233043918888,0.09638222143101366,1,2,2.0,1,0.019970329650257093,704.8,4029.0,1.0,0.5289262102401329,TeaStore,config_change,0.30120336842331313,1,7,14,0,0.0647,0.0,0
teastore-recommender,unknown,1,1,0,0,0,1,2,1,2,0.0013792320854285603,0.03593630641867358,0.044687415765471875,0.0955510810201179,0,1,2.0,1,0.05,704.8,4029.0,1.0,0.6818227437777581,TeaStore,deployment,0.784361685006104,1,10,9,0,0.4107,0.0,0
teastore-recommender,unknown,1,1,0,0,1,2,2,0,2,0.0008699016766322935,0.03428196412023208,0.03756216608931174,0.09795123097996745,0,2,2.0,1,0.05,704.8,4029.0,1.0,0.5854786163849093,TeaStore,deployment,0.898294962648625,1,23,47,1,0.2994,0.526,89
teastore-recommender,unknown,1,1,0,0,1,1,1,0,3,0.001254169611641919,0.023871562978328077,0.03406415186520862,0.07965053024324847,1,2,2.0,1,0.034495784786707756,704.8,4029.0,1.0,0.5697858209049894,TeaStore,code_change,0.7932365238770568,1,7,21,1,0.2518,0.7149,116
teastore-recommender,unknown,1,1,0,0,0,1,2,1,3,0.001090715249481342,0.03551942125360597,0.033882075343342165,0.063648571150106,1,1,2.0,1,0.033475414450170465,704.8,4029.0,1.0,0.5579775951931694,TeaStore,deployment,0.5407524615601765,1,16,23,1,0.2574,0.4572,99
teastore-recommender,unknown,1,1,0,0,0,2,1,1,3,0.0012744170483917384,0.037501791397216266,0.03461530770966343,0.0846821677848717,1,2,2.0,1,0.04437880363619002,704.8,4029.0,1.0,0.7280950138502577,TeaStore,scaling,0.5096593980625463,1,1,35,1,0.3919,0.5995,133
teastore-recommender,unknown,1,1,0,0,0,1,2,1,3,0.001116546314300869,0.03736929556274311,0.03797318184135218,0.069191858207144,0,2,2.0,1,0.05,704.8,4029.0,1.0,0.5571233273857029,TeaStore,config_change,0.6434725191665673,0,18,37,1,0.5772,0.4694,74
teastore-recommender,unknown,1,1,0,0,0,2,1,0,2,0.0012753986674811542,0.028141951512832553,0.03774222110704716,0.09264764251037226,0,2,2.0,1,0.02097307829178242,704.8,4029.0,1.0,0.5253969382739359,TeaStore,config_change,0.2801321323402924,1,7,42,1,0.2309,0.686,90
teastore-recommender,unknown,1,1,0,0,0,1,1,1,2,0.0011357066079448917,0.028414586179137065,0.04380510718824241,0.07885825363523191,1,2,2.0,1,0.027739165011867788,704.8,4029.0,1.0,0.5578636919141877,TeaStore,scaling,0.6001146299268989,0,6,35,0,0.4188,0.0,0
teastore-recommender,unknown,1,1,0,0,1,1,2,1,3,0.0012396788596452282,0.02711576507185055,0.04143744509018708,0.0696921997878603,1,1,2.0,1,0.03772392607184004,704.8,4029.0,1.0,0.7133393595230855,TeaStore,config_change,0.27911633700662547,1,18,28,1,0.2431,0.6338,160
teastore-recommender,unknown,1,1,0,0,1,1,2,0,2,0.0010155214772422055,0.028410694558061445,0.03672012326197625,0.07994957323249352,0,2,2.0,1,0.05,704.8,4029.0,1.0,0.6717623698318185,TeaStore,deployment,0.5490496398887056,1,20,31,0,0.458,0.0,0
teastore-recommender,unknown,1,1,0,0,1,2,1,1,2,0.0011722601880740815,0.02352735903434773,0.045423633922364565,0.06446824488931886,1,1,2.0,1,0.05,704.8,4029.0,1.0,0.5827598923611104,TeaStore,config_change,0.3046590951986048,0,11,112,1,0.5166,0.3519,87
teastore-recommender,unknown,1,1,0,0,0,2,2,0,2,0.001097611122919707,0.02905876073515024,0.04443619591771434,0.09812016620838883,0,1,2.0,1,0.02376744552451601,704.8,4029.0,1.0,0.6873353683454334,TeaStore,scaling,0.7417545018990843,1,10,25,0,0.287,0.0,0
teastore-recommender,unknown,1,1,0,0,1,1,2,1,3,0.0012057029692854242,0.03013104551201454,0.038769145610828275,0.09439996875127203,1,1,2.0,1,0.027098446447388305,704.8,4029.0,1.0,0.4645841476056409,TeaStore,deployment,0.2812598827798698,0,25,180,0,0.2657,0.0,0
teastore-recommender,unknown,1,1,0,0,0,2,1,0,2,0.0010217090787799413,0.03217675701140099,0.03438803159274762,0.06919573962272316,1,1,2.0,1,0.034419790972750636,704.8,4029.0,1.0,0.6161880629158089,TeaStore,deployment,0.6446759536163078,0,18,58,0,0.3848,0.0,0
teastore-recommender,unknown,1,1,0,0,0,1,1,0,3,0.0011631129753734357,0.031575918496849986,0.0378109529344892,0.08526790371292428,1,1,2.0,1,0.023341313814171476,704.8,4029.0,1.0,0.7464471867808093,TeaStore,deployment,0.5466516166467078,1,22,14,0,0.2994,0.0,0
teastore-recommender,unknown,1,1,0,0,0,1,2,0,2,0.0009332856647837119,0.02944402583272959,0.045090434494697115,0.0936093191819051,0,1,2.0,1,0.01887916072175118,704.8,4029.0,1.0,0.7561667032235329,TeaStore,deployment,0.30011926515192505,0,13,5,0,0.429,0.0,0
teastore-recommender,unknown,1,1,0,0,0,1,2,1,3,0.0011101469440527767,0.029589183226304824,0.04082660155091432,0.09551941196186668,0,1,2.0,1,0.04894347755571883,704.8,4029.0,1.0,0.6505129404816565,TeaStore,config_change,0.42881349668774577,0,24,16,0,0.4796,0.0,0
teastore-recommender,unknown,1,1,0,0,0,1,1,1,3,0.0013742108634453472,0.024730991710971706,0.03973265364089785,0.07633951012725737,0,1,2.0,1,0.027881086782788958,704.8,4029.0,1.0,0.4874286119590015,TeaStore,config_change,0.27467025034379716,1,21,95,0,0.2638,0.0,0
teastore-recommender,unknown,1,1,0,0,0,2,1,1,2,0.0008914023730912756,0.0341050667493107,0.04250526055086668,0.06350938657523568,0,2,2.0,1,0.022399287460179492,704.8,4029.0,1.0,0.5608183826700298,TeaStore,deployment,0.3752000958438106,1,9,15,0,0.2673,0.0,0
teastore-recommender,unknown,1,1,0,0,1,2,1,1,3,0.001372835413327297,0.03350609477722977,0.03204877379532161,0.06978238203725157,0,2,2.0,1,0.028222012042487848,704.8,4029.0,1.0,0.639004413389508,TeaStore,scaling,0.6187163337357077,1,3,27,0,0.2703,0.0,0
teastore-recommender,unknown,1,1,0,0,1,1,2,0,3,0.0012980424336757703,0.024221157584846727,0.040606706975734104,0.0685848109868489,0,2,2.0,1,0.04531927602216942,704.8,4029.0,1.0,0.5611408133762075,TeaStore,deployment,0.11136560473138642,1,19,106,1,0.3875,0.6621,116
teastore-recommender,unknown,1,1,0,0,0,1,2,1,2,0.0013511677555413,0.02645735396090498,0.036395088998254534,0.08987308701852284,0,1,2.0,1,0.05,704.8,4029.0,1.0,0.6812421406102112,TeaStore,deployment,0.7326896095953361,1,1,1,0,0.6076,0.0,0
teastore-recommender,unknown,1,1,0,0,1,1,2,0,3,0.0011804084456238564,0.03629473869155446,0.039121957767838784,0.09233961816764538,0,1,2.0,1,0.034663860070655826,704.8,4029.0,1.0,0.696304527154193,TeaStore,deployment,0.6582692081790885,0,27,11,0,0.3909,0.0,0
teastore-recommender,unknown,1,1,0,0,1,1,1,0,2,0.001219153460787023,0.035491713600740625,0.04802836472758692,0.06425188461246871,1,1,2.0,1,0.024592666247818848,704.8,4029.0,1.0,0.7298695547213468,TeaStore,deployment,0.703463559439924,1,14,100,1,0.2875,0.6902,122
teastore-recommender,unknown,1,1,0,0,0,2,2,1,2,0.0012962373379287598,0.02628067739543212,0.04666547368426237,0.06378243901069873,1,2,2.0,1,0.02469612008716746,704.8,4029.0,1.0,0.5806680574156248,TeaStore,code_change,0.8268244459222437,1,20,0,0,0.461,0.0,0
teastore-recommender,unknown,1,1,0,0,1,2,2,0,2,0.000986317068956474,0.03412062247487966,0.043440747574357154,0.07894095859879846,1,2,2.0,1,0.05,704.8,4029.0,1.0,0.518943760567104,TeaStore,config_change,0.44403025856810535,0,29,4,1,0.7838,0.6488,113
teastore-recommender,unknown,1,1,0,0,0,2,1,1,2,0.001225004152289295,0.03812647553687347,0.03773395419894811,0.07861261897940404,1,2,2.0,1,0.042257450567064384,704.8,4029.0,1.0,0.702906568812729,TeaStore,deployment,0.619534551659321,1,7,0,1,0.514,0.3074,89
teastore-recommender,unknown,1,1,0,0,0,2,1,0,3,0.0009265551484239676,0.026949978816010297,0.04623270639929413,0.08073119049796772,1,2,2.0,1,0.04838748971784572,704.8,4029.0,1.0,0.5956755433484983,TeaStore,config_change,0.23877786727399927,1,18,31,1,0.4042,0.3843,101
teastore-recommender,unknown,1,1,0,0,0,1,1,1,2,0.0010428472776979074,0.03260289212343389,0.04558142897197552,0.09044010511040096,0,2,2.0,1,0.0417720829118406,704.8,4029.0,1.0,0.5719693397438859,TeaStore,config_change,0.1840175649548472,1,20,12,0,0.4238,0.0,0
teastore-recommender,unknown,1,1,0,0,1,1,2,1,2,0.0011246807287455586,0.03394361772472234,0.030807779818249916,0.0825406407682784,0,2,2.0,1,0.030059936803289087,704.8,4029.0,1.0,0.494609927366182,TeaStore,config_change,0.26907337945379944,0,17,4,1,0.5367,0.6898,92
teastore-recommender,unknown,1,1,0,0,1,1,2,0,3,0.0008481362728688069,0.032992350281378875,0.031575390278298025,0.07004902077249292,0,2,2.0,1,0.02844676246263668,704.8,4029.0,1.0,0.6776835715401098,TeaStore,deployment,0.3044141005484366,0,13,44,0,0.3797,0.0,0
teastore-recommender,unknown,1,1,0,0,0,1,2,0,3,0.0013363415629644877,0.027494570276199927,0.03147871287033395,0.07922738145389714,0,2,2.0,1,0.03478426021926107,704.8,4029.0,1.0,0.5485312262073704,TeaStore,deployment,0.8540428360401812,1,18,8,1,0.3075,0.542,125
teastore-webui,unknown,1,1,0,0,2,1,2,1,4,0.0047778526316378375,0.05419737971989756,0.06521615539921397,0.06939747107795662,2,2,1.0,1,0.016428039941200873,708.5,6035.0,1.0,0.6537096506316595,TeaStore,deployment,0.9246137354127314,1,13,29,1,0.0642,0.2978,78
teastore-webui,unknown,1,1,0,0,2,1,1,1,4,0.005255179850454687,0.052629806777401075,0.08584932859005535,0.08228692666219763,2,2,1.0,1,0.041386822733635587,708.5,6035.0,1.0,0.7051039239303258,TeaStore,code_change,0.7126231227470411,1,4,14,1,0.3607,0.8172,174
teastore-webui,unknown,1,1,0,0,1,2,2,1,3,0.003841500263081337,0.042096936721664764,0.08492442750352225,0.06308328105442698,1,2,1.0,1,0.020594385952255073,708.5,6035.0,1.0,0.47660173552242324,TeaStore,deployment,0.2723096770487098,0,29,25,1,0.3514,0.3888,77
teastore-webui,unknown,1,1,0,0,1,2,2,2,4,0.005477346488553119,0.046953439457922186,0.09514361697503358,0.06087228250060427,2,2,1.0,1,0.017877090597559358,708.5,6035.0,1.0,0.5516606141852328,TeaStore,code_change,0.5862273179018733,1,22,14,0,0.0957,0.0,0
teastore-webui,unknown,1,1,0,0,2,1,1,1,4,0.004012767098447517,0.05106581085799638,0.06529182099008912,0.09609019877506741,1,2,1.0,1,0.05,708.5,6035.0,1.0,0.6940744749140888,TeaStore,deployment,0.47826549585772965,1,28,4,0,0.6097,0.0,0
teastore-webui,unknown,1,1,0,0,2,1,1,1,3,0.0035420399065026766,0.06355841077284956,0.08420098388811767,0.09414914551857533,2,2,1.0,1,0.03382631515342203,708.5,6035.0,1.0,0.4833148454712226,TeaStore,config_change,0.3875248899007454,0,7,23,0,0.3013,0.0,0
teastore-webui,unknown,1,1,0,0,2,2,1,1,4,0.003449570785577045,0.04822859332532566,0.06296908463473819,0.08994151450738339,2,2,1.0,1,0.024292213923206293,708.5,6035.0,1.0,0.48234143727339374,TeaStore,config_change,0.030540665484540232,1,11,28,0,0.321,0.0,0
teastore-webui,unknown,1,1,0,0,2,2,2,1,3,0.004190954526513871,0.05403122919522443,0.06115505077062945,0.07747885734535767,2,1,1.0,1,0.05,708.5,6035.0,1.0,0.6474952053504369,TeaStore,config_change,0.2873554575079267,0,28,52,0,0.4643,0.0,0
teastore-webui,unknown,1,1,0,0,2,2,1,2,3,0.004364753783053809,0.03967580992194077,0.07099862334881073,0.0691448423211778,1,2,1.0,1,0.04590010310990519,708.5,6035.0,1.0,0.736537235964281,TeaStore,config_change,0.5826604947696831,1,20,80,1,0.4056,0.4132,117
teastore-webui,unknown,1,1,0,0,2,2,2,2,4,0.003799728159263938,0.06169734093070326,0.08773923505429514,0.08686102308232885,2,1,1.0,1,0.033229431734936296,708.5,6035.0,1.0,0.6069105811168768,TeaStore,config_change,0.14400779342458955,1,26,24,0,0.2812,0.0,0
teastore-webui,unknown,1,1,0,0,1,1,2,1,4,0.0054940703965828145,0.04189666148861918,0.07579311006622506,0.08659924100952124,2,2,1.0,1,0.028097113405365973,708.5,6035.0,1.0,0.5569932810410079,TeaStore,config_change,0.4655794109160413,1,22,34,0,0.0906,0.0,0
teastore-webui,unknown,1,1,0,0,1,1,2,2,4,0.0034972201085462797,0.05187421110338318,0.07110129896842109,0.09660107122369581,1,2,1.0,1,0.05,708.5,6035.0,1.0,0.6019856792905511,TeaStore,scaling,0.36614481327857246,0,13,36,1,0.5663,0.6079,146
teastore-webui,unknown,1,1,0,0,1,1,1,2,3,0.0040714961950854825,0.05125914514458272,0.09862299918906954,0.06865747882529355,2,2,1.0,1,0.04482597082583665,708.5,6035.0,1.0,0.6168566702040365,TeaStore,deployment,0.38054649525119083,1,8,0,0,0.5933,0.0,0
teastore-webui,unknown,1,1,0,0,2,1,1,2,4,0.005067608153269897,0.038961083511777295,0.08759131004560178,0.06321493351563198,1,1,1.0,1,0.023091564404689267,708.5,6035.0,1.0,0.5357164638912904,TeaStore,deployment,0.33838944539680826,1,5,27,0,0.225,0.0,0
teastore-webui,unknown,1,1,0,0,1,1,1,2,4,0.003471157489886274,0.04618678451497824,0.07623657372509685,0.0968344836778502,1,1,1.0,1,0.05,708.5,6035.0,1.0,0.48760300661643596,TeaStore,config_change,0.14381785212953477,1,24,128,0,0.4127,0.0,0
teastore-webui,unknown,1,1,0,0,2,1,2,2,4,0.004756926942723415,0.062398173178710756,0.07863354555676984,0.09842250806502702,1,1,1.0,1,0.05,708.5,6035.0,1.0,0.7521493025607335,TeaStore,deployment,0.860071780709434,1,5,64,1,0.4569,0.2607,102
teastore-webui,unknown,1,1,0,0,1,2,1,2,3,0.0045783438322595845,0.04292340988045694,0.07948177197879852,0.09685098865795572,1,2,1.0,1,0.049365761370230125,708.5,6035.0,1.0,0.6531602037266594,TeaStore,deployment,0.32946129386630485,1,5,41,0,0.3127,0.0,0
teastore-webui,unknown,1,1,0,0,1,1,2,1,3,0.005461142142936872,0.056643342210306355,0.08110821683737175,0.09766162000218367,1,1,1.0,1,0.04956019481153523,708.5,6035.0,1.0,0.6537455700247748,TeaStore,deployment,0.1876445128782685,1,25,32,0,0.3658,0.0,0
teastore-webui,unknown,1,1,0,0,2,1,1,2,4,0.0042904354152116615,0.06033572029150985,0.09347064441019817,0.09765524999908116,1,1,1.0,1,0.03371647461166325,708.5,6035.0,1.0,0.557704204243889,TeaStore,scaling,0.2148865597696245,1,17,8,1,0.2633,0.9073,184
teastore-webui,unknown,1,1,0,0,2,1,1,2,3,0.0035321072187218445,0.054954123642922376,0.08537925983676047,0.09077869098537857,2,2,1.0,1,0.029511699995092587,708.5,6035.0,1.0,0.49071814529385427,TeaStore,config_change,0.23976508452835527,1,26,37,0,0.2283,0.0,0
teastore-webui,unknown,1,1,0,0,2,2,2,1,4,0.0037705344942940955,0.04092739104436417,0.07275975096692289,0.0930351470983382,1,1,1.0,1,0.023508291576137746,708.5,6035.0,1.0,0.6637469079351048,TeaStore,config_change,0.5336912456617292,1,21,32,1,0.2915,0.7225,162
teastore-webui,unknown,1,1,0,0,2,1,2,1,3,0.005096487838196912,0.052028014805695404,0.08322995105227923,0.09199432887011565,1,2,1.0,1,0.044202030142590866,708.5,6035.0,1.0,0.6258981809464872,TeaStore,deployment,0.474211253621589,1,29,78,0,0.3906,0.0,0
teastore-webui,unknown,1,1,0,0,2,1,1,1,3,0.004528172481942747,0.05898015622570398,0.07510603803356776,0.0741057922613721,2,1,1.0,1,0.05,708.5,6035.0,1.0,0.567273014641164,TeaStore,deployment,0.40889967445284886,1,7,31,1,0.3584,0.4777,87
teastore-webui,unknown,1,1,0,0,1,2,2,1,4,0.004361871682298464,0.05640631501215081,0.0887861373475614,0.07918354338878661,1,1,1.0,1,0.017004490827829805,708.5,6035.0,1.0,0.6241426694383492,TeaStore,config_change,0.062397407131085755,1,1,37,0,0.0995,0.0,0
teastore-webui,unknown,1,1,0,0,2,2,1,2,3,0.005216034236957321,0.04783348316449971,0.07035045890534228,0.08074945743155977,1,2,1.0,1,0.03526082186978893,708.5,6035.0,1.0,0.6547342553613407,TeaStore,deployment,0.3916404395913964,1,10,22,1,0.2281,0.5422,129
teastore-webui,unknown,1,1,0,0,2,2,2,2,3,0.004962327079759026,0.051736670838010104,0.06295713459546459,0.09366380907201528,1,2,1.0,1,0.03457818829107527,708.5,6035.0,1.0,0.7591797388325624,TeaStore,scaling,0.08733362016728476,1,21,54,0,0.2752,0.0,0
teastore-webui,unknown,1,1,0,0,1,2,1,1,3,0.004782717387651571,0.054618059893635024,0.06294215225965966,0.0714966246832248,1,1,1.0,1,0.030508240035145212,708.5,6035.0,1.0,0.6384585395531388,TeaStore,deployment,0.3899780590096446,1,2,8,0,0.2726,0.0,0
teastore-webui,unknown,1,1,0,0,1,2,1,2,3,0.004194099403635013,0.039470020952575895,0.07914721016800699,0.08960030051091114,1,1,1.0,1,0.018964701936078927,708.5,6035.0,1.0,0.6212403770722223,TeaStore,deployment,0.6624095054039206,1,9,36,0,0.0263,0.0,0
teastore-webui,unknown,1,1,0,0,1,1,2,1,3,0.004850583137724331,0.059141711056975736,0.08863466432257035,0.0858291126320205,1,1,1.0,1,0.01833276340385709,708.5,6035.0,1.0,0.7454753716058111,TeaStore,deployment,0.3273583879371778,1,12,1,0,0.2316,0.0,0
teastore-webui,unknown,1,1,0,0,1,1,1,2,4,0.0040232849624828,0.0413034983130134,0.0973320419294078,0.08552557595875278,2,1,1.0,1,0.04659878005473666,708.5,6035.0,1.0,0.47107167022553403,TeaStore,code_change,0.6300598795206087,1,16,0,1,0.6915,0.3262,112
teastore-webui,unknown,1,1,0,0,1,1,2,1,3,0.004118621970960406,0.043096587102272585,0.07073463419352985,0.09283788629819872,1,1,1.0,1,0.05,708.5,6035.0,1.0,0.5130293596928848,TeaStore,config_change,0.3423399834885402,0,7,4,0,0.7098,0.0,0
teastore-webui,unknown,1,1,0,0,2,2,1,1,4,0.0033580835032714623,0.046558130562773754,0.06121997558591526,0.09311899664312152,2,1,1.0,1,0.045639084446109326,708.5,6035.0,1.0,0.6143815313542986,TeaStore,deployment,0.49568795782394265,0,2,29,1,0.5706,0.7488,160
teastore-webui,unknown,1,1,0,0,2,1,1,2,4,0.003459090772449223,0.0523889184679557,0.09021359913421897,0.07987048597912415,2,2,1.0,1,0.05,708.5,6035.0,1.0,0.6458602026120881,TeaStore,code_change,0.6012965757923032,1,6,8,1,0.444,0.5518,126
teastore-webui,unknown,1,1,0,0,2,2,1,2,3,0.004775102588303076,0.05852666204555057,0.0846442482681152,0.06627566499895667,1,2,1.0,1,0.044955430479275194,708.5,6035.0,1.0,0.7259505979474862,TeaStore,deployment,0.6619440720184964,1,21,0,1,0.5216,0.378,98
teastore-webui,unknown,1,1,0,0,1,2,1,2,4,0.004833129091493163,0.057819026443911056,0.09865926636146975,0.0955456412619442,2,1,1.0,1,0.048114651782232655,708.5,6035.0,1.0,0.7078638014916494,TeaStore,deployment,0.45191547046511216,0,10,16,1,0.5627,0.8055,152
teastore-webui,unknown,1,1,0,0,1,2,1,1,3,0.004907437954440524,0.057243846164849,0.062381169289927166,0.07359823592952808,1,1,1.0,1,0.02048125511580726,708.5,6035.0,1.0,0.5516509899798833,TeaStore,deployment,0.8833262460419112,1,5,67,1,0.2341,0.4443,127
teastore-webui,unknown,1,1,0,0,2,2,2,2,4,0.004863520642016656,0.059767468559815,0.07637049130799071,0.09919561289884823,1,1,1.0,1,0.03510152639963294,708.5,6035.0,1.0,0.5294081295297356,TeaStore,deployment,0.4008277963945677,1,25,10,0,0.2541,0.0,0
teastore-webui,unknown,1,1,0,0,2,1,2,1,3,0.003937037348184438,0.050776974028281394,0.06111171159868312,0.07357131127223768,2,2,1.0,1,0.03980606518744051,708.5,6035.0,1.0,0.6239521201780089,TeaStore,deployment,0.21281037123189067,1,7,30,1,0.2361,0.4854,98
teastore-webui,unknown,1,1,0,0,2,2,2,1,4,0.004030702654664334,0.062351253113203504,0.08510531288555472,0.07522705940965874,2,1,1.0,1,0.029849378595615463,708.5,6035.0,1.0,0.7070288519074079,TeaStore,deployment,0.597816939810101,1,10,25,0,0.2262,0.0,0
teastore-webui,unknown,1,1,0,0,2,1,1,1,3,0.004786990204980557,0.05592202254904433,0.0738047385773874,0.0789967594884456,2,1,1.0,1,0.05,708.5,6035.0,1.0,0.5873121474056175,TeaStore,deployment,0.6536893994473456,1,26,10,0,0.4832,0.0,0
teastore-webui,unknown,1,1,0,0,1,1,2,1,3,0.00387429094446619,0.04640154679388531,0.07411834909837356,0.09650953893724239,2,2,1.0,1,0.05,708.5,6035.0,1.0,0.7709210578967504,TeaStore,config_change,0.6639484597074453,1,1,37,0,0.482,0.0,0
teastore-webui,unknown,1,1,0,0,1,1,1,1,4,0.0038821977673014715,0.05289693562305167,0.08882295072239872,0.07324298954792706,1,1,1.0,1,0.05,708.5,6035.0,1.0,0.6487819316965772,TeaStore,deployment,0.15575243044609544,0,24,1,1,0.7027,0.306,92
teastore-webui,unknown,1,1,0,0,1,1,1,2,3,0.004784991589679787,0.04349271082522965,0.09141080263640299,0.06443246411346543,2,1,1.0,1,0.05,708.5,6035.0,1.0,0.7389038984278514,TeaStore,config_change,0.4258060370047224,1,11,4,0,0.4863,0.0,0
teastore-webui,unknown,1,1,0,0,2,1,1,1,3,0.004058689080076462,0.05546156927978211,0.09790349599106829,0.08259961192328527,1,2,1.0,1,0.02815520290511933,708.5,6035.0,1.0,0.5852698194273787,TeaStore,scaling,0.4058666438310226,1,9,27,0,0.2451,0.0,0
teastore-webui,unknown,1,1,0,0,2,1,1,1,3,0.003738509399592346,0.05374554395603365,0.06945150832158085,0.06422196546851802,2,1,1.0,1,0.016670843624121207,708.5,6035.0,1.0,0.4782287320823392,TeaStore,config_change,0.10905790716004589,1,18,0,0,0.1623,0.0,0
teastore-webui,unknown,1,1,0,0,1,1,1,2,3,0.005117256194525069,0.04523152894440532,0.07105726446803232,0.09335525041041506,1,1,1.0,1,0.04446285129561041,708.5,6035.0,1.0,0.5083567256244694,TeaStore,scaling,0.28216328927449436,0,20,55,1,0.4669,0.4865,107
teastore-webui,unknown,1,1,0,0,1,2,1,2,3,0.0045331406596931965,0.05273381107813347,0.08309891592477904,0.09408835141243546,2,1,1.0,1,0.039765374812792006,708.5,6035.0,1.0,0.5829870774268244,TeaStore,deployment,0.23938182443961017,0,5,127,1,0.3155,0.4967,99
teastore-webui,unknown,1,1,0,0,1,2,1,1,3,0.004734888459283716,0.04218266660002372,0.07142836979449312,0.06838715111980316,2,2,1.0,1,0.03717787425501005,708.5,6035.0,1.0,0.6294953621418342,TeaStore,deployment,0.4556323030731546,1,11,60,0,0.2413,0.0,0
teastore-webui,unknown,1,1,0,0,2,2,1,2,4,0.005531670507732289,0.049654722271166726,0.06503205168000294,0.06859160154957017,1,1,1.0,1,0.03951092792331138,708.5,6035.0,1.0,0.5455353787461775,TeaStore,deployment,0.2625627446660618,1,6,42,0,0.2325,0.0,0
teastore-webui,unknown,1,1,0,0,2,2,1,1,4,0.0035431735104302655,0.05391161205007036,0.08053626936041733,0.06455622862305234,1,2,1.0,1,0.036498874949194744,708.5,6035.0,1.0,0.662998471355729,TeaStore,deployment,0.6265617469904333,1,18,9,0,0.266,0.0,0
teastore-all,unknown,0,0,1,1,0,0,0,0,0,0.0,0.0277824445515662,0.0,0.0,0,0,0.0,0,0.0025704784575104342,103.6,3360.0,1.0,0.008164249024172971,TeaStore,config_change,0.24788373220170898,1,22,16,0,0.02,0.0,0
teastore-all,unknown,0,0,1,1,0,0,0,0,0,0.0,0.025314653554453337,0.0,0.0,0,0,0.0,0,0.001,103.6,3360.0,1.0,0.006447118439546602,TeaStore,deployment,0.22901007832300477,1,1,28,0,0.0232,0.0,0
teastore-all,unknown,0,0,1,1,0,0,0,0,0,0.0,0.025674935651320174,0.0,0.0,0,0,0.0,0,0.0011288180314448298,103.6,3360.0,1.0,0.008166811709890354,TeaStore,deployment,0.1706617098698153,0,1,27,0,0.1815,0.0,0
teastore-all,unknown,0,0,1,1,0,0,0,0,0,0.0,0.021559651832279578,0.0,0.0,0,0,0.0,0,0.0027602151606616505,103.6,3360.0,1.0,0.007260785348337018,TeaStore,config_change,0.3598251019433947,0,8,0,0,0.3523,0.0,0
teastore-all,unknown,0,0,1,1,0,0,0,0,0,0.0,0.024593818663881484,0.0,0.0,0,0,0.0,0,0.0013597057918162726,103.6,3360.0,1.0,0.006735667756471323,TeaStore,code_change,0.587488056556087,0,9,26,0,0.0339,0.0,0
teastore-all,unknown,0,0,1,1,0,0,0,0,0,0.0,0.02641831548134786,0.0,0.0,0,0,0.0,0,0.0025677710588348722,103.6,3360.0,1.0,0.0067412114694496246,TeaStore,deployment,0.25100499435142365,1,20,30,0,0.02,0.0,0
teastore-all,unknown,0,0,1,1,0,0,0,0,0,0.0,0.020221045976861036,0.0,0.0,0,0,0.0,0,0.001,103.6,3360.0,1.0,0.005551063656472882,TeaStore,config_change,0.43940817016038736,1,24,3,0,0.2326,0.0,0
teastore-all,unknown,0,0,1,1,0,0,0,0,0,0.0,0.018719793308323535,0.0,0.0,0,0,0.0,0,0.001318371174424616,103.6,3360.0,1.0,0.005781319092639199,TeaStore,deployment,0.918966625775302,0,20,3,1,0.4303,0.1106,47
teastore-all,unknown,0,0,1,1,0,0,0,0,0,0.0,0.023785756202561282,0.0,0.0,0,0,0.0,0,0.0010506427246990977,103.6,3360.0,1.0,0.006548529354726768,TeaStore,config_change,0.07234798256072102,1,6,3,0,0.2298,0.0,0
teastore-all,unknown,0,0,1,1,0,0,0,0,0,0.0,0.01856688040368839,0.0,0.0,0,0,0.0,0,0.0017453732737708922,103.6,3360.0,1.0,0.007683559487385592,TeaStore,deployment,0.531415176088235,1,18,45,0,0.02,0.0,0
teastore-all,unknown,0,0,1,1,0,0,0,0,0,0.0,0.025057090698065193,0.0,0.0,0,0,0.0,0,0.0011055672120277116,103.6,3360.0,1.0,0.007775583097969782,TeaStore,scaling,0.4679641597914823,1,22,29,0,0.02,0.0,0
teastore-all,unknown,0,0,1,1,0,0,0,0,0,0.0,0.028476463489434934,0.0,0.0,0,0,0.0,0,0.0020589996265932293,103.6,3360.0,1.0,0.006882128623867444,TeaStore,deployment,0.6248912136771029,1,6,2,0,0.2811,0.0,0
teastore-all,unknown,0,0,1,1,0,0,0,0,0,0.0,0.020756101577374248,0.0,0.0,0,0,0.0,0,0.0018401243348591734,103.6,3360.0,1.0,0.0053613257847728,TeaStore,code_change,0.7652022901141602,1,14,49,0,0.0787,0.0,0
teastore-all,unknown,0,0,1,1,0,0,0,0,0,0.0,0.022441643626418213,0.0,0.0,0,0,0.0,0,0.0022744822078836803,103.6,3360.0,1.0,0.008179459615066761,TeaStore,deployment,0.22477741864300838,1,16,43,0,0.02,0.0,0
teastore-all,unknown,0,0,1,1,0,0,0,0,0,0.0,0.019334332950840437,0.0,0.0,0,0,0.0,0,0.002484354571951547,103.6,3360.0,1.0,0.0056039271897521635,TeaStore,deployment,0.837010527941132,1,9,127,0,0.0276,0.0,0
teastore-all,unknown,0,0,1,1,0,0,0,0,0,0.0,0.025770954983918765,0.0,0.0,0,0,0.0,0,0.001630901615459682,103.6,3360.0,1.0,0.0080166710719965,TeaStore,deployment,0.21102731482508277,1,29,99,0,0.02,0.0,0
teastore-all,unknown,0,0,1,1,0,0,0,0,0,0.0,0.027142540750189643,0.0,0.0,0,0,0.0,0,0.0022306739899144736,103.6,3360.0,1.0,0.006018956230926143,TeaStore,deployment,0.6599905976737205,1,15,37,0,0.02,0.0,0
teastore-all,unknown,0,0,1,1,0,0,0,0,0,0.0,0.025847613532619825,0.0,0.0,0,0,0.0,0,0.0014724141272701757,103.6,3360.0,1.0,0.00722043021210682,TeaStore,code_change,0.5913739902658617,0,4,24,0,0.0835,0.0,0
teastore-all,unknown,0,0,1,1,0,0,0,0,0,0.0,0.027368128673314382,0.0,0.0,0,0,0.0,0,0.0013995569649109798,103.6,3360.0,1.0,0.00801969176124737,TeaStore,deployment,0.3793271847859231,0,25,28,0,0.0941,0.0,0
teastore-all,unknown,0,0,1,1,0,0,0,0,0,0.0,0.024523260204067924,0.0,0.0,0,0,0.0,0,0.0014495264761456436,103.6,3360.0,1.0,0.00846862401602223,TeaStore,config_change,0.5259326974978755,0,14,16,0,0.1005,0.0,0
teastore-all,unknown,0,0,1,1,0,0,0,0,0,0.0,0.02643552744778654,0.0,0.0,0,0,0.0,0,0.0024659782514328335,103.6,3360.0,1.0,0.008138264247410296,TeaStore,config_change,0.7001642663164025,0,17,13,0,0.0748,0.0,0
teastore-all,unknown,0,0,1,1,0,0,0,0,0,0.0,0.025652396581332677,0.0,0.0,0,0,0.0,0,0.001792513589881408,103.6,3360.0,1.0,0.00808297888193615,TeaStore,code_change,0.5464706397628493,0,20,25,0,0.1171,0.0,0
teastore-all,unknown,0,0,1,1,0,0,0,0,0,0.0,0.021258000336809982,0.0,0.0,0,0,0.0,0,0.001850136413157221,103.6,3360.0,1.0,0.006374204720425727,TeaStore,scaling,0.4207495533851989,1,18,21,0,0.1032,0.0,0
teastore-all,unknown,0,0,1,1,0,0,0,0,0,0.0,0.028748341138701842,0.0,0.0,0,0,0.0,0,0.0016232560779919484,103.6,3360.0,1.0,0.005939388360812818,TeaStore,config_change,0.6830534856190731,0,21,0,0,0.3388,0.0,0
teastore-all,unknown,0,0,1,1,0,0,0,0,0,0.0,0.022553358448059158,0.0,0.0,0,0,0.0,0,0.001506451622150209,103.6,3360.0,1.0,0.008219319985354159,TeaStore,deployment,0.6542324360556806,1,24,41,0,0.1271,0.0,0
teastore-all,unknown,0,0,1,1,0,0,0,0,0,0.0,0.026453155727249943,0.0,0.0,0,0,0.0,0,0.0017909227666553114,103.6,3360.0,1.0,0.006732232635897539,TeaStore,config_change,0.06708518834035121,0,27,27,0,0.2199,0.0,0
teastore-all,unknown,0,0,1,1,0,0,0,0,0,0.0,0.026466475671782053,0.0,0.0,0,0,0.0,0,0.001432780346195068,103.6,3360.0,1.0,0.008455134704385482,TeaStore,scaling,0.46792608866293517,0,3,2,0,0.3848,0.0,0
teastore-all,unknown,0,0,1,1,0,0,0,0,0,0.0,0.029774130313257423,0.0,0.0,0,0,0.0,0,0.0019343146220929211,103.6,3360.0,1.0,0.006071554585216303,TeaStore,config_change,0.18296603320399202,0,3,12,0,0.131,0.0,0
teastore-all,unknown,0,0,1,1,0,0,0,0,0,0.0,0.018754321280135447,0.0,0.0,0,0,0.0,0,0.0019137760838618201,103.6,3360.0,1.0,0.005917079947004233,TeaStore,deployment,0.7618405168369291,1,9,61,0,0.02,0.0,0
teastore-all,unknown,0,0,1,1,0,0,0,0,0,0.0,0.02438977215424013,0.0,0.0,0,0,0.0,0,0.0023381317589264866,103.6,3360.0,1.0,0.007111949234171411,TeaStore,scaling,0.751990324969767,1,2,5,0,0.164,0.0,0
teastore-all,unknown,0,0,1,1,0,0,0,0,0,0.0,0.023322421768226156,0.0,0.0,0,0,0.0,0,0.001525702061514322,103.6,3360.0,1.0,0.005943115239117799,TeaStore,scaling,0.2925056898613157,1,1,28,0,0.0507,0.0,0
teastore-all,unknown,0,0,1,1,0,0,0,0,0,0.0,0.019574838895632916,0.0,0.0,0,0,0.0,0,0.0013913642281142423,103.6,3360.0,1.0,0.005807875879616432,TeaStore,scaling,0.6015385447338217,1,24,59,0,0.0221,0.0,0
teastore-all,unknown,0,0,1,1,0,0,0,0,0,0.0,0.020171707931266363,0.0,0.0,0,0,0.0,0,0.0022611880859825313,103.6,3360.0,1.0,0.005362390117972375,TeaStore,config_change,0.22141003381865712,0,7,7,1,0.148,0.2471,66
teastore-all,unknown,0,0,1,1,0,0,0,0,0,0.0,0.02554602684703155,0.0,0.0,0,0,0.0,0,0.0018070818563289107,103.6,3360.0,1.0,0.006715424012115178,TeaStore,deployment,0.43643123761842845,1,21,26,0,0.02,0.0,0
teastore-all,unknown,0,0,1,1,0,0,0,0,0,0.0,0.027436864835734924,0.0,0.0,0,0,0.0,0,0.001,103.6,3360.0,1.0,0.005705285501621362,TeaStore,deployment,0.788383518381375,0,14,33,0,0.1252,0.0,0
teastore-all,unknown,0,0,1,1,0,0,0,0,0,0.0,0.020407692091786972,0.0,0.0,0,0,0.0,0,0.0023808400446960402,103.6,3360.0,1.0,0.007642426109701625,TeaStore,deployment,0.15557215118116596,0,13,95,0,0.0638,0.0,0
teastore-all,unknown,0,0,1,1,0,0,0,0,0,0.0,0.02354056389098842,0.0,0.0,0,0,0.0,0,0.0014375733491857254,103.6,3360.0,1.0,0.006689255333188677,TeaStore,deployment,0.5561452032444061,1,17,5,0,0.1985,0.0,0
teastore-all,unknown,0,0,1,1,0,0,0,0,0,0.0,0.028482942228222355,0.0,0.0,0,0,0.0,0,0.0020276760611204294,103.6,3360.0,1.0,0.005409748398345586,TeaStore,deployment,0.33215593602022664,0,7,0,1,0.2704,0.4912,80
teastore-all,unknown,0,0,1,1,0,0,0,0,0,0.0,0.028166284481105527,0.0,0.0,0,0,0.0,0,0.0024157971342466562,103.6,3360.0,1.0,0.007385598211746948,TeaStore,config_change,0.06192551298855509,0,20,16,1,0.1427,0.1214,44
teastore-all,unknown,0,0,1,1,0,0,0,0,0,0.0,0.02223755593514741,0.0,0.0,0,0,0.0,0,0.0018184856507461066,103.6,3360.0,1.0,0.006544671811987516,TeaStore,config_change,0.3780621382406158,1,26,22,0,0.0831,0.0,0
teastore-all,unknown,0,0,1,1,0,0,0,0,0,0.0,0.026678782081803527,0.0,0.0,0,0,0.0,0,0.001,103.6,3360.0,1.0,0.005511914222911134,TeaStore,config_change,0.11460266647072151,1,17,86,0,0.0597,0.0,0
teastore-all,unknown,0,0,1,1,0,0,0,0,0,0.0,0.01868461277713013,0.0,0.0,0,0,0.0,0,0.002263761306006708,103.6,3360.0,1.0,0.005590059102100166,TeaStore,config_change,0.5269460708725644,1,4,59,0,0.02,0.0,0
teastore-all,unknown,0,0,1,1,0,0,0,0,0,0.0,0.02899858587012008,0.0,0.0,0,0,0.0,0,0.0023925967545690846,103.6,3360.0,1.0,0.006356316565969891,TeaStore,config_change,0.1172424247944131,1,28,115,0,0.02,0.0,0
teastore-all,unknown,0,0,1,1,0,0,0,0,0,0.0,0.02674520604176115,0.0,0.0,0,0,0.0,0,0.0024112822095312446,103.6,3360.0,1.0,0.006252789500648961,TeaStore,deployment,0.37091505922811063,1,6,0,1,0.2254,0.2452,37
teastore-all,unknown,0,0,1,1,0,0,0,0,0,0.0,0.022945773807065143,0.0,0.0,0,0,0.0,0,0.0021245010423893004,103.6,3360.0,1.0,0.00615794812880021,TeaStore,code_change,0.4364967588902392,1,5,1,0,0.1671,0.0,0
teastore-all,unknown,0,0,1,1,0,0,0,0,0,0.0,0.023774379344484488,0.0,0.0,0,0,0.0,0,0.0012191150073337855,103.6,3360.0,1.0,0.007787288042136595,TeaStore,deployment,0.7057876948666248,1,25,27,0,0.0272,0.0,0
teastore-all,unknown,0,0,1,1,0,0,0,0,0,0.0,0.024025257493364722,0.0,0.0,0,0,0.0,0,0.001710086642784,103.6,3360.0,1.0,0.005759353116001687,TeaStore,deployment,0.5652883164493021,1,28,25,0,0.0471,0.0,0
teastore-all,unknown,0,0,1,1,0,0,0,0,0,0.0,0.020395696554097488,0.0,0.0,0,0,0.0,0,0.002670315242288677,103.6,3360.0,1.0,0.007190962498169712,TeaStore,deployment,0.8200603537331519,1,10,36,0,0.117,0.0,0
teastore-all,unknown,0,0,1,1,0,0,0,0,0,0.0,0.01963657212082037,0.0,0.0,0,0,0.0,0,0.001,103.6,3360.0,1.0,0.00734319259638876,TeaStore,code_change,0.530018295383102,1,8,46,0,0.0471,0.0,0
teastore-all,unknown,0,0,1,1,0,0,0,0,0,0.0,0.024660703554786702,0.0,0.0,0,0,0.0,0,0.0027089903695640158,103.6,3360.0,1.0,0.00756815693306408,TeaStore,config_change,0.17967417474227138,0,26,10,0,0.0349,0.0,0
teastore-kieker-rabbitmq,unknown,1,0,1,0,5,0,0,7,4,0.0,0.07197100531876935,0.16443754979829284,0.0,5,0,0.0,0,0.002048454411444496,113.3,9746.0,1.0,0.022206440956564846,TeaStore,deployment,0.29630465772155523,1,22,22,0,0.1032,0.0,0
teastore-kieker-rabbitmq,unknown,1,0,1,0,5,0,0,6,4,0.0,0.0841900780967302,0.2336734182552661,0.0,5,0,0.0,0,0.0031359019395258317,113.3,9746.0,1.0,0.02797484301366311,TeaStore,code_change,0.14453610250156457,1,29,9,0,0.0832,0.0,0
teastore-kieker-rabbitmq,unknown,1,0,1,0,5,0,0,8,4,0.0,0.0688731315862584,0.17577676921855742,0.0,5,0,0.0,0,0.002491715259925669,113.3,9746.0,1.0,0.033022848389263774,TeaStore,deployment,0.8532923263632538,0,21,51,0,0.2185,0.0,0
teastore-kieker-rabbitmq,unknown,1,0,1,0,4,0,0,8,5,0.0,0.07778264513412525,0.233029564960294,0.0,4,0,0.0,0,0.0018359313834351019,113.3,9746.0,1.0,0.024884308699477345,TeaStore,config_change,0.23316970399253054,1,3,42,0,0.02,0.0,0
teastore-kieker-rabbitmq,unknown,1,0,1,0,5,0,0,7,5,0.0,0.10345723079489817,0.17961627302607508,0.0,5,0,0.0,0,0.0026099532374440444,113.3,9746.0,1.0,0.028625156321836032,TeaStore,code_change,0.7920682069295161,1,5,40,0,0.0969,0.0,0
teastore-kieker-rabbitmq,unknown,1,0,1,0,5,0,0,8,4,0.0,0.07370291262264114,0.162935922827165,0.0,4,0,0.0,0,0.004164386795189365,113.3,9746.0,1.0,0.020910440897662495,TeaStore,deployment,0.5802009926705575,1,4,33,0,0.0508,0.0,0
teastore-kieker-rabbitmq,unknown,1,0,1,0,4,0,0,6,5,0.0,0.1039614539908939,0.2400588567869788,0.0,5,0,0.0,0,0.003971618393827775,113.3,9746.0,1.0,0.02258887348427246,TeaStore,deployment,0.7270730738509791,1,14,33,0,0.02,0.0,0
teastore-kieker-rabbitmq,unknown,1,0,1,0,5,0,0,7,5,0.0,0.08277962809049538,0.19980002398377453,0.0,4,0,0.0,0,0.0022912179797141717,113.3,9746.0,1.0,0.03318346601580974,TeaStore,deployment,0.831118018893796,1,25,39,0,0.0505,0.0,0
teastore-kieker-rabbitmq,unknown,1,0,1,0,4,0,0,6,5,0.0,0.09577031122078689,0.223846340808164,0.0,5,0,0.0,0,0.0011888143021004363,113.3,9746.0,1.0,0.02705400608130906,TeaStore,code_change,0.4830600296973779,1,22,13,0,0.02,0.0,0
teastore-kieker-rabbitmq,unknown,1,0,1,0,4,0,0,6,5,0.0,0.06705017981357442,0.18465822537923549,0.0,5,0,0.0,0,0.0035665810536827064,113.3,9746.0,1.0,0.02399909771576308,TeaStore,scaling,0.5084599462497481,0,9,59,0,0.0793,0.0,0
teastore-kieker-rabbitmq,unknown,1,0,1,0,4,0,0,6,4,0.0,0.07015454065185205,0.17630252328845675,0.0,4,0,0.0,0,0.0015567069286936176,113.3,9746.0,1.0,0.025559776950102517,TeaStore,deployment,0.2896350151446906,1,4,7,0,0.029,0.0,0
teastore-kieker-rabbitmq,unknown,1,0,1,0,5,0,0,7,4,0.0,0.08585781532068543,0.21321651648399245,0.0,4,0,0.0,0,0.003860812015272703,113.3,9746.0,1.0,0.033447992827087034,TeaStore,deployment,0.8289073930489755,1,10,71,0,0.0234,0.0,0
teastore-kieker-rabbitmq,unknown,1,0,1,0,5,0,0,7,4,0.0,0.09180621301664989,0.21489493487944872,0.0,4,0,0.0,0,0.004003956171174291,113.3,9746.0,1.0,0.02375088424639857,TeaStore,deployment,0.5983309817471788,1,17,31,0,0.02,0.0,0
teastore-kieker-rabbitmq,unknown,1,0,1,0,4,0,0,6,5,0.0,0.09905802591869363,0.16755837128492468,0.0,4,0,0.0,0,0.0026584094404207945,113.3,9746.0,1.0,0.032661333884498614,TeaStore,scaling,0.3806953783883891,0,12,54,0,0.1404,0.0,0
teastore-kieker-rabbitmq,unknown,1,0,1,0,5,0,0,5,4,0.0,0.06909848921480644,0.18215299025140413,0.0,4,0,0.0,0,0.003687395277989684,113.3,9746.0,1.0,0.03117905761693622,TeaStore,config_change,0.1426758113352607,0,25,3,1,0.4005,0.6918,102
teastore-kieker-rabbitmq,unknown,1,0,1,0,4,0,0,6,4,0.0,0.0931004897824327,0.21286406516738096,0.0,5,0,0.0,0,0.0020493059650532473,113.3,9746.0,1.0,0.026538376333535132,TeaStore,deployment,0.787922628048838,1,28,7,0,0.02,0.0,0
teastore-kieker-rabbitmq,unknown,1,0,1,0,5,0,0,7,4,0.0,0.09800834144607705,0.18743518907761852,0.0,4,0,0.0,0,0.0015044733913610027,113.3,9746.0,1.0,0.02059920560329317,TeaStore,scaling,0.322418338261412,1,7,44,0,0.02,0.0,0
teastore-kieker-rabbitmq,unknown,1,0,1,0,5,0,0,8,5,0.0,0.07268684232593926,0.15406947723470285,0.0,5,0,0.0,0,0.001436364481301152,113.3,9746.0,1.0,0.026525750003089568,TeaStore,deployment,0.4396454811341519,1,11,121,0,0.02,0.0,0
teastore-kieker-rabbitmq,unknown,1,0,1,0,4,0,0,7,4,0.0,0.06907588699841677,0.21934472408983116,0.0,5,0,0.0,0,0.0012984679324080958,113.3,9746.0,1.0,0.03128583008272192,TeaStore,config_change,0.11285918801823186,1,17,9,0,0.0293,0.0,0
teastore-kieker-rabbitmq,unknown,1,0,1,0,5,0,0,7,4,0.0,0.09260433469392802,0.24024399961374365,0.0,5,0,0.0,0,0.0035121172329312046,113.3,9746.0,1.0,0.030506302646090264,TeaStore,scaling,0.14120657713080562,0,4,1,0,0.3924,0.0,0
teastore-kieker-rabbitmq,unknown,1,0,1,0,4,0,0,6,4,0.0,0.0698899703419419,0.2055037030556994,0.0,4,0,0.0,0,0.0025061186972701105,113.3,9746.0,1.0,0.02289180384333566,TeaStore,code_change,0.3643873179784154,1,24,6,1,0.2654,0.6139,133
teastore-kieker-rabbitmq,unknown,1,0,1,0,5,0,0,6,5,0.0,0.08938082300356101,0.16223134840837453,0.0,4,0,0.0,0,0.004044315653791198,113.3,9746.0,1.0,0.023741442798567373,TeaStore,code_change,0.6835357946003408,0,16,91,0,0.1137,0.0,0
teastore-kieker-rabbitmq,unknown,1,0,1,0,5,0,0,7,5,0.0,0.08815701100817015,0.1854571047259459,0.0,4,0,0.0,0,0.0018828436249846631,113.3,9746.0,1.0,0.024761786964722084,TeaStore,config_change,0.6197936371039158,1,12,1,0,0.2741,0.0,0
teastore-kieker-rabbitmq,unknown,1,0,1,0,5,0,0,6,5,0.0,0.08929378117498633,0.2217971106741029,0.0,5,0,0.0,0,0.004288996139223602,113.3,9746.0,1.0,0.030687916206491844,TeaStore,config_change,0.2321422423875941,0,20,52,0,0.1346,0.0,0
teastore-kieker-rabbitmq,unknown,1,0,1,0,5,0,0,5,4,0.0,0.09904217546006833,0.20727443860161446,0.0,4,0,0.0,0,0.002823989119277022,113.3,9746.0,1.0,0.021193596775046748,TeaStore,code_change,0.33660991598975326,1,2,33,0,0.0579,0.0,0
teastore-kieker-rabbitmq,unknown,1,0,1,0,4,0,0,6,5,0.0,0.10578368706536909,0.17890080443409517,0.0,5,0,0.0,0,0.0028339642919474424,113.3,9746.0,1.0,0.028880044588186972,TeaStore,config_change,0.1055084525269743,1,28,4,0,0.3456,0.0,0
teastore-kieker-rabbitmq,unknown,1,0,1,0,4,0,0,6,4,0.0,0.07686883812015227,0.18845267170265326,0.0,4,0,0.0,0,0.00255828252071544,113.3,9746.0,1.0,0.032454482486472966,TeaStore,deployment,0.8898611544820512,1,8,11,0,0.0949,0.0,0
teastore-kieker-rabbitmq,unknown,1,0,1,0,5,0,0,6,4,0.0,0.0840338155283359,0.2318614941758642,0.0,5,0,0.0,0,0.0040134979079021445,113.3,9746.0,1.0,0.02638303365043313,TeaStore,deployment,0.6760628968683375,0,19,48,1,0.159,0.5394,114
teastore-kieker-rabbitmq,unknown,1,0,1,0,4,0,0,8,5,0.0,0.08226344801425446,0.18265578181673106,0.0,5,0,0.0,0,0.0033659285256243308,113.3,9746.0,1.0,0.0262367871627165,TeaStore,deployment,0.632034997189696,1,26,24,0,0.051,0.0,0
teastore-kieker-rabbitmq,unknown,1,0,1,0,5,0,0,7,4,0.0,0.08754018727292885,0.2491680651116834,0.0,5,0,0.0,0,0.003984189543155333,113.3,9746.0,1.0,0.021688973296827695,TeaStore,deployment,0.24021368442054275,1,4,6,0,0.2878,0.0,0
teastore-kieker-rabbitmq,unknown,1,0,1,0,4,0,0,7,4,0.0,0.08522727019442071,0.16272954140037604,0.0,5,0,0.0,0,0.004222475933141049,113.3,9746.0,1.0,0.02247624104193045,TeaStore,scaling,0.2435225497941649,0,27,33,0,0.1563,0.0,0
teastore-kieker-rabbitmq,unknown,1,0,1,0,5,0,0,7,5,0.0,0.06659966685253384,0.16044112147539413,0.0,5,0,0.0,0,0.001886641173949979,113.3,9746.0,1.0,0.021393640571005818,TeaStore,deployment,0.44058005207815454,1,28,1,0,0.2677,0.0,0
teastore-kieker-rabbitmq,unknown,1,0,1,0,5,0,0,6,4,0.0,0.10879412812685907,0.22955644613917894,0.0,5,0,0.0,0,0.0015217107236243034,113.3,9746.0,1.0,0.021063473426768405,TeaStore,code_change,0.8080739760409964,1,23,0,0,0.1958,0.0,0
teastore-kieker-rabbitmq,unknown,1,0,1,0,4,0,0,7,5,0.0,0.08566898066886303,0.17959437546594936,0.0,5,0,0.0,0,0.004381620397549589,113.3,9746.0,1.0,0.027264411715056173,TeaStore,code_change,0.36304148545817677,1,22,7,0,0.0381,0.0,0
teastore-kieker-rabbitmq,unknown,1,0,1,0,4,0,0,5,4,0.0,0.07364327170156168,0.21829503998028646,0.0,5,0,0.0,0,0.004082979997227739,113.3,9746.0,1.0,0.02121794661721188,TeaStore,code_change,0.9441551407609445,0,4,5,0,0.3317,0.0,0
teastore-kieker-rabbitmq,unknown,1,0,1,0,4,0,0,6,4,0.0,0.0671492329166275,0.24574154865182019,0.0,4,0,0.0,0,0.001413366532669044,113.3,9746.0,1.0,0.022263858645132452,TeaStore,deployment,0.48693379424484895,0,2,21,0,0.1789,0.0,0
teastore-kieker-rabbitmq,unknown,1,0,1,0,4,0,0,6,5,0.0,0.07994915257792731,0.18762861751049803,0.0,5,0,0.0,0,0.0038111991865384586,113.3,9746.0,1.0,0.02251467840418474,TeaStore,config_change,0.4816713146574982,0,14,30,0,0.1933,0.0,0
teastore-kieker-rabbitmq,unknown,1,0,1,0,4,0,0,8,4,0.0,0.09009181828855102,0.2257488172082303,0.0,5,0,0.0,0,0.0036942144770824976,113.3,9746.0,1.0,0.02695500206946223,TeaStore,code_change,0.795849773259333,1,24,10,1,0.0763,0.3725,98
teastore-kieker-rabbitmq,unknown,1,0,1,0,4,0,0,7,5,0.0,0.10900895386516168,0.24293152595474676,0.0,4,0,0.0,0,0.003458710291386354,113.3,9746.0,1.0,0.030438571211688144,TeaStore,code_change,0.4615913649383146,1,24,20,0,0.111,0.0,0
teastore-kieker-rabbitmq,unknown,1,0,1,0,4,0,0,7,4,0.0,0.09562888022672235,0.19250746647630199,0.0,4,0,0.0,0,0.002102056223849171,113.3,9746.0,1.0,0.03254545229585429,TeaStore,deployment,0.45250277781164644,0,17,4,0,0.3434,0.0,0
teastore-kieker-rabbitmq,unknown,1,0,1,0,5,0,0,8,4,0.0,0.09376002163254098,0.2050702677981096,0.0,5,0,0.0,0,0.0016707940165701799,113.3,9746.0,1.0,0.032141834592546194,TeaStore,deployment,0.5593241327289077,1,3,2,0,0.2574,0.0,0
teastore-kieker-rabbitmq,unknown,1,0,1,0,4,0,0,6,4,0.0,0.07022458055739313,0.24434607142798762,0.0,5,0,0.0,0,0.004297440711700918,113.3,9746.0,1.0,0.029439613628280636,TeaStore,deployment,0.5388463850706023,1,1,14,0,0.08,0.0,0
teastore-kieker-rabbitmq,unknown,1,0,1,0,4,0,0,7,4,0.0,0.10928313366972399,0.24358788632432,0.0,5,0,0.0,0,0.0037324456679126727,113.3,9746.0,1.0,0.02049984956048042,TeaStore,deployment,0.33082867597477467,0,28,6,0,0.3595,0.0,0
teastore-kieker-rabbitmq,unknown,1,0,1,0,5,0,0,8,5,0.0,0.08580454451081669,0.2484281330259689,0.0,4,0,0.0,0,0.0018582974982418946,113.3,9746.0,1.0,0.028717320263988395,TeaStore,config_change,0.12102754021562068,1,17,7,0,0.1225,0.0,0
teastore-kieker-rabbitmq,unknown,1,0,1,0,5,0,0,5,5,0.0,0.08825340036583304,0.22962770109584507,0.0,4,0,0.0,0,0.0022103940054708543,113.3,9746.0,1.0,0.030102366688859114,TeaStore,deployment,0.17902929420281977,0,19,87,0,0.1445,0.0,0
teastore-kieker-rabbitmq,unknown,1,0,1,0,5,0,0,7,5,0.0,0.06643883351584197,0.22760960138390485,0.0,4,0,0.0,0,0.004385889342475787,113.3,9746.0,1.0,0.030526391573797117,TeaStore,deployment,0.4900433044412552,1,11,11,1,0.1588,0.2109,75
teastore-kieker-rabbitmq,unknown,1,0,1,0,5,0,0,8,4,0.0,0.0986615462414449,0.23920733717347797,0.0,5,0,0.0,0,0.0026854311908022775,113.3,9746.0,1.0,0.03004546827153837,TeaStore,code_change,0.838213194400322,1,1,37,0,0.1275,0.0,0
teastore-kieker-rabbitmq,unknown,1,0,1,0,4,0,0,6,5,0.0,0.07575992910189419,0.21663410680347883,0.0,5,0,0.0,0,0.0028492225729873475,113.3,9746.0,1.0,0.029181104978497255,TeaStore,deployment,0.5704827378802602,1,19,94,0,0.1025,0.0,0
teastore-kieker-rabbitmq,unknown,1,0,1,0,4,0,0,5,5,0.0,0.09168219717352824,0.1617153500076273,0.0,4,0,0.0,0,0.0028303186245563993,113.3,9746.0,1.0,0.02570339308707592,TeaStore,deployment,0.24360423398023798,1,16,5,0,0.2846,0.0,0
teastore-kieker-rabbitmq,unknown,1,0,1,0,4,0,0,6,5,0.0,0.08872308453028888,0.17519308046823034,0.0,5,0,0.0,0,0.0028508703757192037,113.3,9746.0,1.0,0.030596207626114525,TeaStore,scaling,0.05210905606281925,1,26,27,0,0.1315,0.0,0
tools.descartes.teastore.database,docker,0,0,1,1,0,0,0,0,0,0.0,0.02781793535077008,0.0,0.0,0,0,0.0,0,0.0026142732301149023,103.6,3360.0,1.0,0.008420457438500261,TeaStore,code_change,0.8335057106274257,0,20,28,1,0.1339,0.6113,107
tools.descartes.teastore.database,docker,0,0,1,1,0,0,0,0,0,0.0,0.02943116956492706,0.0,0.0,0,0,0.0,0,0.001,103.6,3360.0,1.0,0.006951745368185345,TeaStore,deployment,0.44362823030017656,1,23,2,1,0.1564,0.016,39
tools.descartes.teastore.database,docker,0,0,1,1,0,0,0,0,0,0.0,0.027564525978239177,0.0,0.0,0,0,0.0,0,0.00110981913400733,103.6,3360.0,1.0,0.005758540737865569,TeaStore,config_change,0.2830188954385799,1,7,35,0,0.0655,0.0,0
tools.descartes.teastore.database,docker,0,0,1,1,0,0,0,0,0,0.0,0.028651123088483856,0.0,0.0,0,0,0.0,0,0.002551089918776226,103.6,3360.0,1.0,0.008085536234636601,TeaStore,code_change,0.49707329196891514,0,23,25,0,0.1209,0.0,0
tools.descartes.teastore.database,docker,0,0,1,1,0,0,0,0,0,0.0,0.020680991922202088,0.0,0.0,0,0,0.0,0,0.0016183928605412576,103.6,3360.0,1.0,0.005711036090763688,TeaStore,deployment,0.3094073911864342,1,2,55,0,0.0315,0.0,0
tools.descartes.teastore.database,docker,0,0,1,1,0,0,0,0,0,0.0,0.022121666050908668,0.0,0.0,0,0,0.0,0,0.0011851730804657034,103.6,3360.0,1.0,0.0076641451653863095,TeaStore,deployment,0.1964579225266091,1,28,10,0,0.0866,0.0,0
tools.descartes.teastore.database,docker,0,0,1,1,0,0,0,0,0,0.0,0.024842255384003142,0.0,0.0,0,0,0.0,0,0.0024520734952890168,103.6,3360.0,1.0,0.005605804274017487,TeaStore,deployment,0.12708537384316057,0,16,108,0,0.0613,0.0,0
tools.descartes.teastore.database,docker,0,0,1,1,0,0,0,0,0,0.0,0.022179974616024712,0.0,0.0,0,0,0.0,0,0.0023677779262451255,103.6,3360.0,1.0,0.006248549915282087,TeaStore,code_change,0.6479625255931484,0,10,48,0,0.1299,0.0,0
tools.descartes.teastore.database,docker,0,0,1,1,0,0,0,0,0,0.0,0.02814937707201223,0.0,0.0,0,0,0.0,0,0.0023089941352521476,103.6,3360.0,1.0,0.005529489079322059,TeaStore,config_change,0.11445536661179856,0,9,72,0,0.1996,0.0,0
tools.descartes.teastore.database,docker,0,0,1,1,0,0,0,0,0,0.0,0.025995633488563787,0.0,0.0,0,0,0.0,0,0.0010743947792535749,103.6,3360.0,1.0,0.008326776458917547,TeaStore,config_change,0.4224509446602344,0,2,0,0,0.3132,0.0,0
tools.descartes.teastore.database,docker,0,0,1,1,0,0,0,0,0,0.0,0.022350796276545775,0.0,0.0,0,0,0.0,0,0.002763733220201658,103.6,3360.0,1.0,0.00625495695388696,TeaStore,deployment,0.9192987871245889,1,6,27,0,0.02,0.0,0
tools.descartes.teastore.database,docker,0,0,1,1,0,0,0,0,0,0.0,0.017992244261116345,0.0,0.0,0,0,0.0,0,0.0023507810812852443,103.6,3360.0,1.0,0.00745479027623065,TeaStore,deployment,0.4039265323699083,1,25,9,0,0.02,0.0,0
tools.descartes.teastore.database,docker,0,0,1,1,0,0,0,0,0,0.0,0.020953795346675644,0.0,0.0,0,0,0.0,0,0.0025996670843866317,103.6,3360.0,1.0,0.006662083641965071,TeaStore,deployment,0.26261245282427875,1,13,35,0,0.02,0.0,0
tools.descartes.teastore.database,docker,0,0,1,1,0,0,0,0,0,0.0,0.017959551635465778,0.0,0.0,0,0,0.0,0,0.0022031470368869825,103.6,3360.0,1.0,0.007557658453467277,TeaStore,deployment,0.46341896496451207,1,2,59,0,0.02,0.0,0
tools.descartes.teastore.database,docker,0,0,1,1,0,0,0,0,0,0.0,0.02082982006409031,0.0,0.0,0,0,0.0,0,0.0018004533047000818,103.6,3360.0,1.0,0.006352115653424898,TeaStore,deployment,0.7344445665889404,1,22,7,0,0.0932,0.0,0
tools.descartes.teastore.database,docker,0,0,1,1,0,0,0,0,0,0.0,0.017946229512212326,0.0,0.0,0,0,0.0,0,0.0015043734076415276,103.6,3360.0,1.0,0.005604248100478596,TeaStore,deployment,0.6189332921134336,1,13,28,0,0.0826,0.0,0
tools.descartes.teastore.database,docker,0,0,1,1,0,0,0,0,0,0.0,0.019704324976134564,0.0,0.0,0,0,0.0,0,0.002494503852959853,103.6,3360.0,1.0,0.005800914287998775,TeaStore,config_change,0.18786396173488323,1,24,23,0,0.0399,0.0,0
tools.descartes.teastore.database,docker,0,0,1,1,0,0,0,0,0,0.0,0.020150971528565494,0.0,0.0,0,0,0.0,0,0.001288965987174173,103.6,3360.0,1.0,0.00641286894196392,TeaStore,code_change,0.6229753726858485,1,26,10,0,0.0726,0.0,0
tools.descartes.teastore.database,docker,0,0,1,1,0,0,0,0,0,0.0,0.019233663620680536,0.0,0.0,0,0,0.0,0,0.0010882616435782602,103.6,3360.0,1.0,0.008230066075342934,TeaStore,deployment,0.669739327006564,0,21,52,1,0.1485,0.2252,65
tools.descartes.teastore.database,docker,0,0,1,1,0,0,0,0,0,0.0,0.01802248676340925,0.0,0.0,0,0,0.0,0,0.0018517620982774763,103.6,3360.0,1.0,0.008176939394021433,TeaStore,deployment,0.7044474954281373,1,13,51,0,0.073,0.0,0
tools.descartes.teastore.database,docker,0,0,1,1,0,0,0,0,0,0.0,0.018313216248251413,0.0,0.0,0,0,0.0,0,0.0013217195140061955,103.6,3360.0,1.0,0.005282734234383135,TeaStore,config_change,0.14234412493908458,1,12,4,0,0.2697,0.0,0
tools.descartes.teastore.database,docker,0,0,1,1,0,0,0,0,0,0.0,0.02425656955609304,0.0,0.0,0,0,0.0,0,0.0011782935088109953,103.6,3360.0,1.0,0.00538965819890081,TeaStore,scaling,0.5907462422099585,1,15,11,0,0.1022,0.0,0
tools.descartes.teastore.database,docker,0,0,1,1,0,0,0,0,0,0.0,0.029191468608887907,0.0,0.0,0,0,0.0,0,0.001,103.6,3360.0,1.0,0.007321500107915719,TeaStore,config_change,0.19334513837709172,0,4,49,0,0.0614,0.0,0
tools.descartes.teastore.database,docker,0,0,1,1,0,0,0,0,0,0.0,0.022752982364959033,0.0,0.0,0,0,0.0,0,0.0018231994262956864,103.6,3360.0,1.0,0.007235914147023096,TeaStore,config_change,0.09502877042478022,0,14,26,0,0.0843,0.0,0
tools.descartes.teastore.database,docker,0,0,1,1,0,0,0,0,0,0.0,0.024315416983547868,0.0,0.0,0,0,0.0,0,0.001,103.6,3360.0,1.0,0.008389974001055182,TeaStore,config_change,0.12580590791657092,0,18,151,0,0.1604,0.0,0
tools.descartes.teastore.database,docker,0,0,1,1,0,0,0,0,0,0.0,0.02420535520703062,0.0,0.0,0,0,0.0,0,0.0016679032547146208,103.6,3360.0,1.0,0.006275336098818477,TeaStore,deployment,0.5399540641726215,0,25,21,0,0.1173,0.0,0
tools.descartes.teastore.database,docker,0,0,1,1,0,0,0,0,0,0.0,0.017996148387249764,0.0,0.0,0,0,0.0,0,0.0023817414414500073,103.6,3360.0,1.0,0.007535893880709452,TeaStore,code_change,0.5680340347130189,1,3,8,0,0.1082,0.0,0
tools.descartes.teastore.database,docker,0,0,1,1,0,0,0,0,0,0.0,0.022358658045366103,0.0,0.0,0,0,0.0,0,0.0016219516614445306,103.6,3360.0,1.0,0.00532120377814986,TeaStore,deployment,0.5920612252984697,0,18,140,0,0.2232,0.0,0
tools.descartes.teastore.database,docker,0,0,1,1,0,0,0,0,0,0.0,0.02861454131376803,0.0,0.0,0,0,0.0,0,0.001,103.6,3360.0,1.0,0.008083285645424073,TeaStore,code_change,0.6563449930534675,1,1,6,0,0.3055,0.0,0
tools.descartes.teastore.database,docker,0,0,1,1,0,0,0,0,0,0.0,0.018599766752696253,0.0,0.0,0,0,0.0,0,0.0015947728574314775,103.6,3360.0,1.0,0.005661787084335014,TeaStore,deployment,0.5189595578082695,1,16,159,0,0.02,0.0,0
tools.descartes.teastore.database,docker,0,0,1,1,0,0,0,0,0,0.0,0.022377116719879474,0.0,0.0,0,0,0.0,0,0.0021349928184724114,103.6,3360.0,1.0,0.006048242622215358,TeaStore,deployment,0.2859192886554469,1,3,19,0,0.0588,0.0,0
tools.descartes.teastore.database,docker,0,0,1,1,0,0,0,0,0,0.0,0.023375614027063812,0.0,0.0,0,0,0.0,0,0.0025795267889155704,103.6,3360.0,1.0,0.006411522636516764,TeaStore,deployment,0.23044791632132944,1,3,3,1,0.2644,0.1449,58
tools.descartes.teastore.database,docker,0,0,1,1,0,0,0,0,0,0.0,0.022418292474213227,0.0,0.0,0,0,0.0,0,0.0010598497399307196,103.6,3360.0,1.0,0.008490016290585073,TeaStore,code_change,0.48241690032212686,0,9,14,0,0.1565,0.0,0
tools.descartes.teastore.database,docker,0,0,1,1,0,0,0,0,0,0.0,0.025153304061782362,0.0,0.0,0,0,0.0,0,0.0023576108680494947,103.6,3360.0,1.0,0.007817486329278284,TeaStore,deployment,0.2038111574315816,0,6,32,0,0.2059,0.0,0
tools.descartes.teastore.database,docker,0,0,1,1,0,0,0,0,0,0.0,0.026438212087442167,0.0,0.0,0,0,0.0,0,0.001073174964981103,103.6,3360.0,1.0,0.0058705866989969815,TeaStore,code_change,0.41971624801874635,1,13,15,0,0.0415,0.0,0
tools.descartes.teastore.database,docker,0,0,1,1,0,0,0,0,0,0.0,0.027429105277915145,0.0,0.0,0,0,0.0,0,0.001798070288908528,103.6,3360.0,1.0,0.008645852081664688,TeaStore,deployment,0.7518273713291056,1,15,45,0,0.0288,0.0,0
tools.descartes.teastore.database,docker,0,0,1,1,0,0,0,0,0,0.0,0.02665078785893195,0.0,0.0,0,0,0.0,0,0.0025783504995293316,103.6,3360.0,1.0,0.00758690340019446,TeaStore,deployment,0.27522090212932987,0,20,69,1,0.1297,0.2763,54
tools.descartes.teastore.database,docker,0,0,1,1,0,0,0,0,0,0.0,0.021659293234596838,0.0,0.0,0,0,0.0,0,0.001,103.6,3360.0,1.0,0.007912431425801841,TeaStore,code_change,0.4508853137800575,1,2,11,0,0.02,0.0,0
tools.descartes.teastore.database,docker,0,0,1,1,0,0,0,0,0,0.0,0.028615259524917946,0.0,0.0,0,0,0.0,0,0.002662998626027843,103.6,3360.0,1.0,0.007245736071256281,TeaStore,deployment,0.14005641310267392,1,12,0,1,0.1549,0.2412,68
tools.descartes.teastore.database,docker,0,0,1,1,0,0,0,0,0,0.0,0.029520015340434278,0.0,0.0,0,0,0.0,0,0.0020010452142552714,103.6,3360.0,1.0,0.008262694666548276,TeaStore,code_change,0.9195903293647507,1,11,26,0,0.1013,0.0,0
tools.descartes.teastore.database,docker,0,0,1,1,0,0,0,0,0,0.0,0.02819158883271136,0.0,0.0,0,0,0.0,0,0.002290845305320194,103.6,3360.0,1.0,0.006881203064115932,TeaStore,config_change,0.31431982225034205,1,3,3,1,0.3219,0.3412,88
tools.descartes.teastore.database,docker,0,0,1,1,0,0,0,0,0,0.0,0.021967726748193778,0.0,0.0,0,0,0.0,0,0.0023021087273020963,103.6,3360.0,1.0,0.00818749190672645,TeaStore,deployment,0.4554909074696905,1,14,192,1,0.0614,0.2734,51
tools.descartes.teastore.database,docker,0,0,1,1,0,0,0,0,0,0.0,0.025704909188594197,0.0,0.0,0,0,0.0,0,0.0023544694101218025,103.6,3360.0,1.0,0.005484374823514681,TeaStore,code_change,0.7314652065055204,1,20,16,0,0.0332,0.0,0
tools.descartes.teastore.database,docker,0,0,1,1,0,0,0,0,0,0.0,0.02336437050793891,0.0,0.0,0,0,0.0,0,0.0017900023072264673,103.6,3360.0,1.0,0.005448431901397185,TeaStore,deployment,0.1712061601182693,1,12,68,0,0.0224,0.0,0
tools.descartes.teastore.database,docker,0,0,1,1,0,0,0,0,0,0.0,0.026692533899912517,0.0,0.0,0,0,0.0,0,0.0026240674432625303,103.6,3360.0,1.0,0.007758479757906638,TeaStore,config_change,0.3548702908776343,0,17,31,0,0.1118,0.0,0
tools.descartes.teastore.database,docker,0,0,1,1,0,0,0,0,0,0.0,0.02545189114935114,0.0,0.0,0,0,0.0,0,0.0023810364478497673,103.6,3360.0,1.0,0.008467345393236146,TeaStore,config_change,0.14899819444499832,1,7,3,0,0.1266,0.0,0
tools.descartes.teastore.database,docker,0,0,1,1,0,0,0,0,0,0.0,0.018201252949453944,0.0,0.0,0,0,0.0,0,0.0024017620323496447,103.6,3360.0,1.0,0.0076830512867143135,TeaStore,code_change,0.3590116830384943,1,25,95,0,0.02,0.0,0
tools.descartes.teastore.database,docker,0,0,1,1,0,0,0,0,0,0.0,0.024134092982903664,0.0,0.0,0,0,0.0,0,0.0022933679051763984,103.6,3360.0,1.0,0.006136128714832411,TeaStore,deployment,0.6449955633102216,1,9,38,0,0.0985,0.0,0
tools.descartes.teastore.database,docker,0,0,1,1,0,0,0,0,0,0.0,0.02517343741658409,0.0,0.0,0,0,0.0,0,0.001953829159365269,103.6,3360.0,1.0,0.006837338697169052,TeaStore,code_change,0.2299300833484393,1,26,6,0,0.1903,0.0,0
tools.descartes.teastore.database,docker,0,0,1,1,0,0,0,0,0,0.0,0.023309586028758718,0.0,0.0,0,0,0.0,0,0.0021589206680368207,103.6,3360.0,1.0,0.005566506328479801,TeaStore,deployment,0.6350195028076203,0,20,9,0,0.2446,0.0,0
tools.descartes.teastore.docker.all,docker,0,1,0,1,0,7,6,0,7,0.0,0.026606265532777923,0.0,0.3160301020769412,0,7,8.0,1,0.05,2000.0,3360.0,1.0,1.0,TeaStore,scaling,0.2931649146864588,1,18,38,1,0.3474,0.6621,137
tools.descartes.teastore.docker.all,docker,0,1,0,1,0,6,6,0,9,0.0,0.024661327698092924,0.0,0.39485219757497286,0,8,8.0,1,0.041092181477534434,2000.0,3360.0,1.0,1.0,TeaStore,config_change,0.29869869251534326,1,20,0,1,0.5767,0.7157,164
tools.descartes.teastore.docker.all,docker,0,1,0,1,0,8,7,0,7,0.0,0.02605710949163506,0.0,0.3315728982094594,0,6,8.0,1,0.05,2000.0,3360.0,1.0,1.0,TeaStore,deployment,0.35517447246537365,0,21,9,0,0.4453,0.0,0
tools.descartes.teastore.docker.all,docker,0,1,0,1,0,6,8,0,6,0.0,0.028220965472557757,0.0,0.38572503316983003,0,8,8.0,1,0.05,2000.0,3360.0,1.0,1.0,TeaStore,config_change,0.28978804804577696,1,20,19,1,0.4229,0.8283,167
tools.descartes.teastore.docker.all,docker,0,1,0,1,0,6,8,0,7,0.0,0.018826995610111103,0.0,0.2772751872504853,0,9,8.0,1,0.05,2000.0,3360.0,1.0,1.0,TeaStore,code_change,0.6185000763289623,1,9,8,1,0.6015,0.4516,153
tools.descartes.teastore.docker.all,docker,0,1,0,1,0,7,7,0,6,0.0,0.02729101414215952,0.0,0.2551581758884031,0,7,8.0,1,0.041053011808282074,2000.0,3360.0,1.0,1.0,TeaStore,deployment,0.2381707828315509,1,29,23,1,0.4428,0.8773,169
tools.descartes.teastore.docker.all,docker,0,1,0,1,0,7,8,0,8,0.0,0.02547329921351712,0.0,0.33958713612693514,0,9,8.0,1,0.045793227999855135,2000.0,3360.0,1.0,1.0,TeaStore,scaling,0.4024747705117129,1,27,8,1,0.3569,0.4444,148
tools.descartes.teastore.docker.all,docker,0,1,0,1,0,8,8,0,6,0.0,0.0259788092949826,0.0,0.27618348531660825,0,7,8.0,1,0.03427544780911438,2000.0,3360.0,1.0,1.0,TeaStore,deployment,0.2021053082899635,1,12,37,0,0.2381,0.0,0
tools.descartes.teastore.docker.all,docker,0,1,0,1,0,6,6,0,8,0.0,0.02714716098544256,0.0,0.3246589889684768,0,6,8.0,1,0.029495740604815815,2000.0,3360.0,1.0,1.0,TeaStore,config_change,0.24865608654971727,0,4,36,0,0.3213,0.0,0
tools.descartes.teastore.docker.all,docker,0,1,0,1,0,8,7,0,8,0.0,0.02564181357195803,0.0,0.34098529254020016,0,8,8.0,1,0.05,2000.0,3360.0,1.0,1.0,TeaStore,deployment,0.49191566083824323,1,14,0,1,0.677,0.3389,165
tools.descartes.teastore.docker.all,docker,0,1,0,1,0,6,6,0,7,0.0,0.026747976921443036,0.0,0.3719816191489083,0,8,8.0,1,0.05,2000.0,3360.0,1.0,1.0,TeaStore,deployment,0.3469828731827859,1,28,39,1,0.352,0.6679,165
tools.descartes.teastore.docker.all,docker,0,1,0,1,0,7,8,0,6,0.0,0.026989403455170702,0.0,0.3863938051217211,0,7,8.0,1,0.05,2000.0,3360.0,1.0,1.0,TeaStore,deployment,0.5650975438937347,0,15,50,1,0.4473,0.4882,121
tools.descartes.teastore.docker.all,docker,0,1,0,1,0,6,9,0,6,0.0,0.027639592496855995,0.0,0.3903140110917495,0,9,8.0,1,0.0282447380221591,2000.0,3360.0,1.0,1.0,TeaStore,code_change,0.651903166649422,1,17,5,1,0.6527,0.5329,158
tools.descartes.teastore.docker.all,docker,0,1,0,1,0,8,7,0,8,0.0,0.023567174255714318,0.0,0.24471259342813742,0,7,8.0,1,0.05,2000.0,3360.0,1.0,1.0,TeaStore,config_change,0.06684690848995879,1,20,31,0,0.3822,0.0,0
tools.descartes.teastore.docker.all,docker,0,1,0,1,0,6,8,0,7,0.0,0.02899689320346929,0.0,0.35602139389332593,0,6,8.0,1,0.04028307811341193,2000.0,3360.0,1.0,1.0,TeaStore,deployment,0.497338768885512,1,25,16,1,0.4333,1.0,239
tools.descartes.teastore.docker.all,docker,0,1,0,1,0,7,7,0,8,0.0,0.01935363511830826,0.0,0.2819556233395034,0,7,8.0,1,0.05,2000.0,3360.0,1.0,1.0,TeaStore,deployment,0.29458733587716984,1,2,30,0,0.3033,0.0,0
tools.descartes.teastore.docker.all,docker,0,1,0,1,0,8,6,0,8,0.0,0.028048696815152253,0.0,0.29521021858932844,0,8,8.0,1,0.042820115040038846,2000.0,3360.0,1.0,1.0,TeaStore,config_change,0.10806835512290906,1,11,32,0,0.4546,0.0,0
tools.descartes.teastore.docker.all,docker,0,1,0,1,0,8,6,0,8,0.0,0.025144782513599733,0.0,0.3513156848349054,0,8,8.0,1,0.036379987982515676,2000.0,3360.0,1.0,1.0,TeaStore,scaling,0.36526256131758694,1,26,41,0,0.2548,0.0,0
tools.descartes.teastore.docker.all,docker,0,1,0,1,0,9,8,0,8,0.0,0.021456369862706492,0.0,0.385348623241818,0,8,8.0,1,0.03504467705722678,2000.0,3360.0,1.0,1.0,TeaStore,deployment,0.43729706840296967,1,23,5,1,0.4177,0.282,110
tools.descartes.teastore.docker.all,docker,0,1,0,1,0,8,9,0,6,0.0,0.018386628982047546,0.0,0.31772801041615295,0,9,8.0,1,0.05,2000.0,3360.0,1.0,1.0,TeaStore,config_change,0.07038192898375326,1,11,21,0,0.3891,0.0,0
tools.descartes.teastore.docker.all,docker,0,1,0,1,0,7,6,0,6,0.0,0.02854637125587444,0.0,0.3248039080843468,0,8,8.0,1,0.049254818226493836,2000.0,3360.0,1.0,1.0,TeaStore,deployment,0.5054337826935796,1,28,197,0,0.3262,0.0,0
tools.descartes.teastore.docker.all,docker,0,1,0,1,0,9,8,0,7,0.0,0.018586049437951085,0.0,0.24131949204370176,0,7,8.0,1,0.05,2000.0,3360.0,1.0,1.0,TeaStore,code_change,0.8526418484803826,0,9,5,1,0.9164,0.5642,127
tools.descartes.teastore.docker.all,docker,0,1,0,1,0,7,8,0,7,0.0,0.021687889829191915,0.0,0.3359062731418473,0,9,8.0,1,0.04098256541188311,2000.0,3360.0,1.0,1.0,TeaStore,config_change,0.6135043857493643,1,15,36,1,0.5494,0.6632,152
tools.descartes.teastore.docker.all,docker,0,1,0,1,0,7,6,0,9,0.0,0.02547330071480218,0.0,0.35461967567022534,0,8,8.0,1,0.05,2000.0,3360.0,1.0,1.0,TeaStore,code_change,0.7550458410569698,1,18,45,0,0.6429,0.0,0
tools.descartes.teastore.docker.all,docker,0,1,0,1,0,8,7,0,9,0.0,0.026847509348052453,0.0,0.24299059012192004,0,8,8.0,1,0.05,2000.0,3360.0,1.0,1.0,TeaStore,code_change,0.31873106303648135,1,28,71,0,0.4132,0.0,0
tools.descartes.teastore.docker.all,docker,0,1,0,1,0,7,8,0,7,0.0,0.02307178715667232,0.0,0.3811842135135759,0,8,8.0,1,0.05,2000.0,3360.0,1.0,1.0,TeaStore,config_change,0.18649641157145105,1,23,16,1,0.357,0.874,142
tools.descartes.teastore.docker.all,docker,0,1,0,1,0,9,8,0,6,0.0,0.02534290131118797,0.0,0.30641435242046017,0,9,8.0,1,0.04444885633142292,2000.0,3360.0,1.0,1.0,TeaStore,deployment,0.7071388879798941,0,8,31,1,0.6886,0.8304,157
tools.descartes.teastore.docker.all,docker,0,1,0,1,0,7,7,0,9,0.0,0.02793584541877192,0.0,0.3560423078170459,0,8,8.0,1,0.05,2000.0,3360.0,1.0,1.0,TeaStore,deployment,0.8971894168507072,0,5,10,1,0.8451,0.4406,116
tools.descartes.teastore.docker.all,docker,0,1,0,1,0,7,6,0,7,0.0,0.019445017166367522,0.0,0.34360118077531154,0,7,8.0,1,0.05,2000.0,3360.0,1.0,1.0,TeaStore,deployment,0.7217030794774578,1,29,4,1,0.7958,0.6063,108
tools.descartes.teastore.docker.all,docker,0,1,0,1,0,8,8,0,6,0.0,0.024299890109876737,0.0,0.3122731827210334,0,6,8.0,1,0.04788121390330698,2000.0,3360.0,1.0,1.0,TeaStore,deployment,0.7350035186490279,1,28,3,1,0.7551,0.5781,116
tools.descartes.teastore.docker.all,docker,0,1,0,1,0,9,8,0,8,0.0,0.02442311071163591,0.0,0.2401303387694008,0,7,8.0,1,0.05,2000.0,3360.0,1.0,1.0,TeaStore,deployment,0.2622577843129733,1,27,11,1,0.4338,0.4631,81
tools.descartes.teastore.docker.all,docker,0,1,0,1,0,6,8,0,9,0.0,0.027186694766177234,0.0,0.35647699411105266,0,8,8.0,1,0.05,2000.0,3360.0,1.0,1.0,TeaStore,deployment,0.5270381784726939,0,29,26,1,0.4275,0.8384,191
tools.descartes.teastore.docker.all,docker,0,1,0,1,0,6,9,0,6,0.0,0.029698081071880423,0.0,0.32730824253384966,0,9,8.0,1,0.05,2000.0,3360.0,1.0,1.0,TeaStore,code_change,0.46114879913217294,1,7,49,1,0.4889,0.8845,183
tools.descartes.teastore.docker.all,docker,0,1,0,1,0,8,7,0,8,0.0,0.021345266616896758,0.0,0.28725475236302506,0,8,8.0,1,0.05,2000.0,3360.0,1.0,1.0,TeaStore,config_change,0.11245778053610903,0,17,12,0,0.5646,0.0,0
tools.descartes.teastore.docker.all,docker,0,1,0,1,0,7,7,0,7,0.0,0.01955093673762521,0.0,0.30432653102620505,0,7,8.0,1,0.05,2000.0,3360.0,1.0,1.0,TeaStore,code_change,0.5670419702986641,1,6,20,1,0.4195,0.7358,172
tools.descartes.teastore.docker.all,docker,0,1,0,1,0,7,6,0,7,0.0,0.028477002465473418,0.0,0.3411896082439928,0,6,8.0,1,0.05,2000.0,3360.0,1.0,1.0,TeaStore,code_change,0.711054602681284,1,10,2,1,0.8834,0.8675,219
tools.descartes.teastore.docker.all,docker,0,1,0,1,0,8,8,0,9,0.0,0.02369196252853865,0.0,0.27667840316991027,0,7,8.0,1,0.03158962134242268,2000.0,3360.0,1.0,1.0,TeaStore,config_change,0.4834667788731774,1,18,6,1,0.5297,0.6277,178
tools.descartes.teastore.docker.all,docker,0,1,0,1,0,9,6,0,8,0.0,0.02753740501022609,0.0,0.2793859936051307,0,6,8.0,1,0.05,2000.0,3360.0,1.0,1.0,TeaStore,code_change,0.8094387702985384,0,3,57,0,0.6217,0.0,0
tools.descartes.teastore.docker.all,docker,0,1,0,1,0,8,8,0,8,0.0,0.02794136959182382,0.0,0.28467022185037927,0,6,8.0,1,0.05,2000.0,3360.0,1.0,1.0,TeaStore,deployment,0.5385620716887592,1,3,106,1,0.4172,0.841,186
tools.descartes.teastore.docker.all,docker,0,1,0,1,0,8,9,0,7,0.0,0.024794359677800935,0.0,0.26472608059087255,0,8,8.0,1,0.05,2000.0,3360.0,1.0,1.0,TeaStore,config_change,0.3459261320650185,1,13,33,0,0.35,0.0,0
tools.descartes.teastore.docker.all,docker,0,1,0,1,0,8,6,0,8,0.0,0.020828801812571122,0.0,0.2670850044068741,0,9,8.0,1,0.0332587557807604,2000.0,3360.0,1.0,1.0,TeaStore,code_change,0.9039734662183818,1,5,9,0,0.4373,0.0,0
tools.descartes.teastore.docker.all,docker,0,1,0,1,0,7,9,0,6,0.0,0.022578235561071545,0.0,0.3454141145225859,0,7,8.0,1,0.026110768053561596,2000.0,3360.0,1.0,1.0,TeaStore,deployment,0.8855112084179185,1,10,0,1,0.6156,0.6672,163
tools.descartes.teastore.docker.all,docker,0,1,0,1,0,7,7,0,8,0.0,0.018979308986868566,0.0,0.3375027348938125,0,7,8.0,1,0.05,2000.0,3360.0,1.0,1.0,TeaStore,code_change,0.5595696514156052,0,12,33,1,0.5956,0.6808,127
tools.descartes.teastore.docker.all,docker,0,1,0,1,0,7,6,0,7,0.0,0.018720090706056965,0.0,0.32389683874306896,0,8,8.0,1,0.05,2000.0,3360.0,1.0,1.0,TeaStore,config_change,0.47877890101295223,1,9,20,1,0.4042,1.0,252
tools.descartes.teastore.docker.all,docker,0,1,0,1,0,8,9,0,9,0.0,0.026475745356192848,0.0,0.34897158257566785,0,9,8.0,1,0.037254741030043136,2000.0,3360.0,1.0,1.0,TeaStore,config_change,0.27797792111861264,0,28,22,1,0.308,0.8674,233
tools.descartes.teastore.docker.all,docker,0,1,0,1,0,6,9,0,9,0.0,0.02318274806932571,0.0,0.3761085894413405,0,7,8.0,1,0.05,2000.0,3360.0,1.0,1.0,TeaStore,config_change,0.5588346043864696,0,15,8,1,0.516,0.2785,131
tools.descartes.teastore.docker.all,docker,0,1,0,1,0,7,8,0,6,0.0,0.020167235528461985,0.0,0.3485321887605213,0,6,8.0,1,0.05,2000.0,3360.0,1.0,1.0,TeaStore,deployment,0.6531562792171149,1,21,11,0,0.5427,0.0,0
tools.descartes.teastore.docker.all,docker,0,1,0,1,0,7,7,0,8,0.0,0.023004916380518676,0.0,0.34462791841077023,0,7,8.0,1,0.03445532548670251,2000.0,3360.0,1.0,1.0,TeaStore,deployment,0.6173322356349594,1,4,4,0,0.6507,0.0,0
tools.descartes.teastore.docker.all,docker,0,1,0,1,0,8,6,0,9,0.0,0.028182775817842683,0.0,0.2897229095675612,0,8,8.0,1,0.05,2000.0,3360.0,1.0,1.0,TeaStore,deployment,0.3549415306765815,0,16,5,0,0.6743,0.0,0
tools.descartes.teastore.docker.all,docker,0,1,0,1,0,9,9,0,6,0.0,0.02720242058931425,0.0,0.2605243830635141,0,7,8.0,1,0.03683810581546905,2000.0,3360.0,1.0,1.0,TeaStore,code_change,0.6407759810816054,0,3,26,0,0.4921,0.0,0
tools.descartes.teastore.kieker.rabbitmq,java,0,0,1,1,0,0,0,0,0,0.0,0.019839038356722776,0.0,0.0,0,0,0.0,0,0.0022423096963707775,103.6,3360.0,1.0,0.006518012471747092,TeaStore,deployment,0.4877098914368388,1,29,13,0,0.0744,0.0,0
tools.descartes.teastore.kieker.rabbitmq,java,0,0,1,1,0,0,0,0,0,0.0,0.021335736259456364,0.0,0.0,0,0,0.0,0,0.0012597887197885814,103.6,3360.0,1.0,0.006010164547890645,TeaStore,deployment,0.6427944003906306,1,29,2,1,0.3072,0.2935,70
tools.descartes.teastore.kieker.rabbitmq,java,0,0,1,1,0,0,0,0,0,0.0,0.02025148411910158,0.0,0.0,0,0,0.0,0,0.0018349554137348189,103.6,3360.0,1.0,0.007549437685731645,TeaStore,config_change,0.07596586657786783,1,26,52,0,0.02,0.0,0
tools.descartes.teastore.kieker.rabbitmq,java,0,0,1,1,0,0,0,0,0,0.0,0.025394923391065673,0.0,0.0,0,0,0.0,0,0.0011021982882831326,103.6,3360.0,1.0,0.005687182487919913,TeaStore,config_change,0.055814057254118005,0,3,25,1,0.0996,0.492,88
tools.descartes.teastore.kieker.rabbitmq,java,0,0,1,1,0,0,0,0,0,0.0,0.02470379865750763,0.0,0.0,0,0,0.0,0,0.0018234877034420623,103.6,3360.0,1.0,0.006343359191733604,TeaStore,deployment,0.3856891279843441,0,17,23,0,0.1669,0.0,0
tools.descartes.teastore.kieker.rabbitmq,java,0,0,1,1,0,0,0,0,0,0.0,0.02557191423454254,0.0,0.0,0,0,0.0,0,0.002421584896338545,103.6,3360.0,1.0,0.006404313101816074,TeaStore,deployment,0.6848878183743683,0,24,40,1,0.1011,0.2748,82
tools.descartes.teastore.kieker.rabbitmq,java,0,0,1,1,0,0,0,0,0,0.0,0.027777318711401655,0.0,0.0,0,0,0.0,0,0.002076010297208948,103.6,3360.0,1.0,0.00549440452040804,TeaStore,config_change,0.5625105536288453,1,14,22,0,0.02,0.0,0
tools.descartes.teastore.kieker.rabbitmq,java,0,0,1,1,0,0,0,0,0,0.0,0.023235219928476495,0.0,0.0,0,0,0.0,0,0.0010915532347532144,103.6,3360.0,1.0,0.006263735554971674,TeaStore,deployment,0.31527671622962095,1,22,7,0,0.02,0.0,0
tools.descartes.teastore.kieker.rabbitmq,java,0,0,1,1,0,0,0,0,0,0.0,0.024102119295411388,0.0,0.0,0,0,0.0,0,0.001,103.6,3360.0,1.0,0.005686861012541137,TeaStore,deployment,0.648672461057464,1,15,90,0,0.02,0.0,0
tools.descartes.teastore.kieker.rabbitmq,java,0,0,1,1,0,0,0,0,0,0.0,0.021705103115656568,0.0,0.0,0,0,0.0,0,0.0018271881012003142,103.6,3360.0,1.0,0.007116901122276795,TeaStore,deployment,0.7080847214451461,0,3,25,0,0.1537,0.0,0
tools.descartes.teastore.kieker.rabbitmq,java,0,0,1,1,0,0,0,0,0,0.0,0.019977335168685075,0.0,0.0,0,0,0.0,0,0.0010226505506709855,103.6,3360.0,1.0,0.00784849906304821,TeaStore,code_change,0.6502287084912985,0,9,14,0,0.0682,0.0,0
tools.descartes.teastore.kieker.rabbitmq,java,0,0,1,1,0,0,0,0,0,0.0,0.028774369458657186,0.0,0.0,0,0,0.0,0,0.0021930885166523907,103.6,3360.0,1.0,0.0052606204976602304,TeaStore,config_change,0.3758670129415553,1,7,43,0,0.02,0.0,0
tools.descartes.teastore.kieker.rabbitmq,java,0,0,1,1,0,0,0,0,0,0.0,0.023833315015953257,0.0,0.0,0,0,0.0,0,0.0010712162661200202,103.6,3360.0,1.0,0.008456914252826268,TeaStore,config_change,0.22692851253559226,1,10,33,0,0.0509,0.0,0
tools.descartes.teastore.kieker.rabbitmq,java,0,0,1,1,0,0,0,0,0,0.0,0.020207288042098155,0.0,0.0,0,0,0.0,0,0.00151850623791145,103.6,3360.0,1.0,0.008080422546661997,TeaStore,code_change,0.5284299214525909,1,16,50,0,0.0527,0.0,0
tools.descartes.teastore.kieker.rabbitmq,java,0,0,1,1,0,0,0,0,0,0.0,0.026062156996274007,0.0,0.0,0,0,0.0,0,0.0015764754921117302,103.6,3360.0,1.0,0.007406768014944414,TeaStore,config_change,0.10204423742577567,0,3,4,1,0.2722,0.3482,65
tools.descartes.teastore.kieker.rabbitmq,java,0,0,1,1,0,0,0,0,0,0.0,0.01909613820891777,0.0,0.0,0,0,0.0,0,0.0019406453988347436,103.6,3360.0,1.0,0.008303289847131481,TeaStore,deployment,0.2719175521997099,0,13,5,0,0.3155,0.0,0
tools.descartes.teastore.kieker.rabbitmq,java,0,0,1,1,0,0,0,0,0,0.0,0.026860512236971848,0.0,0.0,0,0,0.0,0,0.00168932861476866,103.6,3360.0,1.0,0.008500666433787314,TeaStore,code_change,0.8526273782834125,1,27,10,0,0.02,0.0,0
tools.descartes.teastore.kieker.rabbitmq,java,0,0,1,1,0,0,0,0,0,0.0,0.02114470096512837,0.0,0.0,0,0,0.0,0,0.002591582928344573,103.6,3360.0,1.0,0.005408186515571476,TeaStore,deployment,0.3513135449613877,1,5,47,0,0.0504,0.0,0
tools.descartes.teastore.kieker.rabbitmq,java,0,0,1,1,0,0,0,0,0,0.0,0.024430609525773018,0.0,0.0,0,0,0.0,0,0.001515690078165817,103.6,3360.0,1.0,0.006273440127884073,TeaStore,deployment,0.46145682450039244,1,27,15,0,0.02,0.0,0
tools.descartes.teastore.kieker.rabbitmq,java,0,0,1,1,0,0,0,0,0,0.0,0.020806393142672047,0.0,0.0,0,0,0.0,0,0.001,103.6,3360.0,1.0,0.006819019354717025,TeaStore,deployment,0.2244074659067708,1,1,19,0,0.02,0.0,0
tools.descartes.teastore.kieker.rabbitmq,java,0,0,1,1,0,0,0,0,0,0.0,0.02566097863879121,0.0,0.0,0,0,0.0,0,0.0024337207408040656,103.6,3360.0,1.0,0.007547886891570794,TeaStore,config_change,0.173205221534514,1,14,56,0,0.0732,0.0,0
tools.descartes.teastore.kieker.rabbitmq,java,0,0,1,1,0,0,0,0,0,0.0,0.01890264119696557,0.0,0.0,0,0,0.0,0,0.0021137317039077327,103.6,3360.0,1.0,0.007452334314720091,TeaStore,deployment,0.2031693178630385,1,21,17,0,0.02,0.0,0
tools.descartes.teastore.kieker.rabbitmq,java,0,0,1,1,0,0,0,0,0,0.0,0.023134196650799094,0.0,0.0,0,0,0.0,0,0.0018587044389332423,103.6,3360.0,1.0,0.008282582601041883,TeaStore,config_change,0.6092686207646568,1,7,19,0,0.02,0.0,0
tools.descartes.teastore.kieker.rabbitmq,java,0,0,1,1,0,0,0,0,0,0.0,0.01909881253075582,0.0,0.0,0,0,0.0,0,0.0023947129104762567,103.6,3360.0,1.0,0.008059870718695092,TeaStore,deployment,0.4622441286247177,0,7,0,0,0.3493,0.0,0
tools.descartes.teastore.kieker.rabbitmq,java,0,0,1,1,0,0,0,0,0,0.0,0.021827250089283434,0.0,0.0,0,0,0.0,0,0.001319018215303998,103.6,3360.0,1.0,0.0055094729009359964,TeaStore,code_change,0.9194411860743622,1,24,1,0,0.2075,0.0,0
tools.descartes.teastore.kieker.rabbitmq,java,0,0,1,1,0,0,0,0,0,0.0,0.019564659650137366,0.0,0.0,0,0,0.0,0,0.0010234098815124363,103.6,3360.0,1.0,0.007251097532673739,TeaStore,deployment,0.5448570469889548,0,27,11,0,0.0255,0.0,0
tools.descartes.teastore.kieker.rabbitmq,java,0,0,1,1,0,0,0,0,0,0.0,0.028473554205616924,0.0,0.0,0,0,0.0,0,0.001,103.6,3360.0,1.0,0.008093484610343276,TeaStore,code_change,0.6666693553527508,1,26,65,0,0.1254,0.0,0
tools.descartes.teastore.kieker.rabbitmq,java,0,0,1,1,0,0,0,0,0,0.0,0.026006494888476377,0.0,0.0,0,0,0.0,0,0.001,103.6,3360.0,1.0,0.005533067539277175,TeaStore,deployment,0.6292403931675355,0,9,59,0,0.1529,0.0,0
tools.descartes.teastore.kieker.rabbitmq,java,0,0,1,1,0,0,0,0,0,0.0,0.019659369650216564,0.0,0.0,0,0,0.0,0,0.001747729291539015,103.6,3360.0,1.0,0.00761012384801063,TeaStore,config_change,0.3611905722077562,0,4,99,0,0.0945,0.0,0
tools.descartes.teastore.kieker.rabbitmq,java,0,0,1,1,0,0,0,0,0,0.0,0.028886943496017437,0.0,0.0,0,0,0.0,0,0.0023826810123654587,103.6,3360.0,1.0,0.008369300147638533,TeaStore,config_change,0.1154092627149539,1,14,55,0,0.02,0.0,0
tools.descartes.teastore.kieker.rabbitmq,java,0,0,1,1,0,0,0,0,0,0.0,0.020076346471095075,0.0,0.0,0,0,0.0,0,0.0010645067058800116,103.6,3360.0,1.0,0.00589195198827696,TeaStore,code_change,0.8790745855588668,1,12,123,1,0.0766,0.2885,42
tools.descartes.teastore.kieker.rabbitmq,java,0,0,1,1,0,0,0,0,0,0.0,0.026681707544213437,0.0,0.0,0,0,0.0,0,0.002126646464976841,103.6,3360.0,1.0,0.006239732509071599,TeaStore,scaling,0.4128866579143826,1,18,8,0,0.0384,0.0,0
tools.descartes.teastore.kieker.rabbitmq,java,0,0,1,1,0,0,0,0,0,0.0,0.021143726598599373,0.0,0.0,0,0,0.0,0,0.0019827934274721003,103.6,3360.0,1.0,0.005707341613486926,TeaStore,config_change,0.32787561580357755,1,4,34,0,0.02,0.0,0
tools.descartes.teastore.kieker.rabbitmq,java,0,0,1,1,0,0,0,0,0,0.0,0.02309743466987375,0.0,0.0,0,0,0.0,0,0.0016084342895115414,103.6,3360.0,1.0,0.006888952075797949,TeaStore,code_change,0.43793005781757777,1,13,6,1,0.2192,0.2514,64
tools.descartes.teastore.kieker.rabbitmq,java,0,0,1,1,0,0,0,0,0,0.0,0.02833195773094965,0.0,0.0,0,0,0.0,0,0.0010670327581128228,103.6,3360.0,1.0,0.007772157622151307,TeaStore,code_change,0.3414550852162268,1,2,13,0,0.0416,0.0,0
tools.descartes.teastore.kieker.rabbitmq,java,0,0,1,1,0,0,0,0,0,0.0,0.02425145011715064,0.0,0.0,0,0,0.0,0,0.0017249377097215766,103.6,3360.0,1.0,0.007020905110397533,TeaStore,config_change,0.0780608902565222,1,8,3,0,0.1773,0.0,0
tools.descartes.teastore.kieker.rabbitmq,java,0,0,1,1,0,0,0,0,0,0.0,0.019356505627321323,0.0,0.0,0,0,0.0,0,0.001,103.6,3360.0,1.0,0.008623030840284462,TeaStore,code_change,0.7626495325630526,1,5,40,0,0.0698,0.0,0
tools.descartes.teastore.kieker.rabbitmq,java,0,0,1,1,0,0,0,0,0,0.0,0.024128152716687057,0.0,0.0,0,0,0.0,0,0.0023966292734702356,103.6,3360.0,1.0,0.006787381048718892,TeaStore,config_change,0.31242927778370727,1,13,0,1,0.1434,0.1982,39
tools.descartes.teastore.kieker.rabbitmq,java,0,0,1,1,0,0,0,0,0,0.0,0.02708118370955797,0.0,0.0,0,0,0.0,0,0.0012435574806883936,103.6,3360.0,1.0,0.008090004624387893,TeaStore,config_change,0.27923694510001157,1,22,1,0,0.1978,0.0,0
tools.descartes.teastore.kieker.rabbitmq,java,0,0,1,1,0,0,0,0,0,0.0,0.02195369935775603,0.0,0.0,0,0,0.0,0,0.001,103.6,3360.0,1.0,0.007086757776528838,TeaStore,deployment,0.9403321693082397,1,1,9,0,0.0642,0.0,0
tools.descartes.teastore.kieker.rabbitmq,java,0,0,1,1,0,0,0,0,0,0.0,0.02866263649816983,0.0,0.0,0,0,0.0,0,0.0013192538225880943,103.6,3360.0,1.0,0.006571520719107606,TeaStore,scaling,0.1356858975461235,1,8,7,0,0.0323,0.0,0
tools.descartes.teastore.kieker.rabbitmq,java,0,0,1,1,0,0,0,0,0,0.0,0.028392203154835094,0.0,0.0,0,0,0.0,0,0.001636433998644292,103.6,3360.0,1.0,0.006533996001601271,TeaStore,scaling,0.4762970447641241,1,6,15,0,0.0425,0.0,0
tools.descartes.teastore.kieker.rabbitmq,java,0,0,1,1,0,0,0,0,0,0.0,0.025828349073466216,0.0,0.0,0,0,0.0,0,0.0026821583110816444,103.6,3360.0,1.0,0.00703790539245939,TeaStore,scaling,0.2967037889012636,1,7,7,0,0.02,0.0,0
tools.descartes.teastore.kieker.rabbitmq,java,0,0,1,1,0,0,0,0,0,0.0,0.02829665461807019,0.0,0.0,0,0,0.0,0,0.0019361106938473598,103.6,3360.0,1.0,0.0078044711596221596,TeaStore,code_change,0.5333225946781515,1,10,72,1,0.099,0.2592,87
tools.descartes.teastore.kieker.rabbitmq,java,0,0,1,1,0,0,0,0,0,0.0,0.02346369670755589,0.0,0.0,0,0,0.0,0,0.0013174611574754834,103.6,3360.0,1.0,0.007418012875109334,TeaStore,code_change,0.16757378520693983,1,20,4,1,0.277,0.1096,72
tools.descartes.teastore.kieker.rabbitmq,java,0,0,1,1,0,0,0,0,0,0.0,0.028174571404463885,0.0,0.0,0,0,0.0,0,0.001556468853834123,103.6,3360.0,1.0,0.006022941302996514,TeaStore,config_change,0.2472195925228337,1,22,40,0,0.02,0.0,0
tools.descartes.teastore.kieker.rabbitmq,java,0,0,1,1,0,0,0,0,0,0.0,0.02644027704720555,0.0,0.0,0,0,0.0,0,0.0026987494719896365,103.6,3360.0,1.0,0.008269117067912016,TeaStore,config_change,0.33294136471364083,1,14,13,0,0.0563,0.0,0
tools.descartes.teastore.kieker.rabbitmq,java,0,0,1,1,0,0,0,0,0,0.0,0.02163040947713278,0.0,0.0,0,0,0.0,0,0.0016735109172012113,103.6,3360.0,1.0,0.006770412502416619,TeaStore,config_change,0.19003473853254982,1,12,54,0,0.02,0.0,0
tools.descartes.teastore.kieker.rabbitmq,java,0,0,1,1,0,0,0,0,0,0.0,0.024588345500532523,0.0,0.0,0,0,0.0,0,0.001,103.6,3360.0,1.0,0.007547787271315772,TeaStore,config_change,0.2996136566213863,1,29,52,0,0.0256,0.0,0
tools.descartes.teastore.kieker.rabbitmq,java,0,0,1,1,0,0,0,0,0,0.0,0.023127156980207418,0.0,0.0,0,0,0.0,0,0.0017280333390298367,103.6,3360.0,1.0,0.006161185043646531,TeaStore,deployment,0.6346528883677761,1,5,5,1,0.1573,0.3599,71
tools.descartes.teastore.dockerbase,docker,1,1,0,0,1,1,0,1,1,0.0,0.029482184984552545,0.04227451492127951,0.03159905382488452,1,0,1.0,1,0.015415973085545915,404.0,3611.0,1.0,0.24106752984873075,TeaStore,config_change,0.5625715170589988,1,4,31,0,0.0603,0.0,0
tools.descartes.teastore.dockerbase,docker,1,1,0,0,1,0,0,1,2,0.0,0.02189527818229869,0.04733869307891597,0.03247156191260778,1,0,1.0,1,0.016122732707880092,404.0,3611.0,1.0,0.2902428872491715,TeaStore,code_change,0.6386944244615819,0,8,4,1,0.4091,0.3756,90
tools.descartes.teastore.dockerbase,docker,1,1,0,0,0,1,0,1,2,0.0,0.031068310133414906,0.045398140660233254,0.041809830676468956,1,1,1.0,1,0.012122605470940505,404.0,3611.0,1.0,0.3724636501895397,TeaStore,config_change,0.3371162378517857,1,22,12,0,0.0993,0.0,0
tools.descartes.teastore.dockerbase,docker,1,1,0,0,1,1,0,1,2,0.0,0.03070048979630471,0.04484519097675115,0.047124899878917666,1,1,1.0,1,0.023135274775290912,404.0,3611.0,1.0,0.30912154683544324,TeaStore,code_change,0.853779795298953,0,7,8,0,0.2901,0.0,0
tools.descartes.teastore.dockerbase,docker,1,1,0,0,1,1,0,1,2,0.0,0.029522390066631862,0.04153164739011286,0.03289535005481124,0,0,1.0,1,0.015477152064548867,404.0,3611.0,1.0,0.3547065517864336,TeaStore,code_change,0.26408630768388514,0,5,28,0,0.2261,0.0,0
tools.descartes.teastore.dockerbase,docker,1,1,0,0,1,1,0,1,1,0.0,0.029778209048494868,0.038513549619811425,0.03255196813665876,0,1,1.0,1,0.010051756578159533,404.0,3611.0,1.0,0.3652962626899471,TeaStore,deployment,0.5201203105691821,1,12,14,0,0.1117,0.0,0
tools.descartes.teastore.dockerbase,docker,1,1,0,0,1,1,1,1,1,0.0,0.025545770982473497,0.04511605758551873,0.033284680090325446,0,1,1.0,1,0.028240103748573917,404.0,3611.0,1.0,0.24094207832416348,TeaStore,code_change,0.8510366487742109,1,15,24,0,0.1747,0.0,0
tools.descartes.teastore.dockerbase,docker,1,1,0,0,0,0,0,0,2,0.0,0.021699883445615232,0.049064828266372845,0.04387009057249484,1,0,1.0,1,0.015838057954093026,404.0,3611.0,1.0,0.32115603958362215,TeaStore,scaling,0.21787059568867637,0,7,23,1,0.209,0.3782,71
tools.descartes.teastore.dockerbase,docker,1,1,0,0,1,1,1,1,1,0.0,0.020256075559023198,0.04478479912931101,0.044249414747019385,0,0,1.0,1,0.02994493011563859,404.0,3611.0,1.0,0.24326006701560854,TeaStore,scaling,0.5581988950594624,1,27,7,0,0.2341,0.0,0
tools.descartes.teastore.dockerbase,docker,1,1,0,0,1,1,0,1,1,0.0,0.03017957309572768,0.03747361082156201,0.04465917560770393,0,0,1.0,1,0.008407713022416394,404.0,3611.0,1.0,0.23350080476019705,TeaStore,scaling,0.09574567235295148,0,4,3,0,0.3805,0.0,0
tools.descartes.teastore.dockerbase,docker,1,1,0,0,1,0,1,1,1,0.0,0.02013173622658847,0.031003130814317246,0.036492948397833624,1,0,1.0,1,0.01426111946440834,404.0,3611.0,1.0,0.3590703047885089,TeaStore,deployment,0.38812913762625867,1,4,18,0,0.02,0.0,0
tools.descartes.teastore.dockerbase,docker,1,1,0,0,0,1,1,1,1,0.0,0.021728499876461957,0.030933515056163596,0.03390629481151129,1,0,1.0,1,0.023752282809529648,404.0,3611.0,1.0,0.36861657138004683,TeaStore,deployment,0.7126369685907481,1,12,57,0,0.29,0.0,0
tools.descartes.teastore.dockerbase,docker,1,1,0,0,0,0,1,0,1,0.0,0.03221246401887999,0.048303412578909265,0.048802716401097374,0,1,1.0,1,0.025239345332005794,404.0,3611.0,1.0,0.23594727283195882,TeaStore,code_change,0.5984220449715946,1,12,19,0,0.2352,0.0,0
tools.descartes.teastore.dockerbase,docker,1,1,0,0,0,1,0,0,1,0.0,0.02107718507082573,0.04120906727201309,0.042470633064882225,1,0,1.0,1,0.027998174114565847,404.0,3611.0,1.0,0.2628520634840324,TeaStore,config_change,0.5652817919844572,0,5,147,1,0.4259,0.6108,120
tools.descartes.teastore.dockerbase,docker,1,1,0,0,1,0,1,1,1,0.0,0.029262075624996928,0.04174865717768784,0.04224699818296104,1,1,1.0,1,0.011799693464185508,404.0,3611.0,1.0,0.27812214117993445,TeaStore,deployment,0.7784280032019594,1,25,21,0,0.02,0.0,0
tools.descartes.teastore.dockerbase,docker,1,1,0,0,1,0,0,1,1,0.0,0.02318899411096903,0.03528708845134139,0.04858736180004662,0,0,1.0,1,0.010810527426307205,404.0,3611.0,1.0,0.3322758859214948,TeaStore,config_change,0.1298731068887849,0,29,4,0,0.3004,0.0,0
tools.descartes.teastore.dockerbase,docker,1,1,0,0,0,1,0,1,2,0.0,0.028206979901765655,0.03421793951778193,0.031550665164474134,0,0,1.0,1,0.014561555515301746,404.0,3611.0,1.0,0.3845255260109023,TeaStore,code_change,0.4629425216633952,1,15,51,0,0.0311,0.0,0
tools.descartes.teastore.dockerbase,docker,1,1,0,0,0,1,1,0,1,0.0,0.02935631705199464,0.045008412308341066,0.04182987054339951,1,0,1.0,1,0.014347896019382198,404.0,3611.0,1.0,0.3000019305605651,TeaStore,code_change,0.8152287897692314,1,2,5,0,0.1899,0.0,0
tools.descartes.teastore.dockerbase,docker,1,1,0,0,0,0,1,0,1,0.0,0.023722320265671705,0.038012525198083465,0.037925667121349246,1,0,1.0,1,0.022159572074122946,404.0,3611.0,1.0,0.3150961401764552,TeaStore,config_change,0.10491065549023237,0,24,112,1,0.3401,0.2114,61
tools.descartes.teastore.dockerbase,docker,1,1,0,0,0,0,1,0,1,0.0,0.023206436466897063,0.04717535702728021,0.046226724477206764,0,1,1.0,1,0.02666770856502719,404.0,3611.0,1.0,0.35253521208607863,TeaStore,deployment,0.6816889755828675,0,18,13,0,0.3027,0.0,0
tools.descartes.teastore.dockerbase,docker,1,1,0,0,1,1,0,1,2,0.0,0.02205206306169695,0.03530577030710587,0.04003781545510277,1,0,1.0,1,0.014915521474057487,404.0,3611.0,1.0,0.3600077961418365,TeaStore,deployment,0.42094489740415764,1,1,27,0,0.0874,0.0,0
tools.descartes.teastore.dockerbase,docker,1,1,0,0,0,1,0,1,1,0.0,0.02607659997264862,0.03464967503465705,0.04199409435372318,0,1,1.0,1,0.01421463183060138,404.0,3611.0,1.0,0.27162181685982445,TeaStore,deployment,0.28573367961568935,1,19,32,0,0.0459,0.0,0
tools.descartes.teastore.dockerbase,docker,1,1,0,0,1,0,0,0,1,0.0,0.026021466207301815,0.048082599676499777,0.03760636684304835,1,0,1.0,1,0.008127530908888948,404.0,3611.0,1.0,0.3119072427511281,TeaStore,deployment,0.5927515510825678,1,12,47,0,0.0242,0.0,0
tools.descartes.teastore.dockerbase,docker,1,1,0,0,1,0,1,1,1,0.0,0.019939255238406818,0.033479345375776244,0.04616488654162975,0,0,1.0,1,0.016301041351740417,404.0,3611.0,1.0,0.31507174951444056,TeaStore,deployment,0.5891725742499356,1,13,30,0,0.02,0.0,0
tools.descartes.teastore.dockerbase,docker,1,1,0,0,0,0,1,1,2,0.0,0.0268896382596659,0.03471763404687613,0.030690995625633797,1,0,1.0,1,0.014996620329818678,404.0,3611.0,1.0,0.2929523945292477,TeaStore,deployment,0.5713002770715375,1,8,119,0,0.0397,0.0,0
tools.descartes.teastore.dockerbase,docker,1,1,0,0,1,0,0,0,1,0.0,0.0201854539427634,0.04653253234699216,0.036814375326140104,1,0,1.0,1,0.022054421803368304,404.0,3611.0,1.0,0.26921862965048965,TeaStore,deployment,0.7787929055476095,1,18,83,0,0.2159,0.0,0
tools.descartes.teastore.dockerbase,docker,1,1,0,0,1,0,0,1,1,0.0,0.028048195816806412,0.04647151382625902,0.0368164404437269,0,1,1.0,1,0.02682874762496124,404.0,3611.0,1.0,0.31852436590221034,TeaStore,deployment,0.9608097571632206,0,29,45,0,0.2774,0.0,0
tools.descartes.teastore.dockerbase,docker,1,1,0,0,1,0,1,1,1,0.0,0.029292958388128253,0.03121319275655356,0.045211696099523344,0,1,1.0,1,0.024848410305204724,404.0,3611.0,1.0,0.2505619881591196,TeaStore,deployment,0.3579005861113456,1,12,11,0,0.3388,0.0,0
tools.descartes.teastore.dockerbase,docker,1,1,0,0,1,0,1,1,2,0.0,0.02132244835854016,0.04277248284277029,0.04702215309168405,0,1,1.0,1,0.010609990131019164,404.0,3611.0,1.0,0.2413562113577413,TeaStore,config_change,0.3024962813155284,1,24,9,0,0.02,0.0,0
tools.descartes.teastore.dockerbase,docker,1,1,0,0,1,0,0,0,1,0.0,0.02335839383597079,0.036712496356917104,0.03466603107482466,1,0,1.0,1,0.024775088218932467,404.0,3611.0,1.0,0.2314632259263511,TeaStore,deployment,0.4568516441067217,1,17,13,1,0.2072,0.219,47
tools.descartes.teastore.dockerbase,docker,1,1,0,0,1,1,1,1,2,0.0,0.029813651187776614,0.033369197190559564,0.030909303757544047,1,0,1.0,1,0.02685683965154617,404.0,3611.0,1.0,0.2640305295120296,TeaStore,code_change,0.6119880624243582,0,27,12,0,0.3773,0.0,0
tools.descartes.teastore.dockerbase,docker,1,1,0,0,1,0,1,1,2,0.0,0.02403665822366912,0.0495373420592866,0.044513671077944544,0,0,1.0,1,0.02619400853421652,404.0,3611.0,1.0,0.30474772823611423,TeaStore,config_change,0.3584929751988728,1,7,41,0,0.2214,0.0,0
tools.descartes.teastore.dockerbase,docker,1,1,0,0,0,0,0,1,1,0.0,0.031065174254234926,0.03504037825178903,0.03393333622295371,0,1,1.0,1,0.027916701590583168,404.0,3611.0,1.0,0.3274212758175521,TeaStore,deployment,0.2152493300969459,0,13,1,1,0.5279,0.397,107
tools.descartes.teastore.dockerbase,docker,1,1,0,0,1,0,1,0,2,0.0,0.028906716334621347,0.034775488379645204,0.04144938708483428,0,1,1.0,1,0.025582101783766048,404.0,3611.0,1.0,0.2575594354951899,TeaStore,deployment,0.49776495827774864,1,5,4,1,0.4224,0.456,103
tools.descartes.teastore.dockerbase,docker,1,1,0,0,1,1,0,1,1,0.0,0.02529594975449889,0.048114983478827165,0.04805160989832688,1,1,1.0,1,0.021353341433295665,404.0,3611.0,1.0,0.3838324800900091,TeaStore,deployment,0.2638427082982672,1,1,11,0,0.1808,0.0,0
tools.descartes.teastore.dockerbase,docker,1,1,0,0,1,1,1,0,1,0.0,0.02999783656206179,0.04807985587370045,0.03564622404317453,0,1,1.0,1,0.023088814708416252,404.0,3611.0,1.0,0.37960840520283284,TeaStore,deployment,0.2976052348727698,1,5,23,0,0.3019,0.0,0
tools.descartes.teastore.dockerbase,docker,1,1,0,0,0,1,1,0,2,0.0,0.03202545778628551,0.04823851791839674,0.04026269680107559,1,0,1.0,1,0.010521560076953746,404.0,3611.0,1.0,0.27080826011241144,TeaStore,deployment,0.10043109000399024,1,21,13,0,0.0351,0.0,0
tools.descartes.teastore.dockerbase,docker,1,1,0,0,1,1,0,1,2,0.0,0.021298216213113855,0.04045768583297456,0.049188634725419636,1,1,1.0,1,0.015172466436093497,404.0,3611.0,1.0,0.2866957003951192,TeaStore,config_change,0.19512519721997237,1,8,12,0,0.1214,0.0,0
tools.descartes.teastore.dockerbase,docker,1,1,0,0,1,0,1,0,1,0.0,0.01994480672721122,0.03718170541184045,0.04923996924634867,0,1,1.0,1,0.02876499342557736,404.0,3611.0,1.0,0.3372511923749919,TeaStore,deployment,0.09769273458324966,1,16,20,0,0.1242,0.0,0
tools.descartes.teastore.dockerbase,docker,1,1,0,0,0,0,1,0,2,0.0,0.029410055484153583,0.043720807310259166,0.0428014384897431,1,1,1.0,1,0.030913754618437837,404.0,3611.0,1.0,0.27225806662988633,TeaStore,scaling,0.22607484573214495,0,20,5,0,0.5134,0.0,0
tools.descartes.teastore.dockerbase,docker,1,1,0,0,0,1,1,0,2,0.0,0.022190211932999228,0.03421081176807489,0.040290157561568105,1,1,1.0,1,0.008842465746460821,404.0,3611.0,1.0,0.322903033350817,TeaStore,config_change,0.2674432546725029,1,15,21,0,0.0776,0.0,0
tools.descartes.teastore.dockerbase,docker,1,1,0,0,0,1,0,1,2,0.0,0.027269717403105236,0.046428792632547726,0.03077472977377325,1,1,1.0,1,0.017616367551877274,404.0,3611.0,1.0,0.3073598379062934,TeaStore,scaling,0.10697019774096546,1,26,24,0,0.02,0.0,0
tools.descartes.teastore.dockerbase,docker,1,1,0,0,1,0,1,1,2,0.0,0.03092234550709462,0.035624218708486984,0.038640943078967614,1,1,1.0,1,0.01921662959039086,404.0,3611.0,1.0,0.317927289432767,TeaStore,deployment,0.2604676179317322,1,7,61,0,0.02,0.0,0
tools.descartes.teastore.dockerbase,docker,1,1,0,0,0,0,0,0,1,0.0,0.0327264260106378,0.047994158980755486,0.03389621399139851,0,1,1.0,1,0.02258356994155225,404.0,3611.0,1.0,0.30878881454004253,TeaStore,config_change,0.22207680301463706,0,29,75,1,0.3398,0.4042,70
tools.descartes.teastore.dockerbase,docker,1,1,0,0,1,0,1,1,2,0.0,0.024760462871820595,0.036314075969808325,0.0483499619296411,1,1,1.0,1,0.022041239054356978,404.0,3611.0,1.0,0.3582992752586082,TeaStore,code_change,0.8750619761173343,1,7,6,0,0.5034,0.0,0
tools.descartes.teastore.dockerbase,docker,1,1,0,0,1,1,1,1,1,0.0,0.02356865526176659,0.03208307713195025,0.0346564650775556,1,1,1.0,1,0.019218885055310424,404.0,3611.0,1.0,0.3766069251582372,TeaStore,deployment,0.26142377157412794,1,24,5,0,0.3421,0.0,0
tools.descartes.teastore.dockerbase,docker,1,1,0,0,0,0,0,1,1,0.0,0.023051206571813372,0.04860305545287644,0.03369659247306199,1,1,1.0,1,0.031347371754797355,404.0,3611.0,1.0,0.33803152302228745,TeaStore,deployment,0.25297661610111194,1,27,4,1,0.3784,0.1589,68
tools.descartes.teastore.dockerbase,docker,1,1,0,0,0,0,1,1,2,0.0,0.03274820682348037,0.035065145389245475,0.03047525512436101,0,0,1.0,1,0.017155769407179607,404.0,3611.0,1.0,0.3099201356926256,TeaStore,deployment,0.20817506119110452,0,21,11,0,0.103,0.0,0
tools.descartes.teastore.dockerbase,docker,1,1,0,0,0,1,0,1,2,0.0,0.030164729501899513,0.03386069450225034,0.033044048950569185,1,0,1.0,1,0.017939592465500517,404.0,3611.0,1.0,0.3333630401685445,TeaStore,deployment,0.36736760278290953,0,2,16,0,0.072,0.0,0
tools.descartes.teastore.dockerbase,docker,1,1,0,0,1,1,1,1,1,0.0,0.025283077088517694,0.04651603684310526,0.03258458605123457,0,1,1.0,1,0.013469318336537075,404.0,3611.0,1.0,0.25086929853474643,TeaStore,config_change,0.3095048517235776,1,21,20,0,0.0533,0.0,0
tools.descartes.teastore.webui,java,1,1,0,0,0,0,0,0,1,0.0,0.029168299458682885,0.04630843320032122,0.03955426306356262,1,0,1.0,1,0.01459211964935685,404.0,3611.0,1.0,0.2588947914796924,TeaStore,config_change,0.14913044425882274,0,13,117,0,0.0584,0.0,0
tools.descartes.teastore.webui,java,1,1,0,0,0,1,1,1,1,0.0,0.02524682277775782,0.04748801438712563,0.04108358492845257,1,1,1.0,1,0.022244862652416895,404.0,3611.0,1.0,0.3464138904056508,TeaStore,deployment,0.28498476043718346,1,15,8,0,0.36,0.0,0
tools.descartes.teastore.webui,java,1,1,0,0,1,0,1,1,1,0.0,0.025852860884354727,0.032216511325830394,0.033657849697147295,1,1,1.0,1,0.013905839538181823,404.0,3611.0,1.0,0.24598914162150673,TeaStore,deployment,0.4785081158313961,1,9,55,0,0.02,0.0,0
tools.descartes.teastore.webui,java,1,1,0,0,1,0,1,0,2,0.0,0.03010558240522057,0.0312218539896399,0.04254244608137328,0,1,1.0,1,0.019452298160878182,404.0,3611.0,1.0,0.3481427094297187,TeaStore,deployment,0.8297819796290204,1,7,15,0,0.0816,0.0,0
tools.descartes.teastore.webui,java,1,1,0,0,0,1,1,0,1,0.0,0.026363860527159833,0.04865818519658435,0.03425497679697018,0,0,1.0,1,0.016015939729538138,404.0,3611.0,1.0,0.2870882085231068,TeaStore,deployment,0.36517153017747755,1,1,100,0,0.02,0.0,0
tools.descartes.teastore.webui,java,1,1,0,0,0,0,1,0,2,0.0,0.026452904262174864,0.04530861243756056,0.04002104000470927,0,0,1.0,1,0.01083770162913468,404.0,3611.0,1.0,0.35150608072362904,TeaStore,deployment,0.6944557870107617,0,20,57,0,0.0823,0.0,0
tools.descartes.teastore.webui,java,1,1,0,0,0,1,1,0,1,0.0,0.02158244110886005,0.04455814606641297,0.03511402260256441,1,1,1.0,1,0.017263925778377157,404.0,3611.0,1.0,0.25695174209906657,TeaStore,config_change,0.3844525214628067,1,22,18,0,0.0928,0.0,0
tools.descartes.teastore.webui,java,1,1,0,0,0,0,0,0,1,0.0,0.03232514245202897,0.03952113780436635,0.04727199043842907,1,0,1.0,1,0.03106568460588715,404.0,3611.0,1.0,0.24004977524609325,TeaStore,deployment,0.18393100998356035,1,9,31,0,0.231,0.0,0
tools.descartes.teastore.webui,java,1,1,0,0,0,1,0,0,2,0.0,0.027431597262125806,0.04864337354072609,0.03215803838963155,1,1,1.0,1,0.025355995403146262,404.0,3611.0,1.0,0.24552762987259874,TeaStore,deployment,0.300823931111895,1,8,9,0,0.2608,0.0,0
tools.descartes.teastore.webui,java,1,1,0,0,0,0,0,0,2,0.0,0.03130518485252716,0.04394728590799933,0.04022223825968843,1,0,1.0,1,0.029473386502499376,404.0,3611.0,1.0,0.27902694588058863,TeaStore,config_change,0.2766679309916939,1,1,6,1,0.4201,0.1595,46
tools.descartes.teastore.webui,java,1,1,0,0,1,0,0,0,2,0.0,0.025120306005241656,0.03192073623762769,0.049063592335851836,1,1,1.0,1,0.00963429667781524,404.0,3611.0,1.0,0.36477633056638437,TeaStore,deployment,0.14893157090640124,0,1,48,0,0.2138,0.0,0
tools.descartes.teastore.webui,java,1,1,0,0,1,0,0,0,1,0.0,0.029472433243441367,0.03366244397465544,0.03676831382190219,1,1,1.0,1,0.023992465999476964,404.0,3611.0,1.0,0.3457118721671931,TeaStore,deployment,0.5299276955081893,0,16,2,1,0.4546,0.2014,66
tools.descartes.teastore.webui,java,1,1,0,0,1,1,1,0,2,0.0,0.023299389508897327,0.03150451178082246,0.038402823044263505,0,1,1.0,1,0.0270993978930265,404.0,3611.0,1.0,0.3261988760947328,TeaStore,code_change,0.4711330764907564,1,12,62,1,0.2268,0.8038,101
tools.descartes.teastore.webui,java,1,1,0,0,1,0,0,0,1,0.0,0.02551620849279556,0.037829162479230696,0.033552184086107516,1,0,1.0,1,0.029701856703205746,404.0,3611.0,1.0,0.2515740242239864,TeaStore,deployment,0.4785157214347672,0,20,4,1,0.5556,0.1123,59
tools.descartes.teastore.webui,java,1,1,0,0,0,1,0,0,1,0.0,0.026619731798894403,0.030092270719698413,0.030666241257825733,1,1,1.0,1,0.02493070716431854,404.0,3611.0,1.0,0.24390045678884234,TeaStore,config_change,0.23350557476789185,0,20,6,0,0.5145,0.0,0
tools.descartes.teastore.webui,java,1,1,0,0,0,1,0,0,1,0.0,0.022553092750938985,0.04444899112259642,0.04331450027831567,0,1,1.0,1,0.02399032199705971,404.0,3611.0,1.0,0.24229265245510953,TeaStore,config_change,0.15131461641531568,1,28,27,0,0.2229,0.0,0
tools.descartes.teastore.webui,java,1,1,0,0,1,1,0,1,1,0.0,0.02035289664978369,0.04960608757456319,0.04332932190979985,0,1,1.0,1,0.03217784444880755,404.0,3611.0,1.0,0.3698790746752022,TeaStore,deployment,0.49613169250637146,0,13,2,0,0.6692,0.0,0
tools.descartes.teastore.webui,java,1,1,0,0,0,0,0,1,1,0.0,0.03176022291580319,0.0349930208226558,0.04439319351920467,0,1,1.0,1,0.011234220885557703,404.0,3611.0,1.0,0.23566376569751263,TeaStore,code_change,0.3245094677481088,1,19,8,0,0.02,0.0,0
tools.descartes.teastore.webui,java,1,1,0,0,1,0,0,1,1,0.0,0.03013735927483092,0.04186655405529541,0.03502638702571989,0,1,1.0,1,0.027638244024280556,404.0,3611.0,1.0,0.3679449994119702,TeaStore,scaling,0.23510331764044576,1,16,79,0,0.1436,0.0,0
tools.descartes.teastore.webui,java,1,1,0,0,1,0,0,0,1,0.0,0.02997813157635438,0.035157044447557566,0.044932362632672515,0,1,1.0,1,0.018293081796774982,404.0,3611.0,1.0,0.3183442573508329,TeaStore,config_change,0.27671572214058093,1,27,19,0,0.02,0.0,0
tools.descartes.teastore.webui,java,1,1,0,0,1,0,0,0,2,0.0,0.023998979823626847,0.03796458484935848,0.03189031288139092,0,0,1.0,1,0.02213673192667509,404.0,3611.0,1.0,0.3155661732864918,TeaStore,deployment,0.7501518240923503,1,17,26,1,0.2423,0.4078,111
tools.descartes.teastore.webui,java,1,1,0,0,1,0,1,1,2,0.0,0.025002468903426507,0.048745865601017783,0.035766131847520186,1,1,1.0,1,0.010086268273585742,404.0,3611.0,1.0,0.38488737752023267,TeaStore,deployment,0.15648481765892738,0,26,5,1,0.2867,0.2777,100
tools.descartes.teastore.webui,java,1,1,0,0,0,1,1,0,1,0.0,0.02779028714154959,0.04768418405023791,0.0419092024832415,0,0,1.0,1,0.027294380704331433,404.0,3611.0,1.0,0.2997869193515167,TeaStore,code_change,0.9438092678308913,1,4,131,0,0.3058,0.0,0
tools.descartes.teastore.webui,java,1,1,0,0,1,1,1,1,1,0.0,0.03024308952378917,0.04757182814908545,0.03406156096398959,1,1,1.0,1,0.01566258747531815,404.0,3611.0,1.0,0.2801612762990658,TeaStore,deployment,0.2971017163510005,1,23,52,0,0.096,0.0,0
tools.descartes.teastore.webui,java,1,1,0,0,0,1,1,1,2,0.0,0.022091456274859287,0.033940718595059385,0.030323330190271947,1,1,1.0,1,0.01442276220232568,404.0,3611.0,1.0,0.25130373850001,TeaStore,code_change,0.8091595081824821,0,23,42,0,0.0959,0.0,0
tools.descartes.teastore.webui,java,1,1,0,0,1,1,1,0,1,0.0,0.02110451010030394,0.041122153458448864,0.03716180255588954,0,0,1.0,1,0.022396722483630633,404.0,3611.0,1.0,0.29952165045389456,TeaStore,config_change,0.0696155509625006,1,1,68,1,0.2762,0.5031,102
tools.descartes.teastore.webui,java,1,1,0,0,1,1,1,0,1,0.0,0.03249059929291908,0.03600101672167615,0.04059348237401679,1,1,1.0,1,0.01200695206465145,404.0,3611.0,1.0,0.3283004043341843,TeaStore,deployment,0.3393688354830377,1,5,28,0,0.0976,0.0,0
tools.descartes.teastore.webui,java,1,1,0,0,0,1,1,1,2,0.0,0.027435059568591456,0.03803175170938642,0.042721099228243284,0,0,1.0,1,0.008603047378286953,404.0,3611.0,1.0,0.34391794327674546,TeaStore,deployment,0.5195475923875927,1,1,19,0,0.0773,0.0,0
tools.descartes.teastore.webui,java,1,1,0,0,1,1,0,1,2,0.0,0.0273500732967875,0.049177566382369156,0.03029262359010447,1,0,1.0,1,0.015683037127633498,404.0,3611.0,1.0,0.26799973021705803,TeaStore,code_change,0.5852941108663382,0,12,13,0,0.1112,0.0,0
tools.descartes.teastore.webui,java,1,1,0,0,0,1,1,0,1,0.0,0.03135202579222729,0.04415542697817488,0.045125254219752255,1,0,1.0,1,0.010604882711715603,404.0,3611.0,1.0,0.3360285365618201,TeaStore,scaling,0.3155297600019193,1,5,23,0,0.0552,0.0,0
tools.descartes.teastore.webui,java,1,1,0,0,1,0,1,0,2,0.0,0.031147917118205637,0.043256481350404,0.040174322812335364,0,1,1.0,1,0.031449154465990524,404.0,3611.0,1.0,0.27913094948205064,TeaStore,code_change,0.5058991062040771,0,27,4,0,0.4542,0.0,0
tools.descartes.teastore.webui,java,1,1,0,0,1,1,1,1,2,0.0,0.031899334317931426,0.03135204062558209,0.04167639335893556,1,1,1.0,1,0.01989659856067184,404.0,3611.0,1.0,0.3031324590403416,TeaStore,config_change,0.13849455532816418,0,20,3,1,0.3561,0.5118,113
tools.descartes.teastore.webui,java,1,1,0,0,1,1,0,0,2,0.0,0.031075592290373478,0.03170408861782873,0.03754253885703705,1,1,1.0,1,0.012335954554001952,404.0,3611.0,1.0,0.23301624433762247,TeaStore,config_change,0.23480457938825874,1,14,31,0,0.0915,0.0,0
tools.descartes.teastore.webui,java,1,1,0,0,0,1,0,0,2,0.0,0.023926491623770575,0.045664493264706625,0.03993995287067253,1,1,1.0,1,0.026099986960100102,404.0,3611.0,1.0,0.2607979544368781,TeaStore,deployment,0.7266695204243905,0,26,38,0,0.3759,0.0,0
tools.descartes.teastore.webui,java,1,1,0,0,1,0,1,0,2,0.0,0.021318814548214705,0.03433856915731978,0.04537663306672116,1,1,1.0,1,0.008104411262205017,404.0,3611.0,1.0,0.27280199877652167,TeaStore,scaling,0.6830215632391429,1,29,59,0,0.02,0.0,0
tools.descartes.teastore.webui,java,1,1,0,0,1,1,1,1,1,0.0,0.023431375115095632,0.03659355790770675,0.046869624496940876,0,0,1.0,1,0.030452031004697143,404.0,3611.0,1.0,0.23904667819688358,TeaStore,deployment,0.36443896346283544,1,13,35,0,0.2218,0.0,0
tools.descartes.teastore.webui,java,1,1,0,0,0,0,0,0,1,0.0,0.02364279237915247,0.04894808631871492,0.037839396474821985,1,1,1.0,1,0.021441487492981894,404.0,3611.0,1.0,0.2644016669508149,TeaStore,code_change,0.4042030384983578,0,18,12,0,0.3054,0.0,0
tools.descartes.teastore.webui,java,1,1,0,0,1,1,0,0,1,0.0,0.0251928357359551,0.03297567967059874,0.04821219099285811,0,1,1.0,1,0.020397272090735094,404.0,3611.0,1.0,0.353205510452717,TeaStore,deployment,0.673711067676211,0,27,20,0,0.2718,0.0,0
tools.descartes.teastore.webui,java,1,1,0,0,0,0,1,1,1,0.0,0.02152692145741236,0.03394171292970065,0.032835820828581,0,1,1.0,1,0.02081565165383223,404.0,3611.0,1.0,0.3377675196618408,TeaStore,config_change,0.11949523930029515,1,21,48,0,0.2354,0.0,0
tools.descartes.teastore.webui,java,1,1,0,0,0,0,1,1,2,0.0,0.021804716620477275,0.0427898535001096,0.030852436194659338,0,1,1.0,1,0.02755508114902512,404.0,3611.0,1.0,0.28938169354963916,TeaStore,deployment,0.6768727964290737,1,18,32,0,0.2595,0.0,0
tools.descartes.teastore.webui,java,1,1,0,0,0,1,0,1,1,0.0,0.032524504487589985,0.042249405629124194,0.031128657614886965,1,1,1.0,1,0.014744481083615169,404.0,3611.0,1.0,0.31714485479823606,TeaStore,deployment,0.7632118379604711,1,16,8,0,0.0936,0.0,0
tools.descartes.teastore.webui,java,1,1,0,0,0,0,1,1,2,0.0,0.02148818714568576,0.042553728688922286,0.040197666282180126,1,0,1.0,1,0.013776765728389932,404.0,3611.0,1.0,0.33536603353239774,TeaStore,deployment,0.7673227634314597,0,16,1,0,0.2551,0.0,0
tools.descartes.teastore.webui,java,1,1,0,0,0,0,1,1,1,0.0,0.02670617416911442,0.0329326654734464,0.030472936021403607,1,1,1.0,1,0.015288500040453333,404.0,3611.0,1.0,0.3821306681208677,TeaStore,deployment,0.6388364295521904,0,12,10,0,0.1128,0.0,0
tools.descartes.teastore.webui,java,1,1,0,0,0,0,1,1,2,0.0,0.028988837029307525,0.04721012517628806,0.046799848896505354,1,1,1.0,1,0.020131187456381497,404.0,3611.0,1.0,0.3416831328720401,TeaStore,deployment,0.4803559457678729,1,13,54,0,0.2041,0.0,0
tools.descartes.teastore.webui,java,1,1,0,0,0,0,0,1,2,0.0,0.024112941982869385,0.049710764263480894,0.04751548759140049,0,1,1.0,1,0.02031690147862702,404.0,3611.0,1.0,0.276646035645459,TeaStore,deployment,0.7551290020925443,1,29,0,1,0.4433,0.3526,87
tools.descartes.teastore.webui,java,1,1,0,0,1,1,0,1,2,0.0,0.030760783201344954,0.0389937907396994,0.049744476882091375,1,1,1.0,1,0.017234616215630588,404.0,3611.0,1.0,0.23458593938270836,TeaStore,deployment,0.14077579522139877,0,5,62,0,0.1036,0.0,0
tools.descartes.teastore.webui,java,1,1,0,0,0,0,1,0,2,0.0,0.032100803084108114,0.04043871335582207,0.03346924992635886,0,1,1.0,1,0.010052082433596052,404.0,3611.0,1.0,0.27300591151834447,TeaStore,deployment,0.6877941486508437,1,24,29,0,0.0713,0.0,0
tools.descartes.teastore.webui,java,1,1,0,0,1,1,0,0,2,0.0,0.03223831050589759,0.041023168278212896,0.042991110420424306,1,1,1.0,1,0.03125752728055111,404.0,3611.0,1.0,0.23636726704023206,TeaStore,scaling,0.7343040642028554,1,7,54,0,0.1765,0.0,0
tools.descartes.teastore.webui,java,1,1,0,0,1,1,1,0,2,0.0,0.02010844842722986,0.04044334489547545,0.04547786277956968,1,0,1.0,1,0.02579234254488237,404.0,3611.0,1.0,0.3527274677921231,TeaStore,config_change,0.23181152049339915,1,1,34,1,0.2653,0.2943,63
tools.descartes.teastore.webui,java,1,1,0,0,0,1,1,1,1,0.0,0.021458475733059795,0.03915284477712864,0.039364061931456244,0,1,1.0,1,0.03017533482775165,404.0,3611.0,1.0,0.3545485532639987,TeaStore,deployment,0.23992965266812172,1,9,72,0,0.2579,0.0,0
tools.descartes.teastore.recommender,java,1,1,0,0,0,1,1,0,1,0.0,0.022203960506186636,0.03929725596646314,0.03685459424866814,0,1,1.0,1,0.019178971792143756,404.0,3611.0,1.0,0.29887404285251784,TeaStore,code_change,0.741848515140797,0,25,20,1,0.2395,0.701,88
tools.descartes.teastore.recommender,java,1,1,0,0,1,1,0,1,1,0.0,0.02452895754843181,0.03510812880668048,0.037642067947600354,0,0,1.0,1,0.02573600018168437,404.0,3611.0,1.0,0.32037244431973655,TeaStore,code_change,0.7294971386845727,0,9,111,0,0.2665,0.0,0
tools.descartes.teastore.recommender,java,1,1,0,0,0,0,1,0,1,0.0,0.03240933281164211,0.03814960169034275,0.04437067080584897,1,1,1.0,1,0.0248854612209687,404.0,3611.0,1.0,0.26275601619735944,TeaStore,config_change,0.34184398824111234,1,20,0,0,0.4323,0.0,0
tools.descartes.teastore.recommender,java,1,1,0,0,0,1,0,0,2,0.0,0.02413886653826245,0.04062694881171189,0.03066070674461759,0,0,1.0,1,0.027972462995089226,404.0,3611.0,1.0,0.38267497517095556,TeaStore,deployment,0.38828753505157626,1,9,25,0,0.1772,0.0,0
tools.descartes.teastore.recommender,java,1,1,0,0,1,0,0,1,2,0.0,0.028237574109574833,0.04104901451269741,0.03080691517464736,0,0,1.0,1,0.02807722057224235,404.0,3611.0,1.0,0.34684065215358195,TeaStore,config_change,0.25009934443274767,1,3,0,0,0.3656,0.0,0
tools.descartes.teastore.recommender,java,1,1,0,0,1,0,0,0,1,0.0,0.023987243556480523,0.030253528351169817,0.03440406573362476,0,0,1.0,1,0.013716005197192007,404.0,3611.0,1.0,0.3522785637035825,TeaStore,deployment,0.6836299354115626,1,17,17,0,0.0235,0.0,0
tools.descartes.teastore.recommender,java,1,1,0,0,0,0,1,0,2,0.0,0.027489792412130763,0.03967110530801983,0.0433341406946956,0,0,1.0,1,0.017665993499226713,404.0,3611.0,1.0,0.3145724316028868,TeaStore,config_change,0.2989877649591153,1,26,5,0,0.2667,0.0,0
tools.descartes.teastore.recommender,java,1,1,0,0,0,1,1,0,2,0.0,0.019797261106392332,0.041591053792975625,0.04729372052756928,0,0,1.0,1,0.016089521881671755,404.0,3611.0,1.0,0.2650767021635734,TeaStore,code_change,0.8963499073470161,0,2,18,0,0.1714,0.0,0
tools.descartes.teastore.recommender,java,1,1,0,0,0,0,0,1,2,0.0,0.024063753174739994,0.04232035583762724,0.03984654300369424,0,1,1.0,1,0.02033627707071197,404.0,3611.0,1.0,0.37607166036899264,TeaStore,code_change,0.4338054317007147,1,14,15,0,0.2582,0.0,0
tools.descartes.teastore.recommender,java,1,1,0,0,0,0,0,1,1,0.0,0.02513039038938294,0.03234894763187767,0.03261813873694748,0,0,1.0,1,0.026382476170022335,404.0,3611.0,1.0,0.35430131794366776,TeaStore,config_change,0.3313875049202611,1,7,15,0,0.2103,0.0,0
tools.descartes.teastore.recommender,java,1,1,0,0,0,0,1,1,1,0.0,0.028894634030399963,0.045645752107544936,0.037948838545143436,0,1,1.0,1,0.008745963759651853,404.0,3611.0,1.0,0.25789084090113906,TeaStore,config_change,0.3825678256155312,1,8,7,0,0.02,0.0,0
tools.descartes.teastore.recommender,java,1,1,0,0,1,1,0,0,2,0.0,0.020351137439641377,0.04641758369311453,0.04798182355042163,1,1,1.0,1,0.01810318358471426,404.0,3611.0,1.0,0.2397393598835084,TeaStore,config_change,0.6565098865897872,1,2,38,0,0.0272,0.0,0
tools.descartes.teastore.recommender,java,1,1,0,0,0,0,1,0,1,0.0,0.02705668529675943,0.031763973069081304,0.03190175756747073,1,0,1.0,1,0.015039530272254836,404.0,3611.0,1.0,0.36212746936557877,TeaStore,deployment,0.8054352360897539,0,20,1,0,0.2918,0.0,0
tools.descartes.teastore.recommender,java,1,1,0,0,0,1,1,1,2,0.0,0.029604772035879825,0.04804322234086894,0.041023943759836416,0,1,1.0,1,0.021131981091051535,404.0,3611.0,1.0,0.3637758419602485,TeaStore,deployment,0.6867718753925657,0,7,0,0,0.6147,0.0,0
tools.descartes.teastore.recommender,java,1,1,0,0,0,1,0,0,1,0.0,0.0317458490419176,0.03669670705779213,0.04571036093459794,0,0,1.0,1,0.016201541386997677,404.0,3611.0,1.0,0.32737838983456674,TeaStore,deployment,0.7500121286034444,0,5,47,0,0.2295,0.0,0
tools.descartes.teastore.recommender,java,1,1,0,0,0,1,1,1,2,0.0,0.02423881558745181,0.04453102353744562,0.04315349650257291,0,0,1.0,1,0.026763927428193883,404.0,3611.0,1.0,0.2544416284185621,TeaStore,scaling,0.2614838341159957,1,1,3,0,0.5205,0.0,0
tools.descartes.teastore.recommender,java,1,1,0,0,1,0,0,0,1,0.0,0.03003702969887625,0.04156454236433061,0.04171005515328973,1,1,1.0,1,0.013431699185880873,404.0,3611.0,1.0,0.35103562677195727,TeaStore,deployment,0.5045500840943573,1,18,70,0,0.02,0.0,0
tools.descartes.teastore.recommender,java,1,1,0,0,0,1,1,0,2,0.0,0.021876843081369595,0.04447025036178565,0.04809240760540174,0,1,1.0,1,0.030284977479066957,404.0,3611.0,1.0,0.25927169632980535,TeaStore,scaling,0.6117945229900885,1,20,103,1,0.212,0.7467,117
tools.descartes.teastore.recommender,java,1,1,0,0,1,1,0,0,2,0.0,0.02444281082487935,0.04188494297947246,0.04290985384722875,0,1,1.0,1,0.027909465948345768,404.0,3611.0,1.0,0.3398292447948355,TeaStore,deployment,0.3681416468615495,0,17,11,0,0.3696,0.0,0
tools.descartes.teastore.recommender,java,1,1,0,0,0,0,0,0,2,0.0,0.031438394911533676,0.039956094943570095,0.0382987204181833,1,1,1.0,1,0.022811089836962742,404.0,3611.0,1.0,0.3720283517272571,TeaStore,deployment,0.527836043627532,1,29,7,0,0.2248,0.0,0
tools.descartes.teastore.recommender,java,1,1,0,0,1,1,0,0,2,0.0,0.020870275253742996,0.036745724267671795,0.045251482448606536,1,0,1.0,1,0.025578598659901863,404.0,3611.0,1.0,0.35066369521871305,TeaStore,deployment,0.40331394182332714,1,29,1,0,0.3676,0.0,0
tools.descartes.teastore.recommender,java,1,1,0,0,1,0,1,1,2,0.0,0.0220835708186135,0.0391095475531323,0.03996711562754045,0,1,1.0,1,0.027571179446884662,404.0,3611.0,1.0,0.30467101243621986,TeaStore,config_change,0.19262531612004158,1,2,3,0,0.414,0.0,0
tools.descartes.teastore.recommender,java,1,1,0,0,1,0,0,1,2,0.0,0.030948892586181463,0.03683338280088834,0.037125837743898986,1,0,1.0,1,0.031610673722689595,404.0,3611.0,1.0,0.37206577826680487,TeaStore,code_change,0.2760639887455133,0,15,2,1,0.5246,0.3647,88
tools.descartes.teastore.recommender,java,1,1,0,0,1,0,0,1,1,0.0,0.022133961666653826,0.038335081096532234,0.04476101787871041,0,0,1.0,1,0.0185776279198907,404.0,3611.0,1.0,0.27294164550807615,TeaStore,scaling,0.6499419393649404,1,7,70,0,0.0261,0.0,0
tools.descartes.teastore.recommender,java,1,1,0,0,1,0,0,1,2,0.0,0.02243603760092671,0.03001189516085315,0.049272630241596754,0,0,1.0,1,0.008365635019371808,404.0,3611.0,1.0,0.2989029842767658,TeaStore,deployment,0.410184473591846,1,12,54,0,0.0329,0.0,0
tools.descartes.teastore.recommender,java,1,1,0,0,0,1,1,0,1,0.0,0.027972109117203225,0.043050638124337126,0.033162151564777934,0,1,1.0,1,0.031338632311472554,404.0,3611.0,1.0,0.29738542451410244,TeaStore,code_change,0.5192716927100807,0,28,95,1,0.3239,0.8043,128
tools.descartes.teastore.recommender,java,1,1,0,0,0,1,1,0,1,0.0,0.02525620038339588,0.04855530797377371,0.03325799056385596,0,0,1.0,1,0.02152119249463397,404.0,3611.0,1.0,0.26242506168317203,TeaStore,deployment,0.11117904085844005,1,10,36,0,0.1949,0.0,0
tools.descartes.teastore.recommender,java,1,1,0,0,1,1,0,1,2,0.0,0.03073004518268946,0.04028954497751393,0.03499706734510179,1,1,1.0,1,0.030344722242322694,404.0,3611.0,1.0,0.33795150180454886,TeaStore,code_change,0.7261000042851203,0,7,42,0,0.3869,0.0,0
tools.descartes.teastore.recommender,java,1,1,0,0,1,0,1,1,1,0.0,0.030651430628351916,0.04454079115586712,0.03774618396114777,0,1,1.0,1,0.027396458170804168,404.0,3611.0,1.0,0.341536169544104,TeaStore,code_change,0.5447704292291199,1,18,28,0,0.2645,0.0,0
tools.descartes.teastore.recommender,java,1,1,0,0,1,0,1,0,1,0.0,0.03108075561518065,0.04154628052913,0.031187512838621895,0,1,1.0,1,0.022934554663752462,404.0,3611.0,1.0,0.27733485219814513,TeaStore,deployment,0.6456898202797613,1,10,2,0,0.3649,0.0,0
tools.descartes.teastore.recommender,java,1,1,0,0,0,0,1,0,1,0.0,0.031794556951237285,0.039784521737412704,0.032561129951735955,1,1,1.0,1,0.015740350583725755,404.0,3611.0,1.0,0.2404473471238484,TeaStore,deployment,0.42985079767453466,1,20,12,0,0.0257,0.0,0
tools.descartes.teastore.recommender,java,1,1,0,0,0,1,0,1,1,0.0,0.031861345432790816,0.0340585078510623,0.03287382394788105,0,0,1.0,1,0.02065417311618551,404.0,3611.0,1.0,0.32742999783164695,TeaStore,config_change,0.3151127978911557,1,28,6,1,0.4046,0.4439,91
tools.descartes.teastore.recommender,java,1,1,0,0,1,1,0,1,2,0.0,0.023802834525276817,0.03950018005144593,0.03195078187161448,0,1,1.0,1,0.009536928146079754,404.0,3611.0,1.0,0.25765659980976424,TeaStore,config_change,0.350185463202189,0,26,19,1,0.0477,0.8518,150
tools.descartes.teastore.recommender,java,1,1,0,0,0,1,0,0,1,0.0,0.026465790852610714,0.040739727687472645,0.043516578626423164,1,0,1.0,1,0.02485380018004142,404.0,3611.0,1.0,0.34790721300759897,TeaStore,code_change,0.8902929482832935,1,28,43,0,0.2465,0.0,0
tools.descartes.teastore.recommender,java,1,1,0,0,0,1,1,1,2,0.0,0.02471588650413189,0.04740860624901651,0.04560676876899727,0,0,1.0,1,0.02258143489250512,404.0,3611.0,1.0,0.25338053386642245,TeaStore,config_change,0.15693515241762385,1,1,45,0,0.2866,0.0,0
tools.descartes.teastore.recommender,java,1,1,0,0,0,1,0,0,1,0.0,0.025312407779736586,0.041095473235539616,0.048157956399401146,1,1,1.0,1,0.013770728524821352,404.0,3611.0,1.0,0.2523492090599566,TeaStore,scaling,0.45328347054323537,1,25,5,0,0.2536,0.0,0
tools.descartes.teastore.recommender,java,1,1,0,0,1,1,1,0,1,0.0,0.025708675763737934,0.0460528156155492,0.040259469456205836,0,1,1.0,1,0.018624046333041124,404.0,3611.0,1.0,0.24944234426211287,TeaStore,config_change,0.2740886333950096,1,26,1,0,0.2561,0.0,0
tools.descartes.teastore.recommender,java,1,1,0,0,1,0,1,1,1,0.0,0.026738005688441535,0.04009079784101511,0.04841944938422305,1,0,1.0,1,0.009414564855620313,404.0,3611.0,1.0,0.2760708885159881,TeaStore,scaling,0.49550905304536635,1,13,26,0,0.0422,0.0,0
tools.descartes.teastore.recommender,java,1,1,0,0,1,1,0,1,2,0.0,0.03087105563997115,0.04360005183063535,0.039015570791503536,0,0,1.0,1,0.025360269360819133,404.0,3611.0,1.0,0.35821258557522406,TeaStore,scaling,0.5225469986310901,1,13,47,0,0.1023,0.0,0
tools.descartes.teastore.recommender,java,1,1,0,0,1,0,0,1,1,0.0,0.024548929853777136,0.03307981092628671,0.036289030534607906,0,1,1.0,1,0.02361488738191797,404.0,3611.0,1.0,0.281395232331601,TeaStore,config_change,0.28327678018243685,1,18,78,0,0.2429,0.0,0
tools.descartes.teastore.recommender,java,1,1,0,0,1,1,0,1,1,0.0,0.028374668896168253,0.040115912485076316,0.03513636295279854,0,1,1.0,1,0.02392923666722801,404.0,3611.0,1.0,0.36296943700548295,TeaStore,code_change,0.9048387122165086,1,1,27,0,0.2843,0.0,0
tools.descartes.teastore.recommender,java,1,1,0,0,1,0,0,0,1,0.0,0.026153436035757878,0.036464476552072064,0.039758837578507684,0,1,1.0,1,0.016422822308927967,404.0,3611.0,1.0,0.33707576426685937,TeaStore,config_change,0.04396376493612401,1,2,26,0,0.02,0.0,0
tools.descartes.teastore.recommender,java,1,1,0,0,1,1,1,1,2,0.0,0.021073716119886305,0.03520967430393096,0.0406410452076641,0,0,1.0,1,0.030633057224723752,404.0,3611.0,1.0,0.24866096311313904,TeaStore,code_change,0.5932686253756811,1,2,2,1,0.4655,0.5633,70
tools.descartes.teastore.recommender,java,1,1,0,0,0,1,0,1,1,0.0,0.026231684873926218,0.043466863342945604,0.04010735365640732,0,1,1.0,1,0.028999848370572515,404.0,3611.0,1.0,0.3308567027902289,TeaStore,config_change,0.28535048747056463,1,21,16,1,0.3225,0.8621,96
tools.descartes.teastore.recommender,java,1,1,0,0,1,0,0,1,2,0.0,0.032249116114116384,0.04773100962458534,0.031695924509018744,0,0,1.0,1,0.03124370392548877,404.0,3611.0,1.0,0.31940770644050887,TeaStore,code_change,0.3328014147915226,1,16,3,1,0.3303,0.4595,95
tools.descartes.teastore.recommender,java,1,1,0,0,0,1,0,1,2,0.0,0.030999961537960762,0.03728650846732306,0.03629931879279666,1,0,1.0,1,0.03088054782301953,404.0,3611.0,1.0,0.35431259293312684,TeaStore,code_change,0.7846199591111447,1,15,51,1,0.2618,0.5487,100
tools.descartes.teastore.recommender,java,1,1,0,0,0,1,1,1,1,0.0,0.03204098211899564,0.031895610156908234,0.030081592136988095,1,0,1.0,1,0.010558001032535885,404.0,3611.0,1.0,0.2909106957040749,TeaStore,code_change,0.4687961264147741,0,9,3,0,0.4565,0.0,0
tools.descartes.teastore.recommender,java,1,1,0,0,1,1,0,1,2,0.0,0.028260416441113656,0.03590130320433007,0.04984824366315859,1,0,1.0,1,0.013281171545072497,404.0,3611.0,1.0,0.27584286865805807,TeaStore,config_change,0.3694412658709065,1,3,42,0,0.0424,0.0,0
tools.descartes.teastore.recommender,java,1,1,0,0,1,1,1,1,1,0.0,0.02597938262728286,0.036795372755765283,0.04038518852827557,0,1,1.0,1,0.00806667495874149,404.0,3611.0,1.0,0.3431793296754375,TeaStore,code_change,0.46169569379259084,0,15,2,0,0.2646,0.0,0
tools.descartes.teastore.recommender,java,1,1,0,0,1,1,0,0,1,0.0,0.02758669117413266,0.03086654955459381,0.038858095028365576,0,0,1.0,1,0.014522785343352678,404.0,3611.0,1.0,0.3126536787015552,TeaStore,code_change,0.6750205593799276,1,9,38,0,0.1459,0.0,0
tools.descartes.teastore.persistence,java,1,1,0,0,0,1,1,0,1,0.0,0.029906705191242576,0.03407016061515911,0.03760272245653998,1,1,1.0,1,0.021231050293897998,404.0,3611.0,1.0,0.3655687445045405,TeaStore,deployment,0.7185772703723828,1,27,32,1,0.2934,0.7731,107
tools.descartes.teastore.persistence,java,1,1,0,0,0,0,0,1,1,0.0,0.029210100201776626,0.034602079097542766,0.0460753756659481,0,1,1.0,1,0.0227887926764194,404.0,3611.0,1.0,0.3049001432569826,TeaStore,deployment,0.7385702660913029,1,16,28,0,0.2202,0.0,0
tools.descartes.teastore.persistence,java,1,1,0,0,1,1,1,0,2,0.0,0.027741933668056874,0.037203440995427606,0.04435375823435294,0,1,1.0,1,0.017852229946274802,404.0,3611.0,1.0,0.23413104221790837,TeaStore,code_change,0.6747143061265565,1,8,15,0,0.0275,0.0,0
tools.descartes.teastore.persistence,java,1,1,0,0,1,1,1,0,2,0.0,0.032499166412062845,0.038652307824391566,0.03003181653031548,1,0,1.0,1,0.02253188949517972,404.0,3611.0,1.0,0.3600086179728629,TeaStore,deployment,0.7378654546785438,1,15,10,0,0.2334,0.0,0
tools.descartes.teastore.persistence,java,1,1,0,0,0,0,1,0,2,0.0,0.022851704836038166,0.03530500129913265,0.0362826703385081,1,0,1.0,1,0.01313819602633294,404.0,3611.0,1.0,0.3537397863900408,TeaStore,config_change,0.24452906195191862,1,21,7,0,0.02,0.0,0
tools.descartes.teastore.persistence,java,1,1,0,0,1,1,0,1,2,0.0,0.027834063822098146,0.0315582431694164,0.04333359280467509,0,0,1.0,1,0.02624386031101212,404.0,3611.0,1.0,0.306231761656636,TeaStore,deployment,0.8699559905548335,1,17,37,0,0.2737,0.0,0
tools.descartes.teastore.persistence,java,1,1,0,0,0,0,0,0,1,0.0,0.02638658294537343,0.04614174998701534,0.03533739294925511,1,1,1.0,1,0.01753897118086375,404.0,3611.0,1.0,0.3173400180483648,TeaStore,deployment,0.6761752981924237,1,5,19,0,0.02,0.0,0
tools.descartes.teastore.persistence,java,1,1,0,0,0,1,0,1,2,0.0,0.02364778032373514,0.048734459738011084,0.04589323850108607,0,0,1.0,1,0.014920767917451713,404.0,3611.0,1.0,0.3310374427565503,TeaStore,code_change,0.9016964103148655,1,22,22,0,0.02,0.0,0
tools.descartes.teastore.persistence,java,1,1,0,0,0,1,0,0,1,0.0,0.021700214036426097,0.043052975484486423,0.030261384701291798,0,0,1.0,1,0.015516779088145128,404.0,3611.0,1.0,0.293671999901128,TeaStore,config_change,0.012374774412927848,1,3,97,0,0.0696,0.0,0
tools.descartes.teastore.persistence,java,1,1,0,0,1,1,0,1,2,0.0,0.024496775098234655,0.04446272444065024,0.03033797477702447,1,1,1.0,1,0.026565087769397488,404.0,3611.0,1.0,0.32975469868708845,TeaStore,code_change,0.3505802751612078,1,16,19,0,0.2052,0.0,0
tools.descartes.teastore.persistence,java,1,1,0,0,1,1,0,0,1,0.0,0.024212182788751833,0.035127674950653345,0.03707848179685253,0,0,1.0,1,0.03005042025194944,404.0,3611.0,1.0,0.3219803264579604,TeaStore,code_change,0.7147408625733666,1,19,15,0,0.172,0.0,0
tools.descartes.teastore.persistence,java,1,1,0,0,0,0,0,1,2,0.0,0.02297485256931816,0.04347818222910291,0.04453292054623871,1,1,1.0,1,0.01360261949771818,404.0,3611.0,1.0,0.3024831008879617,TeaStore,scaling,0.6123427217819114,1,18,28,0,0.02,0.0,0
tools.descartes.teastore.persistence,java,1,1,0,0,1,0,0,0,1,0.0,0.02007774733280608,0.04740401062455737,0.042206182369363514,0,0,1.0,1,0.0155656049502714,404.0,3611.0,1.0,0.2764872689438852,TeaStore,deployment,0.643522467771929,1,8,20,0,0.02,0.0,0
tools.descartes.teastore.persistence,java,1,1,0,0,1,0,0,0,2,0.0,0.023990718379249484,0.030077980862280595,0.04928692160765591,0,0,1.0,1,0.02187616801295666,404.0,3611.0,1.0,0.3106123177824648,TeaStore,config_change,0.6418019346612052,1,4,23,0,0.1781,0.0,0
tools.descartes.teastore.persistence,java,1,1,0,0,1,0,1,1,1,0.0,0.026271604486463568,0.04667259198914593,0.040674468300407274,0,0,1.0,1,0.00912759895861108,404.0,3611.0,1.0,0.2686473941275888,TeaStore,scaling,0.7559794394798967,1,17,4,0,0.2495,0.0,0
tools.descartes.teastore.persistence,java,1,1,0,0,0,0,1,1,2,0.0,0.021860851474842024,0.04951621007868053,0.03797322132882326,0,0,1.0,1,0.025079189900608617,404.0,3611.0,1.0,0.36088472294838736,TeaStore,deployment,0.4956863350137579,0,22,0,0,0.5747,0.0,0
tools.descartes.teastore.persistence,java,1,1,0,0,1,0,1,1,1,0.0,0.02130215761504043,0.03099797274914885,0.030570570178595574,1,1,1.0,1,0.02415824054964414,404.0,3611.0,1.0,0.2536697217629333,TeaStore,deployment,0.39239792702786536,1,1,76,0,0.2328,0.0,0
tools.descartes.teastore.persistence,java,1,1,0,0,0,0,1,1,2,0.0,0.02658462094003853,0.04266875637739437,0.04323258938763309,0,0,1.0,1,0.010198394475824865,404.0,3611.0,1.0,0.2311995655064138,TeaStore,config_change,0.07939696009615983,0,16,110,0,0.1212,0.0,0
tools.descartes.teastore.persistence,java,1,1,0,0,0,0,1,1,2,0.0,0.022946175686688445,0.04791104572028209,0.03766311617525227,0,1,1.0,1,0.03055104757809209,404.0,3611.0,1.0,0.27454922302059526,TeaStore,config_change,0.12644758816329163,1,28,0,0,0.4623,0.0,0
tools.descartes.teastore.persistence,java,1,1,0,0,0,0,0,0,2,0.0,0.02711812270760657,0.04623157888901664,0.046895303831140225,1,1,1.0,1,0.019152908661203432,404.0,3611.0,1.0,0.26684972593559303,TeaStore,config_change,0.24605804110951873,1,11,45,0,0.0768,0.0,0
tools.descartes.teastore.persistence,java,1,1,0,0,1,0,0,1,2,0.0,0.025808358499040753,0.03380196935880954,0.04493938337245861,1,1,1.0,1,0.013966293646911473,404.0,3611.0,1.0,0.3446190269603617,TeaStore,deployment,0.8071994343168349,1,8,78,0,0.02,0.0,0
tools.descartes.teastore.persistence,java,1,1,0,0,0,0,0,0,2,0.0,0.023762022966330548,0.04368736303359161,0.03864155638497005,0,0,1.0,1,0.025777522458404638,404.0,3611.0,1.0,0.26125252270951255,TeaStore,config_change,0.0169097811121848,1,28,26,1,0.3004,0.1038,53
tools.descartes.teastore.persistence,java,1,1,0,0,0,1,1,0,2,0.0,0.022329331111774774,0.03452881240662163,0.031682530080467966,1,0,1.0,1,0.023318088083167657,404.0,3611.0,1.0,0.25510668976071943,TeaStore,deployment,0.3391894984612228,1,8,0,0,0.467,0.0,0
tools.descartes.teastore.persistence,java,1,1,0,0,0,0,1,1,2,0.0,0.021382328569940014,0.045717116725182354,0.04387491804191072,0,1,1.0,1,0.011731963922031933,404.0,3611.0,1.0,0.3492610506972708,TeaStore,deployment,0.6566111638537084,1,18,66,0,0.02,0.0,0
tools.descartes.teastore.persistence,java,1,1,0,0,1,0,0,1,2,0.0,0.022016899858104084,0.03548388926736583,0.04933632851679568,0,1,1.0,1,0.013212170123598415,404.0,3611.0,1.0,0.36835802992291156,TeaStore,config_change,0.22275051862118073,1,16,56,0,0.0346,0.0,0
tools.descartes.teastore.persistence,java,1,1,0,0,0,0,1,1,1,0.0,0.02435097850521691,0.04190288506077729,0.04061198836881525,1,0,1.0,1,0.021903441380717124,404.0,3611.0,1.0,0.3321205956019125,TeaStore,code_change,0.7845602788154193,1,2,19,0,0.2093,0.0,0
tools.descartes.teastore.persistence,java,1,1,0,0,1,0,1,0,2,0.0,0.02495452259320254,0.04133188540476388,0.031007483428478838,0,1,1.0,1,0.015787873125011752,404.0,3611.0,1.0,0.25460948510759723,TeaStore,deployment,0.8684194621233038,0,23,21,1,0.1089,0.2641,63
tools.descartes.teastore.persistence,java,1,1,0,0,1,1,1,1,2,0.0,0.023289763506727176,0.03252667282843719,0.03971368651739065,1,1,1.0,1,0.014574040315089203,404.0,3611.0,1.0,0.24580890235916197,TeaStore,scaling,0.2607378622559779,1,19,6,1,0.2349,0.822,121
tools.descartes.teastore.persistence,java,1,1,0,0,1,0,0,1,1,0.0,0.031555366377316804,0.03960071915014567,0.042001682238083406,1,0,1.0,1,0.009762899409331557,404.0,3611.0,1.0,0.33136077921032897,TeaStore,config_change,0.09267505946278139,0,6,53,0,0.2051,0.0,0
tools.descartes.teastore.persistence,java,1,1,0,0,1,0,1,0,1,0.0,0.021760952336872943,0.04609867383894592,0.03848497733456267,1,0,1.0,1,0.017767451358418025,404.0,3611.0,1.0,0.25964495987176084,TeaStore,deployment,0.35106140665929136,1,22,12,0,0.02,0.0,0
tools.descartes.teastore.persistence,java,1,1,0,0,0,0,0,1,1,0.0,0.029414847990163438,0.043045393380502006,0.039111169781893856,1,1,1.0,1,0.030783167519984937,404.0,3611.0,1.0,0.28993740589294514,TeaStore,deployment,0.28572154981319386,1,20,0,0,0.4189,0.0,0
tools.descartes.teastore.persistence,java,1,1,0,0,1,0,0,0,1,0.0,0.030166477386441563,0.04252164401249331,0.042401610358258804,1,1,1.0,1,0.00824143170483724,404.0,3611.0,1.0,0.306004590331903,TeaStore,config_change,0.466285992676865,1,28,2,0,0.1851,0.0,0
tools.descartes.teastore.persistence,java,1,1,0,0,1,0,0,0,2,0.0,0.028579962237696568,0.03370019485221984,0.036579085293642975,1,0,1.0,1,0.026740860354682032,404.0,3611.0,1.0,0.25195334017833515,TeaStore,config_change,0.3869056938812391,1,25,8,0,0.1627,0.0,0
tools.descartes.teastore.persistence,java,1,1,0,0,0,1,1,0,2,0.0,0.024193598749968778,0.0338156972711554,0.03930646790141704,1,0,1.0,1,0.009714733427354584,404.0,3611.0,1.0,0.3659155626442016,TeaStore,deployment,0.1259304585531471,0,17,3,0,0.3237,0.0,0
tools.descartes.teastore.persistence,java,1,1,0,0,0,0,1,0,1,0.0,0.027174908687138864,0.041182976569806,0.03904761381065227,1,1,1.0,1,0.02625991890534847,404.0,3611.0,1.0,0.37340382437265535,TeaStore,config_change,0.46765991976803656,0,6,8,1,0.3059,0.2568,53
tools.descartes.teastore.persistence,java,1,1,0,0,0,0,1,0,2,0.0,0.02657483085277318,0.03522217481715618,0.035046450490861386,1,1,1.0,1,0.017242562838620346,404.0,3611.0,1.0,0.3587475044049027,TeaStore,config_change,0.31283716560218033,1,14,18,0,0.1098,0.0,0
tools.descartes.teastore.persistence,java,1,1,0,0,0,0,1,0,2,0.0,0.02120166019390983,0.049398628887513216,0.03116316550101252,1,0,1.0,1,0.021014184695749564,404.0,3611.0,1.0,0.2984788997715104,TeaStore,code_change,0.7834314315508607,1,1,41,0,0.1458,0.0,0
tools.descartes.teastore.persistence,java,1,1,0,0,1,1,0,1,2,0.0,0.03153766116461642,0.031840331690813434,0.04930433953321317,1,1,1.0,1,0.01867357315643803,404.0,3611.0,1.0,0.2823764172096657,TeaStore,code_change,0.6592526959587518,0,14,38,0,0.1325,0.0,0
tools.descartes.teastore.persistence,java,1,1,0,0,0,1,1,0,1,0.0,0.029431400688301287,0.04310148866002377,0.04461713741629224,1,0,1.0,1,0.02227800946313535,404.0,3611.0,1.0,0.3483913794249901,TeaStore,deployment,0.6104041092086421,0,7,33,0,0.3751,0.0,0
tools.descartes.teastore.persistence,java,1,1,0,0,0,1,1,1,1,0.0,0.021943252099241282,0.03255466563853908,0.03944694106523757,0,1,1.0,1,0.031508808048480955,404.0,3611.0,1.0,0.38008722963572733,TeaStore,deployment,0.6598709003685467,1,7,42,0,0.2754,0.0,0
tools.descartes.teastore.persistence,java,1,1,0,0,0,0,0,1,2,0.0,0.02010994954957756,0.03445852981441098,0.043505463959072496,1,1,1.0,1,0.015799823565494593,404.0,3611.0,1.0,0.373646322794824,TeaStore,code_change,0.5139710128568886,1,14,9,0,0.02,0.0,0
tools.descartes.teastore.persistence,java,1,1,0,0,0,0,1,0,1,0.0,0.025551414219861627,0.03502960390027555,0.03511646179933203,1,1,1.0,1,0.022228856578205985,404.0,3611.0,1.0,0.2777912533529481,TeaStore,deployment,0.29373055814860594,1,6,49,0,0.1585,0.0,0
tools.descartes.teastore.persistence,java,1,1,0,0,1,1,1,0,1,0.0,0.02672390526268269,0.04888899138191507,0.041786162890516405,0,0,1.0,1,0.009774917443328675,404.0,3611.0,1.0,0.3115264588956911,TeaStore,deployment,0.7581584204291184,0,16,15,0,0.0645,0.0,0
tools.descartes.teastore.persistence,java,1,1,0,0,0,1,1,1,2,0.0,0.0215934000803881,0.04294893627043636,0.030942630482626115,0,0,1.0,1,0.010050655998473013,404.0,3611.0,1.0,0.28859544655906505,TeaStore,deployment,0.14447947040232564,1,16,2,0,0.2411,0.0,0
tools.descartes.teastore.persistence,java,1,1,0,0,1,1,1,1,1,0.0,0.021310245628807036,0.033745940954226124,0.04360940524354743,0,1,1.0,1,0.02165352274459539,404.0,3611.0,1.0,0.29090393447059576,TeaStore,config_change,0.30500232698079266,0,25,56,1,0.308,0.4063,74
tools.descartes.teastore.persistence,java,1,1,0,0,0,1,0,0,2,0.0,0.03147675095566197,0.04066569183337462,0.04175787816434868,0,1,1.0,1,0.026504730293708437,404.0,3611.0,1.0,0.37662575891169203,TeaStore,config_change,0.6144811912499701,1,23,8,0,0.2334,0.0,0
tools.descartes.teastore.persistence,java,1,1,0,0,1,1,0,1,1,0.0,0.028501951300626178,0.048896263851515825,0.04083014772680887,1,1,1.0,1,0.015659492471591974,404.0,3611.0,1.0,0.2783215736172829,TeaStore,config_change,0.049412403496058514,0,1,105,0,0.1705,0.0,0
tools.descartes.teastore.persistence,java,1,1,0,0,1,1,0,1,1,0.0,0.02576690269844606,0.039931335018287155,0.03870733865975714,1,1,1.0,1,0.020796162444002713,404.0,3611.0,1.0,0.27616983802442346,TeaStore,deployment,0.47056246083735304,0,7,163,1,0.3128,0.7834,127
tools.descartes.teastore.persistence,java,1,1,0,0,1,1,0,0,1,0.0,0.02980529647902018,0.04042096525565914,0.04561559597584491,0,1,1.0,1,0.008134730387815358,404.0,3611.0,1.0,0.31623699048691284,TeaStore,config_change,0.05728341380188011,1,5,38,0,0.02,0.0,0
tools.descartes.teastore.persistence,java,1,1,0,0,0,1,1,0,2,0.0,0.02354115123032415,0.0329431026435239,0.03173058742795559,1,0,1.0,1,0.025837794604352916,404.0,3611.0,1.0,0.26822138971280607,TeaStore,code_change,0.4320379095995324,1,26,1,0,0.4889,0.0,0
tools.descartes.teastore.registry,java,1,1,0,0,2,1,0,2,2,0.0,0.041637268768659474,0.09638747771887056,0.03487200527313119,2,1,0.5,1,0.019805706557836922,405.5,4614.0,1.0,0.3233594287524291,TeaStore,code_change,0.8816833610138849,0,4,0,1,0.4506,0.7515,181
tools.descartes.teastore.registry,java,1,1,0,0,2,1,0,1,3,0.0,0.03414653651091296,0.09628401445799303,0.032365732975062095,1,1,0.5,1,0.024745558618896657,405.5,4614.0,1.0,0.23935505399369536,TeaStore,deployment,0.3118295272012609,1,24,74,0,0.2236,0.0,0
tools.descartes.teastore.registry,java,1,1,0,0,2,1,1,2,3,0.0,0.04340034664251073,0.09699267578471304,0.040183196270368954,1,1,0.5,1,0.008332132471792347,405.5,4614.0,1.0,0.33511691409183025,TeaStore,config_change,0.35106647104003236,0,12,35,0,0.1554,0.0,0
tools.descartes.teastore.registry,java,1,1,0,0,2,1,1,1,3,0.0,0.04223410507946433,0.09670774199395553,0.037153642199193516,1,0,0.5,1,0.029929353956296506,405.5,4614.0,1.0,0.3051294794907668,TeaStore,deployment,0.23978824111811028,1,22,78,0,0.3138,0.0,0
tools.descartes.teastore.registry,java,1,1,0,0,2,0,1,1,2,0.0,0.031941024673876973,0.06837926408403025,0.03803282817930415,2,1,0.5,1,0.011385024223900734,405.5,4614.0,1.0,0.26330281488948326,TeaStore,deployment,0.2334063587480716,0,6,23,0,0.0522,0.0,0
tools.descartes.teastore.registry,java,1,1,0,0,1,1,0,2,3,0.0,0.03616522882923464,0.07640550749076068,0.040587144549879065,1,0,0.5,1,0.010892782999511597,405.5,4614.0,1.0,0.26935638135958023,TeaStore,config_change,0.10001175543209415,1,17,17,0,0.0586,0.0,0
tools.descartes.teastore.registry,java,1,1,0,0,2,0,0,1,3,0.0,0.030502209306553438,0.07668447440838298,0.041509953947419964,1,1,0.5,1,0.023175177774216942,405.5,4614.0,1.0,0.30328966292311277,TeaStore,config_change,0.10785421347758954,0,6,10,1,0.413,0.753,119
tools.descartes.teastore.registry,java,1,1,0,0,1,0,0,2,2,0.0,0.02815945207875611,0.07726395334553729,0.03450193707824717,1,0,0.5,1,0.016105631922891214,405.5,4614.0,1.0,0.2986308042075947,TeaStore,config_change,0.13146557758296645,0,13,1,1,0.3572,0.2131,67
tools.descartes.teastore.registry,java,1,1,0,0,1,1,0,2,2,0.0,0.03676820064496124,0.08585894256487764,0.032580686764124706,1,0,0.5,1,0.015935587345240042,405.5,4614.0,1.0,0.37769678951644403,TeaStore,code_change,0.5085627247524064,1,25,4,0,0.2621,0.0,0
tools.descartes.teastore.registry,java,1,1,0,0,1,1,0,1,2,0.0,0.03033490822712081,0.08943892804208282,0.04120561698133403,2,0,0.5,1,0.0311166311130641,405.5,4614.0,1.0,0.3016556097164143,TeaStore,code_change,0.6561281217202083,1,3,154,1,0.2245,0.3178,59
tools.descartes.teastore.registry,java,1,1,0,0,2,0,1,1,2,0.0,0.035494439533116234,0.09578965105132314,0.04105738407525344,1,1,0.5,1,0.03061274507592305,405.5,4614.0,1.0,0.3783081440195337,TeaStore,config_change,0.40858855393947585,0,17,8,1,0.4019,0.5321,107
tools.descartes.teastore.registry,java,1,1,0,0,2,1,0,2,3,0.0,0.03330134639101896,0.08527378026569903,0.03089530170766233,2,1,0.5,1,0.025707554452525243,405.5,4614.0,1.0,0.32480623004443043,TeaStore,deployment,0.38155273189754735,1,12,11,0,0.1755,0.0,0
tools.descartes.teastore.registry,java,1,1,0,0,2,1,0,2,3,0.0,0.04064323216419326,0.07391369727740496,0.039793359793370106,2,1,0.5,1,0.028235952947362152,405.5,4614.0,1.0,0.32889087586041404,TeaStore,config_change,0.3709713108888684,1,24,1,1,0.461,0.2271,66
tools.descartes.teastore.registry,java,1,1,0,0,2,0,1,1,3,0.0,0.03011195956114531,0.09031881834723031,0.041356016008786585,1,1,0.5,1,0.016749759071403955,405.5,4614.0,1.0,0.29338001016196624,TeaStore,deployment,0.2839488837882406,1,14,6,0,0.2584,0.0,0
tools.descartes.teastore.registry,java,1,1,0,0,1,0,0,1,2,0.0,0.02741148304280606,0.09271455441234246,0.03985674118076507,2,0,0.5,1,0.02660165271241069,405.5,4614.0,1.0,0.3016535978291096,TeaStore,config_change,0.22526881763565523,1,10,6,0,0.3749,0.0,0
tools.descartes.teastore.registry,java,1,1,0,0,1,0,1,2,3,0.0,0.03271340440967753,0.06693718080082701,0.04534153315071755,1,1,0.5,1,0.026453696511874843,405.5,4614.0,1.0,0.32400881785325275,TeaStore,deployment,0.7504156314045625,1,11,43,0,0.1871,0.0,0
tools.descartes.teastore.registry,java,1,1,0,0,1,0,0,1,2,0.0,0.03128748584050951,0.06697615198583794,0.04777579176627819,2,0,0.5,1,0.029852196645091634,405.5,4614.0,1.0,0.3103320786391737,TeaStore,config_change,0.328691288009933,1,7,20,0,0.2789,0.0,0
tools.descartes.teastore.registry,java,1,1,0,0,1,1,0,2,2,0.0,0.04534016846868702,0.09876657042511225,0.04827521048464162,1,1,0.5,1,0.012150072732081688,405.5,4614.0,1.0,0.3009412597281109,TeaStore,deployment,0.5299847376473876,1,25,33,0,0.02,0.0,0
tools.descartes.teastore.registry,java,1,1,0,0,1,0,0,2,3,0.0,0.030007370673056567,0.08571453299607021,0.04040105483074427,1,1,0.5,1,0.017801609874856968,405.5,4614.0,1.0,0.23763254160712988,TeaStore,deployment,0.8365319933197384,1,15,34,0,0.02,0.0,0
tools.descartes.teastore.registry,java,1,1,0,0,1,1,1,2,2,0.0,0.03117742253934356,0.08813891088521324,0.047611909856395275,1,1,0.5,1,0.01893555796677214,405.5,4614.0,1.0,0.24491509414773965,TeaStore,scaling,0.8550098822350144,1,20,63,0,0.0928,0.0,0
tools.descartes.teastore.registry,java,1,1,0,0,1,1,1,2,3,0.0,0.03717485780025275,0.09414317376267374,0.048226330555721175,1,0,0.5,1,0.027826266715359562,405.5,4614.0,1.0,0.29517502363027487,TeaStore,code_change,0.8935184638797342,1,27,105,0,0.2463,0.0,0
tools.descartes.teastore.registry,java,1,1,0,0,1,1,0,2,2,0.0,0.029251458732770994,0.09107640609537333,0.04687999394853993,1,1,0.5,1,0.021311765839432544,405.5,4614.0,1.0,0.3740244089358898,TeaStore,config_change,0.1765729431431711,0,23,7,0,0.3044,0.0,0
tools.descartes.teastore.registry,java,1,1,0,0,2,1,0,2,2,0.0,0.028635034612533104,0.0878691317774228,0.03723861751385472,1,0,0.5,1,0.03082126928047841,405.5,4614.0,1.0,0.2454295871204293,TeaStore,config_change,0.111130514925152,1,17,107,0,0.2407,0.0,0
tools.descartes.teastore.registry,java,1,1,0,0,1,1,1,2,3,0.0,0.03850279120904976,0.06891632997717963,0.04348537379228633,2,0,0.5,1,0.01082956458859755,405.5,4614.0,1.0,0.3664394139033904,TeaStore,scaling,0.2621461752695145,1,29,11,0,0.1949,0.0,0
tools.descartes.teastore.registry,java,1,1,0,0,1,0,0,1,3,0.0,0.028752133373323212,0.06280211758676098,0.042431410117424434,1,0,0.5,1,0.00910789807288403,405.5,4614.0,1.0,0.3252119604728715,TeaStore,config_change,0.7764930315175681,1,23,76,0,0.02,0.0,0
tools.descartes.teastore.registry,java,1,1,0,0,2,1,1,1,2,0.0,0.032231075127545895,0.06724826726907743,0.04798958125118431,1,0,0.5,1,0.014424465049662983,405.5,4614.0,1.0,0.24669742297736905,TeaStore,config_change,0.04093019626462282,1,12,56,0,0.02,0.0,0
tools.descartes.teastore.registry,java,1,1,0,0,1,0,1,1,3,0.0,0.03419816377642202,0.08022120407659587,0.03885423959679605,1,1,0.5,1,0.008341397116034174,405.5,4614.0,1.0,0.37229619491336813,TeaStore,config_change,0.058549004911504936,1,2,24,0,0.02,0.0,0
tools.descartes.teastore.registry,java,1,1,0,0,2,1,1,2,3,0.0,0.03744850576878341,0.08099862013019399,0.03632378040329837,1,1,0.5,1,0.009894189628007985,405.5,4614.0,1.0,0.26920757673567336,TeaStore,code_change,0.8076848308372165,0,24,8,0,0.1778,0.0,0
tools.descartes.teastore.registry,java,1,1,0,0,1,0,0,1,3,0.0,0.03954396170392077,0.06625391879002225,0.03549611734843951,1,1,0.5,1,0.029511785451712225,405.5,4614.0,1.0,0.31262395228099793,TeaStore,deployment,0.3625691184418984,1,5,5,1,0.4246,0.3609,78
tools.descartes.teastore.registry,java,1,1,0,0,1,1,1,1,3,0.0,0.04522610606588343,0.07113758853082783,0.04897324674246541,2,1,0.5,1,0.017558097795992947,405.5,4614.0,1.0,0.2575428527879758,TeaStore,deployment,0.8198265543005108,1,19,27,0,0.02,0.0,0
tools.descartes.teastore.registry,java,1,1,0,0,2,0,0,2,2,0.0,0.04285569264747026,0.09061772993795941,0.048883959452617746,1,0,0.5,1,0.026860422982242373,405.5,4614.0,1.0,0.3843533590797884,TeaStore,deployment,0.7707665089953676,0,28,14,0,0.4007,0.0,0
tools.descartes.teastore.registry,java,1,1,0,0,2,1,1,1,3,0.0,0.03365090786588688,0.08205133584117473,0.031048877496278892,2,0,0.5,1,0.011474102590339907,405.5,4614.0,1.0,0.3543799623571186,TeaStore,deployment,0.8197958222544233,1,25,57,0,0.1026,0.0,0
tools.descartes.teastore.registry,java,1,1,0,0,1,1,0,1,3,0.0,0.04251939170986343,0.09716439983215697,0.0445939766862182,2,0,0.5,1,0.01588518647318126,405.5,4614.0,1.0,0.35140633802174953,TeaStore,config_change,0.26993117436649944,0,4,26,0,0.1843,0.0,0
tools.descartes.teastore.registry,java,1,1,0,0,1,0,1,1,3,0.0,0.03425889185589602,0.0744620119018287,0.04347596225937813,2,0,0.5,1,0.03164526456167506,405.5,4614.0,1.0,0.3315571636152307,TeaStore,code_change,0.4677500559006992,1,3,25,0,0.222,0.0,0
tools.descartes.teastore.registry,java,1,1,0,0,1,1,0,2,3,0.0,0.04273056180759117,0.07109110909870654,0.049192505320982856,1,1,0.5,1,0.017798387613771154,405.5,4614.0,1.0,0.3413997447650491,TeaStore,config_change,0.11959459929500087,1,22,7,0,0.0752,0.0,0
tools.descartes.teastore.registry,java,1,1,0,0,2,0,0,1,2,0.0,0.032749370437686394,0.07181602444153888,0.030921321914141185,2,0,0.5,1,0.018281198342932577,405.5,4614.0,1.0,0.27150572402934076,TeaStore,deployment,0.39291602844180734,1,17,10,0,0.1232,0.0,0
tools.descartes.teastore.registry,java,1,1,0,0,1,1,0,1,2,0.0,0.027588710078298755,0.07459755468740724,0.045217875442219294,1,0,0.5,1,0.009984683761394974,405.5,4614.0,1.0,0.2572738948019082,TeaStore,deployment,0.47790842794953486,0,21,36,0,0.1366,0.0,0
tools.descartes.teastore.registry,java,1,1,0,0,2,0,0,2,2,0.0,0.032952350364571406,0.08387193272533817,0.03765399444204072,1,1,0.5,1,0.008734330275581185,405.5,4614.0,1.0,0.23485434781669756,TeaStore,deployment,0.2680516917644051,0,17,21,0,0.1656,0.0,0
tools.descartes.teastore.registry,java,1,1,0,0,2,1,0,2,2,0.0,0.04205606456477309,0.0639496135413182,0.03551207196440598,1,0,0.5,1,0.010624750635029706,405.5,4614.0,1.0,0.2912610956992774,TeaStore,code_change,0.9325224121389878,1,29,103,0,0.0526,0.0,0
tools.descartes.teastore.registry,java,1,1,0,0,1,0,1,2,3,0.0,0.0355337297908035,0.09461688496432304,0.03788419527564228,1,1,0.5,1,0.019421495922700576,405.5,4614.0,1.0,0.33493546374543753,TeaStore,config_change,0.187739498216434,1,12,35,0,0.02,0.0,0
tools.descartes.teastore.registry,java,1,1,0,0,2,0,0,2,2,0.0,0.028913198554450847,0.07460875016629472,0.03312437721561003,2,1,0.5,1,0.021482791139828372,405.5,4614.0,1.0,0.3150323473731266,TeaStore,config_change,0.23946752094408935,1,1,8,0,0.2279,0.0,0
tools.descartes.teastore.registry,java,1,1,0,0,1,0,1,1,2,0.0,0.03961230937339115,0.08480368163009112,0.031572151475965475,2,1,0.5,1,0.02078706545241382,405.5,4614.0,1.0,0.3494892814477733,TeaStore,config_change,0.1256741036504966,1,25,5,1,0.473,0.3385,60
tools.descartes.teastore.registry,java,1,1,0,0,2,1,0,1,3,0.0,0.032005321452108756,0.06793180730081119,0.047494011229911946,1,1,0.5,1,0.009218075990443374,405.5,4614.0,1.0,0.32015448614863046,TeaStore,deployment,0.8448650847237984,1,19,59,0,0.1174,0.0,0
tools.descartes.teastore.registry,java,1,1,0,0,1,1,1,1,3,0.0,0.04021972865700611,0.09683620463859904,0.046241863602935904,2,1,0.5,1,0.02410647576089392,405.5,4614.0,1.0,0.32808308391352786,TeaStore,deployment,0.4339589386948304,1,10,16,0,0.2713,0.0,0
tools.descartes.teastore.registry,java,1,1,0,0,1,1,0,2,3,0.0,0.03222642125693849,0.07828681997160736,0.045758685728849835,1,0,0.5,1,0.01813430979990723,405.5,4614.0,1.0,0.36600872038542426,TeaStore,scaling,0.3497980914798929,1,16,23,0,0.0475,0.0,0
tools.descartes.teastore.registry,java,1,1,0,0,2,0,0,1,2,0.0,0.03486371180861621,0.09986570563285245,0.03042418270493078,2,1,0.5,1,0.014871757609322111,405.5,4614.0,1.0,0.28057503859370997,TeaStore,deployment,0.9221823886765623,1,6,49,0,0.0565,0.0,0
tools.descartes.teastore.registry,java,1,1,0,0,1,0,1,2,3,0.0,0.04342609786843806,0.08223471470714915,0.035534705895475006,1,0,0.5,1,0.012363557858776797,405.5,4614.0,1.0,0.2398960567348359,TeaStore,config_change,0.2369297877299388,1,27,35,0,0.02,0.0,0
tools.descartes.teastore.registry,java,1,1,0,0,2,1,1,2,2,0.0,0.04234252778375032,0.07481341535992293,0.04260743978731098,1,1,0.5,1,0.020719633756199087,405.5,4614.0,1.0,0.31085443877214647,TeaStore,deployment,0.7917973897549407,1,6,5,1,0.4057,0.5571,106
tools.descartes.teastore.registry,java,1,1,0,0,2,0,0,1,2,0.0,0.0290722460659804,0.09371259414338047,0.04604548646089523,2,1,0.5,1,0.01286524585323777,405.5,4614.0,1.0,0.33758965688029924,TeaStore,scaling,0.5016559966525446,0,25,8,0,0.1528,0.0,0
tools.descartes.teastore.registry,java,1,1,0,0,2,0,1,1,2,0.0,0.04184437488081928,0.06514540687595999,0.04948113825740304,2,0,0.5,1,0.0109730066080435,405.5,4614.0,1.0,0.23699793979996103,TeaStore,deployment,0.13658438032517622,1,18,49,0,0.0445,0.0,0
tools.descartes.teastore.image,java,1,0,1,0,0,0,0,1,0,0.0,0.02577453845949997,0.03646786110841673,0.0,0,0,0.0,0,0.0018568617785677392,104.0,3611.0,1.0,0.006465342889635117,TeaStore,code_change,0.8836003544237001,1,1,83,1,0.02,0.063,48
tools.descartes.teastore.image,java,1,0,1,0,1,0,0,0,1,0.0,0.021048311805913204,0.031941954031181254,0.0,1,0,0.0,0,0.0022735469673725896,104.0,3611.0,1.0,0.009744331738060209,TeaStore,deployment,0.415608070214831,1,7,31,0,0.02,0.0,0
tools.descartes.teastore.image,java,1,0,1,0,1,0,0,1,0,0.0,0.03119945540145478,0.049161381106762096,0.0,0,0,0.0,0,0.002095778018086771,104.0,3611.0,1.0,0.006885348832312557,TeaStore,deployment,0.3480188330712053,1,17,14,0,0.0433,0.0,0
tools.descartes.teastore.image,java,1,0,1,0,1,0,0,1,1,0.0,0.029906345136485258,0.0483901274835177,0.0,1,0,0.0,0,0.0012748176764730695,104.0,3611.0,1.0,0.009131933191828543,TeaStore,config_change,0.3141975227565632,1,1,11,0,0.02,0.0,0
tools.descartes.teastore.image,java,1,0,1,0,0,0,0,1,0,0.0,0.020752629986891334,0.03573115890172087,0.0,1,0,0.0,0,0.001883341301056847,104.0,3611.0,1.0,0.009428850504311156,TeaStore,deployment,0.8741075720573172,1,24,30,0,0.02,0.0,0
tools.descartes.teastore.image,java,1,0,1,0,0,0,0,0,1,0.0,0.023680759643786416,0.04497896376505315,0.0,1,0,0.0,0,0.0015697248298521477,104.0,3611.0,1.0,0.006304241323818561,TeaStore,config_change,0.3116163165810146,1,13,10,0,0.0337,0.0,0
tools.descartes.teastore.image,java,1,0,1,0,0,0,0,0,1,0.0,0.02169481914251007,0.034001772217648926,0.0,1,0,0.0,0,0.0023170092678301084,104.0,3611.0,1.0,0.009474999266162035,TeaStore,deployment,0.41106637494403575,1,2,40,0,0.0998,0.0,0
tools.descartes.teastore.image,java,1,0,1,0,0,0,0,1,1,0.0,0.027118494604002244,0.04398157258927998,0.0,1,0,0.0,0,0.0020105665046946356,104.0,3611.0,1.0,0.007547004120036727,TeaStore,deployment,0.6367001931093741,1,4,50,0,0.0727,0.0,0
tools.descartes.teastore.image,java,1,0,1,0,1,0,0,1,1,0.0,0.021501455021768343,0.03364047042233543,0.0,1,0,0.0,0,0.0022198486343499545,104.0,3611.0,1.0,0.006657733016802735,TeaStore,config_change,0.04169399007682449,0,2,44,0,0.0957,0.0,0
tools.descartes.teastore.image,java,1,0,1,0,0,0,0,1,1,0.0,0.02650644031512499,0.04206586055876898,0.0,0,0,0.0,0,0.0025824677972365075,104.0,3611.0,1.0,0.0097867943093817,TeaStore,scaling,0.21170998808555436,1,14,53,0,0.0403,0.0,0
tools.descartes.teastore.image,java,1,0,1,0,1,0,0,1,1,0.0,0.021547935616857652,0.03956143808895712,0.0,0,0,0.0,0,0.0018475871384336054,104.0,3611.0,1.0,0.008765586738011907,TeaStore,deployment,0.21922044831490906,1,6,0,0,0.1907,0.0,0
tools.descartes.teastore.image,java,1,0,1,0,1,0,0,1,0,0.0,0.03195838266718988,0.044724354310860324,0.0,0,0,0.0,0,0.0015698456037497909,104.0,3611.0,1.0,0.009484910970643894,TeaStore,deployment,0.8628415573597924,1,28,25,0,0.02,0.0,0
tools.descartes.teastore.image,java,1,0,1,0,0,0,0,1,0,0.0,0.024405799097091504,0.04459505779524218,0.0,1,0,0.0,0,0.0011994188465841503,104.0,3611.0,1.0,0.006213390897664366,TeaStore,code_change,0.8164971420957826,1,26,17,0,0.02,0.0,0
tools.descartes.teastore.image,java,1,0,1,0,0,0,0,1,1,0.0,0.025314602371300704,0.04566666866993725,0.0,1,0,0.0,0,0.002349241894410025,104.0,3611.0,1.0,0.008931175418884309,TeaStore,config_change,0.25715340132606257,0,10,37,0,0.2188,0.0,0
tools.descartes.teastore.image,java,1,0,1,0,1,0,0,1,0,0.0,0.026916839436172044,0.031718783825682766,0.0,1,0,0.0,0,0.002384670257215002,104.0,3611.0,1.0,0.007450662870066715,TeaStore,deployment,0.7580293642604639,0,14,1,0,0.3032,0.0,0
tools.descartes.teastore.image,java,1,0,1,0,1,0,0,0,1,0.0,0.03237755542150141,0.03170302481701804,0.0,0,0,0.0,0,0.001,104.0,3611.0,1.0,0.008154461575244708,TeaStore,config_change,0.33463575662973,1,29,2,1,0.2998,0.2419,61
tools.descartes.teastore.image,java,1,0,1,0,0,0,0,1,1,0.0,0.027874062389597894,0.034049893638210475,0.0,0,0,0.0,0,0.001192843568458655,104.0,3611.0,1.0,0.009439598788133547,TeaStore,code_change,0.6425551728967978,1,25,91,0,0.0788,0.0,0
tools.descartes.teastore.image,java,1,0,1,0,0,0,0,0,0,0.0,0.027014634340599624,0.036825053189077,0.0,1,0,0.0,0,0.002146935633604055,104.0,3611.0,1.0,0.009953944881281004,TeaStore,code_change,0.702756429559453,1,5,10,0,0.02,0.0,0
tools.descartes.teastore.image,java,1,0,1,0,0,0,0,0,0,0.0,0.031834668537730655,0.03401028701537502,0.0,1,0,0.0,0,0.0014845803311877206,104.0,3611.0,1.0,0.009797062862194143,TeaStore,config_change,0.31446693279650223,1,17,25,0,0.02,0.0,0
tools.descartes.teastore.image,java,1,0,1,0,1,0,0,1,1,0.0,0.02462092931295268,0.049285971370335246,0.0,1,0,0.0,0,0.0025581634697493033,104.0,3611.0,1.0,0.006583753170732683,TeaStore,deployment,0.7493641179924689,1,4,21,0,0.1409,0.0,0
tools.descartes.teastore.image,java,1,0,1,0,0,0,0,1,0,0.0,0.027089581252969643,0.04626694970399751,0.0,0,0,0.0,0,0.001,104.0,3611.0,1.0,0.008613169446689202,TeaStore,code_change,0.2827563833660481,1,14,27,0,0.0888,0.0,0
tools.descartes.teastore.image,java,1,0,1,0,0,0,0,0,1,0.0,0.02628459392870793,0.03218496166312126,0.0,0,0,0.0,0,0.0017504679617086805,104.0,3611.0,1.0,0.008956649430113935,TeaStore,deployment,0.39527040691547377,1,15,11,0,0.02,0.0,0
tools.descartes.teastore.image,java,1,0,1,0,0,0,0,1,1,0.0,0.027757483366387375,0.030937867333752513,0.0,1,0,0.0,0,0.0017556865987335614,104.0,3611.0,1.0,0.0063198153644065565,TeaStore,scaling,0.20075736783831488,1,27,18,0,0.0555,0.0,0
tools.descartes.teastore.image,java,1,0,1,0,0,0,0,0,0,0.0,0.02891287139667783,0.04246763816938249,0.0,0,0,0.0,0,0.0024289621485881494,104.0,3611.0,1.0,0.007586008898858635,TeaStore,deployment,0.6405663798722748,1,5,64,1,0.0926,0.6722,76
tools.descartes.teastore.image,java,1,0,1,0,0,0,0,0,1,0.0,0.030398099542854197,0.03555878920186099,0.0,1,0,0.0,0,0.00117694754472151,104.0,3611.0,1.0,0.007204626003906824,TeaStore,config_change,0.5672867066193945,1,9,15,0,0.0898,0.0,0
tools.descartes.teastore.image,java,1,0,1,0,0,0,0,1,0,0.0,0.024846112893552565,0.047938267481796054,0.0,0,0,0.0,0,0.001392364816037379,104.0,3611.0,1.0,0.006379909066399377,TeaStore,config_change,0.5565812377305057,0,8,10,0,0.1194,0.0,0
tools.descartes.teastore.image,java,1,0,1,0,0,0,0,0,0,0.0,0.032113636942007334,0.032055210708834755,0.0,0,0,0.0,0,0.0020003564278693138,104.0,3611.0,1.0,0.006346182469597837,TeaStore,deployment,0.18423441404268523,1,22,38,0,0.02,0.0,0
tools.descartes.teastore.image,java,1,0,1,0,0,0,0,1,0,0.0,0.021493022366355283,0.03488282249132141,0.0,1,0,0.0,0,0.0011958900927752,104.0,3611.0,1.0,0.009931202907452221,TeaStore,deployment,0.36862216454259106,1,21,18,0,0.02,0.0,0
tools.descartes.teastore.image,java,1,0,1,0,1,0,0,1,0,0.0,0.027663086350873518,0.032182097495360724,0.0,0,0,0.0,0,0.001,104.0,3611.0,1.0,0.007758581607205985,TeaStore,deployment,0.029188120388888638,1,14,1,0,0.1677,0.0,0
tools.descartes.teastore.image,java,1,0,1,0,0,0,0,1,1,0.0,0.023377979088860083,0.047312359565382746,0.0,1,0,0.0,0,0.0016938474177166307,104.0,3611.0,1.0,0.007694698303531817,TeaStore,scaling,0.2742804686227974,1,27,24,0,0.02,0.0,0
tools.descartes.teastore.image,java,1,0,1,0,0,0,0,1,0,0.0,0.028998555868621788,0.047640999608159096,0.0,0,0,0.0,0,0.0017755307109644967,104.0,3611.0,1.0,0.008570632080389216,TeaStore,deployment,0.11375014591288553,1,21,21,0,0.0641,0.0,0
tools.descartes.teastore.image,java,1,0,1,0,0,0,0,0,1,0.0,0.03215325873854969,0.042257012069754706,0.0,1,0,0.0,0,0.002175786448329732,104.0,3611.0,1.0,0.008671365511252863,TeaStore,code_change,0.4545026003104987,1,29,52,0,0.0492,0.0,0
tools.descartes.teastore.image,java,1,0,1,0,1,0,0,1,0,0.0,0.029920670283515617,0.04046897504817403,0.0,0,0,0.0,0,0.0015348237851336806,104.0,3611.0,1.0,0.009938111801376034,TeaStore,scaling,0.7377345605810219,1,15,14,0,0.02,0.0,0
tools.descartes.teastore.image,java,1,0,1,0,1,0,0,1,1,0.0,0.0269958985553059,0.04809778942774964,0.0,0,0,0.0,0,0.0017907194954825453,104.0,3611.0,1.0,0.006928691941233232,TeaStore,scaling,0.1892338179169273,1,10,28,0,0.0322,0.0,0
tools.descartes.teastore.image,java,1,0,1,0,0,0,0,1,0,0.0,0.032118794720440824,0.04203981433869093,0.0,1,0,0.0,0,0.0022162394273491505,104.0,3611.0,1.0,0.00839904011165936,TeaStore,config_change,0.16584684016484805,0,9,66,0,0.1025,0.0,0
tools.descartes.teastore.image,java,1,0,1,0,0,0,0,0,0,0.0,0.027744887646575865,0.03411062085537919,0.0,0,0,0.0,0,0.0015668475829600812,104.0,3611.0,1.0,0.008048983121136903,TeaStore,config_change,0.1069114063334058,0,4,8,0,0.1421,0.0,0
tools.descartes.teastore.image,java,1,0,1,0,0,0,0,0,0,0.0,0.020671525425821916,0.039999429723940765,0.0,1,0,0.0,0,0.0018388846572001132,104.0,3611.0,1.0,0.0062360665770549665,TeaStore,code_change,0.8191517036610582,1,24,5,0,0.1939,0.0,0
tools.descartes.teastore.image,java,1,0,1,0,0,0,0,1,0,0.0,0.028044432393059163,0.043198082400509805,0.0,1,0,0.0,0,0.001,104.0,3611.0,1.0,0.006450339313865117,TeaStore,deployment,0.27957128217987604,1,20,17,0,0.02,0.0,0
tools.descartes.teastore.image,java,1,0,1,0,0,0,0,0,0,0.0,0.024211412071535588,0.04951687726070892,0.0,0,0,0.0,0,0.0018971791499954019,104.0,3611.0,1.0,0.00955604207566095,TeaStore,deployment,0.44637988309973814,1,21,12,0,0.0878,0.0,0
tools.descartes.teastore.image,java,1,0,1,0,1,0,0,0,0,0.0,0.029190844945544542,0.04241643533323004,0.0,1,0,0.0,0,0.001,104.0,3611.0,1.0,0.009507701997590214,TeaStore,deployment,0.6548885928753381,1,10,22,0,0.0565,0.0,0
tools.descartes.teastore.image,java,1,0,1,0,0,0,0,1,1,0.0,0.0254848563522054,0.03862698755732665,0.0,0,0,0.0,0,0.001707568257886681,104.0,3611.0,1.0,0.007812632832134679,TeaStore,code_change,0.6341068267239679,1,20,15,0,0.02,0.0,0
tools.descartes.teastore.image,java,1,0,1,0,0,0,0,1,1,0.0,0.021262479084581336,0.04299497397542197,0.0,1,0,0.0,0,0.0023636569433973507,104.0,3611.0,1.0,0.00835133961055695,TeaStore,config_change,0.40508303561673914,0,24,21,1,0.174,0.2644,94
tools.descartes.teastore.image,java,1,0,1,0,0,0,0,0,0,0.0,0.026680349174630635,0.037691462087536036,0.0,1,0,0.0,0,0.0013667887715231037,104.0,3611.0,1.0,0.008052802418187021,TeaStore,config_change,0.14228019140277243,1,14,38,0,0.0493,0.0,0
tools.descartes.teastore.image,java,1,0,1,0,1,0,0,0,0,0.0,0.03151200806992428,0.04266368966537303,0.0,0,0,0.0,0,0.001,104.0,3611.0,1.0,0.0073254444289877025,TeaStore,deployment,0.7708067115304116,1,15,65,0,0.02,0.0,0
tools.descartes.teastore.image,java,1,0,1,0,1,0,0,0,1,0.0,0.02463646804543869,0.032120287118449366,0.0,0,0,0.0,0,0.0010669540538269843,104.0,3611.0,1.0,0.008108015878216789,TeaStore,config_change,0.112743456973595,1,1,11,0,0.0696,0.0,0
tools.descartes.teastore.image,java,1,0,1,0,0,0,0,0,1,0.0,0.029691930131904288,0.039600497847571435,0.0,0,0,0.0,0,0.0010945844706844077,104.0,3611.0,1.0,0.006825599198398599,TeaStore,deployment,0.2909110629020352,1,28,48,0,0.02,0.0,0
tools.descartes.teastore.image,java,1,0,1,0,1,0,0,1,0,0.0,0.029781327623447196,0.04349344326409111,0.0,0,0,0.0,0,0.0010001805014410914,104.0,3611.0,1.0,0.007833372069969119,TeaStore,deployment,0.4566793501003451,1,19,4,0,0.126,0.0,0
tools.descartes.teastore.image,java,1,0,1,0,1,0,0,0,1,0.0,0.02734540798700657,0.04108000286984846,0.0,0,0,0.0,0,0.0019233734672104562,104.0,3611.0,1.0,0.006723730911338964,TeaStore,deployment,0.22014807208085363,1,14,13,0,0.1232,0.0,0
tools.descartes.teastore.image,java,1,0,1,0,0,0,0,0,0,0.0,0.024257454914481266,0.03803476007600874,0.0,1,0,0.0,0,0.0018085481688024066,104.0,3611.0,1.0,0.008311608310536123,TeaStore,code_change,0.8496313755694953,0,3,14,1,0.1159,0.0891,64
tools.descartes.teastore.image,java,1,0,1,0,0,0,0,1,0,0.0,0.02778125252445276,0.03474191116792999,0.0,0,0,0.0,0,0.001,104.0,3611.0,1.0,0.006431346679300967,TeaStore,deployment,0.9090650667987936,1,17,0,0,0.1687,0.0,0
tools.descartes.teastore.auth,java,1,1,0,0,1,1,1,0,1,0.0,0.021052854696669177,0.04536786986451436,0.030574746033362087,1,0,1.0,1,0.011169851800149455,404.0,3611.0,1.0,0.2755763325452368,TeaStore,deployment,0.7200244910692503,1,28,1,1,0.3326,0.8423,126
tools.descartes.teastore.auth,java,1,1,0,0,1,1,0,0,2,0.0,0.03212777742815458,0.03137724838385188,0.033862075229394765,0,0,1.0,1,0.029392757291168473,404.0,3611.0,1.0,0.32462320213630114,TeaStore,deployment,0.6395191945137417,0,1,25,0,0.3921,0.0,0
tools.descartes.teastore.auth,java,1,1,0,0,1,1,1,1,2,0.0,0.03233258950706531,0.04529036333161662,0.033046353572294025,0,1,1.0,1,0.016590550320707022,404.0,3611.0,1.0,0.25645001145450264,TeaStore,config_change,0.04050193544205048,1,6,34,0,0.038,0.0,0
tools.descartes.teastore.auth,java,1,1,0,0,0,1,0,1,1,0.0,0.023694633172957447,0.03770561268129306,0.03554510586982139,0,0,1.0,1,0.01733931373566161,404.0,3611.0,1.0,0.3003399631144346,TeaStore,scaling,0.39385887005931375,1,15,6,1,0.2979,0.5241,98
tools.descartes.teastore.auth,java,1,1,0,0,1,1,1,1,1,0.0,0.030016224816906006,0.03311577419857519,0.04760844064839807,0,0,1.0,1,0.02613700858335347,404.0,3611.0,1.0,0.31863486293723803,TeaStore,code_change,0.7636509871445216,0,20,22,0,0.3222,0.0,0
tools.descartes.teastore.auth,java,1,1,0,0,1,0,1,1,1,0.0,0.026577327726460064,0.03529238377196785,0.04021485723299817,0,1,1.0,1,0.029709812370996173,404.0,3611.0,1.0,0.2779597118918078,TeaStore,deployment,0.402327013529181,0,9,12,1,0.3598,0.5689,104
tools.descartes.teastore.auth,java,1,1,0,0,1,1,0,0,1,0.0,0.01997694424048155,0.04645870122945482,0.03773205206508117,1,1,1.0,1,0.01259922841992258,404.0,3611.0,1.0,0.2735731837235568,TeaStore,scaling,0.432328681483324,1,6,81,0,0.0734,0.0,0
tools.descartes.teastore.auth,java,1,1,0,0,0,1,0,1,2,0.0,0.02497053320297272,0.03967243825977366,0.04260783722804417,0,0,1.0,1,0.0312484716786759,404.0,3611.0,1.0,0.3295497752671067,TeaStore,deployment,0.8101151812538009,1,19,26,0,0.1803,0.0,0
tools.descartes.teastore.auth,java,1,1,0,0,1,1,1,0,2,0.0,0.03016820171264443,0.041179791564932046,0.04643257981171325,1,0,1.0,1,0.008789346567658035,404.0,3611.0,1.0,0.25945059677552146,TeaStore,config_change,0.09932971494786585,1,4,3,0,0.2077,0.0,0
tools.descartes.teastore.auth,java,1,1,0,0,1,0,1,0,2,0.0,0.029531614778606944,0.03119267564794792,0.035553835392992,1,1,1.0,1,0.020868037777658305,404.0,3611.0,1.0,0.24569645635365955,TeaStore,code_change,0.7908433415609388,1,17,25,0,0.271,0.0,0
tools.descartes.teastore.auth,java,1,1,0,0,1,0,0,0,2,0.0,0.02682770055907572,0.031049898025299623,0.044231705702293525,1,0,1.0,1,0.027236190013880897,404.0,3611.0,1.0,0.2633846140747957,TeaStore,code_change,0.354255813880811,1,12,71,0,0.2426,0.0,0
tools.descartes.teastore.auth,java,1,1,0,0,1,0,1,0,2,0.0,0.029958343475666217,0.031028415049685894,0.045984249633660275,1,1,1.0,1,0.01890338645470597,404.0,3611.0,1.0,0.31168975219073114,TeaStore,deployment,0.6766978951844154,1,15,20,0,0.0639,0.0,0
tools.descartes.teastore.auth,java,1,1,0,0,0,0,1,0,2,0.0,0.023659949053164354,0.04230694745999769,0.04537768837726208,0,1,1.0,1,0.019317275310031367,404.0,3611.0,1.0,0.30029021377795495,TeaStore,code_change,0.7265325852832984,0,28,54,0,0.2076,0.0,0
tools.descartes.teastore.auth,java,1,1,0,0,0,0,1,1,2,0.0,0.022764086158385485,0.038149372604448485,0.03374948547427281,0,1,1.0,1,0.028910411047566524,404.0,3611.0,1.0,0.3386313819763235,TeaStore,deployment,0.5769883222417099,1,25,64,0,0.2682,0.0,0
tools.descartes.teastore.auth,java,1,1,0,0,1,0,1,0,2,0.0,0.020505055644132762,0.04891754781414133,0.03318534121269276,0,0,1.0,1,0.018126229486377286,404.0,3611.0,1.0,0.2890561796122819,TeaStore,scaling,0.5454598504690262,1,8,4,0,0.2289,0.0,0
tools.descartes.teastore.auth,java,1,1,0,0,0,1,0,1,2,0.0,0.020904089896075315,0.036042121612967916,0.0345861806624062,0,0,1.0,1,0.015954039534675734,404.0,3611.0,1.0,0.31549845499623763,TeaStore,deployment,0.41286130261374776,1,15,57,0,0.02,0.0,0
tools.descartes.teastore.auth,java,1,1,0,0,0,0,1,1,1,0.0,0.028974871911451677,0.030684981407117295,0.030379610301958074,0,1,1.0,1,0.02390544408033016,404.0,3611.0,1.0,0.3005412739474014,TeaStore,deployment,0.23201094531681574,0,6,66,0,0.2791,0.0,0
tools.descartes.teastore.auth,java,1,1,0,0,0,0,1,1,1,0.0,0.025538697437916032,0.03758694313452579,0.03057656670310647,1,1,1.0,1,0.01908136266189494,404.0,3611.0,1.0,0.35270363372147023,TeaStore,code_change,0.4935741091167711,1,17,7,0,0.0258,0.0,0
tools.descartes.teastore.auth,java,1,1,0,0,1,0,1,1,1,0.0,0.030368540290705192,0.03265711668917516,0.04304393484511747,1,0,1.0,1,0.010508211872829838,404.0,3611.0,1.0,0.2359735834924487,TeaStore,config_change,0.4250384941357375,0,25,32,0,0.1129,0.0,0
tools.descartes.teastore.auth,java,1,1,0,0,0,1,0,0,1,0.0,0.02837454021715307,0.03031628261223719,0.048897803858754,1,0,1.0,1,0.030386351949956272,404.0,3611.0,1.0,0.3805480548446476,TeaStore,deployment,0.27647842293462777,0,12,94,1,0.307,0.499,106
tools.descartes.teastore.auth,java,1,1,0,0,1,0,0,0,2,0.0,0.02386360015706356,0.030687941623062712,0.031651462071026336,0,1,1.0,1,0.029562791869125547,404.0,3611.0,1.0,0.24786735323651493,TeaStore,config_change,0.30985445968200087,0,13,2,0,0.4962,0.0,0
tools.descartes.teastore.auth,java,1,1,0,0,0,0,0,1,1,0.0,0.027413756087711662,0.047385061359737704,0.040938495819645426,1,0,1.0,1,0.027915577341830273,404.0,3611.0,1.0,0.2595865877713887,TeaStore,config_change,0.14563928194512457,1,9,12,1,0.2395,0.1974,50
tools.descartes.teastore.auth,java,1,1,0,0,1,0,0,1,1,0.0,0.021974651565338097,0.03670679638625354,0.04108830557503975,0,0,1.0,1,0.02437451360282224,404.0,3611.0,1.0,0.2509400500753076,TeaStore,deployment,0.756049760566362,0,24,19,0,0.4339,0.0,0
tools.descartes.teastore.auth,java,1,1,0,0,1,1,0,0,1,0.0,0.03242443564593527,0.04639192293537241,0.041952076182613054,1,0,1.0,1,0.012274758608982065,404.0,3611.0,1.0,0.2570206907994467,TeaStore,scaling,0.29562863473937673,0,11,92,0,0.0687,0.0,0
tools.descartes.teastore.auth,java,1,1,0,0,1,1,0,1,1,0.0,0.03099037989209954,0.04965012954219939,0.043355119507611145,0,0,1.0,1,0.014395402313890802,404.0,3611.0,1.0,0.3457094695556706,TeaStore,config_change,0.3765679592325891,1,3,29,0,0.0858,0.0,0
tools.descartes.teastore.auth,java,1,1,0,0,1,0,1,0,2,0.0,0.02177495562240165,0.04323683969675805,0.04725459920978617,0,1,1.0,1,0.00998992854597029,404.0,3611.0,1.0,0.2807995381038037,TeaStore,config_change,0.235492671283305,1,27,64,0,0.0408,0.0,0
tools.descartes.teastore.auth,java,1,1,0,0,0,0,0,0,2,0.0,0.025202148923669076,0.03236622825432079,0.03474386180689432,0,1,1.0,1,0.028092935161596937,404.0,3611.0,1.0,0.33464886472700794,TeaStore,deployment,0.8296810813802269,1,10,35,0,0.1905,0.0,0
tools.descartes.teastore.auth,java,1,1,0,0,1,1,1,0,2,0.0,0.02550681303476094,0.04637044963563738,0.035907551903507216,1,0,1.0,1,0.02193110453492496,404.0,3611.0,1.0,0.3754149891837626,TeaStore,deployment,0.1461769561137287,1,1,25,1,0.2258,0.5153,85
tools.descartes.teastore.auth,java,1,1,0,0,0,0,1,1,2,0.0,0.025047890168867513,0.04111365369016385,0.03758170991450947,1,1,1.0,1,0.010000509345298577,404.0,3611.0,1.0,0.31506254870830636,TeaStore,config_change,0.1762871698626759,1,27,38,0,0.02,0.0,0
tools.descartes.teastore.auth,java,1,1,0,0,1,0,1,1,2,0.0,0.021460598041971958,0.049396612792962494,0.03478729738177949,0,1,1.0,1,0.008598582335243935,404.0,3611.0,1.0,0.29995237294135574,TeaStore,deployment,0.9322706383909356,0,12,12,0,0.0414,0.0,0
tools.descartes.teastore.auth,java,1,1,0,0,0,1,1,0,1,0.0,0.023870827104837088,0.04985620027184625,0.04261939004371342,0,0,1.0,1,0.010529558877557984,404.0,3611.0,1.0,0.2686029801864204,TeaStore,deployment,0.3617950718479125,1,22,93,0,0.02,0.0,0
tools.descartes.teastore.auth,java,1,1,0,0,1,1,1,0,2,0.0,0.023926614589503837,0.047577880318485734,0.04395039261176308,1,0,1.0,1,0.008867746660620072,404.0,3611.0,1.0,0.26542164213678854,TeaStore,code_change,0.6952315850374724,1,11,12,0,0.0661,0.0,0
tools.descartes.teastore.auth,java,1,1,0,0,1,1,0,0,2,0.0,0.03212512092020854,0.04475086395897079,0.04132817965935841,0,0,1.0,1,0.020915363396921648,404.0,3611.0,1.0,0.33383433786616085,TeaStore,config_change,0.23884139002452975,0,19,1,1,0.6662,0.1881,79
tools.descartes.teastore.auth,java,1,1,0,0,1,1,1,0,1,0.0,0.028583365528078962,0.04235171355818738,0.048529270729411274,1,0,1.0,1,0.011995950384402218,404.0,3611.0,1.0,0.38402012535169155,TeaStore,config_change,0.2592577536350598,1,8,17,0,0.0501,0.0,0
tools.descartes.teastore.auth,java,1,1,0,0,1,0,0,1,2,0.0,0.02065407844544743,0.043870003055516346,0.040219720147848366,1,1,1.0,1,0.01372220185348472,404.0,3611.0,1.0,0.2822910023261176,TeaStore,deployment,0.8344768583162996,1,27,20,0,0.02,0.0,0
tools.descartes.teastore.auth,java,1,1,0,0,1,1,1,1,2,0.0,0.028442645362796816,0.038972300974090206,0.04554945206504083,0,0,1.0,1,0.013401822992094673,404.0,3611.0,1.0,0.290202307264977,TeaStore,deployment,0.5057019091993191,1,12,0,0,0.2882,0.0,0
tools.descartes.teastore.auth,java,1,1,0,0,1,1,1,0,1,0.0,0.027080014232349275,0.031703052287178304,0.03728758219999588,1,1,1.0,1,0.015567444889076082,404.0,3611.0,1.0,0.24430955789187497,TeaStore,deployment,0.7416995510314077,0,9,13,0,0.1022,0.0,0
tools.descartes.teastore.auth,java,1,1,0,0,0,0,0,0,2,0.0,0.024907619239737642,0.03328154647272728,0.03794336122662557,1,0,1.0,1,0.009040012684956867,404.0,3611.0,1.0,0.31677605890417243,TeaStore,config_change,0.316420068115073,0,27,43,0,0.1232,0.0,0
tools.descartes.teastore.auth,java,1,1,0,0,1,0,1,0,1,0.0,0.025663089952039985,0.03882688493085722,0.043381556947747896,1,0,1.0,1,0.014473273695261257,404.0,3611.0,1.0,0.33044540148782187,TeaStore,scaling,0.3432901343909731,1,28,8,0,0.0543,0.0,0
tools.descartes.teastore.auth,java,1,1,0,0,1,1,1,1,1,0.0,0.022962924699843307,0.048292097187785765,0.03441952658196269,0,1,1.0,1,0.020432008798890188,404.0,3611.0,1.0,0.3643911658372658,TeaStore,config_change,0.16548591738114649,1,22,13,0,0.2916,0.0,0
tools.descartes.teastore.auth,java,1,1,0,0,1,0,1,1,2,0.0,0.02895092885771683,0.03563116322061341,0.035106592488168796,1,0,1.0,1,0.02353369930215987,404.0,3611.0,1.0,0.29212627430020965,TeaStore,deployment,0.6321168143030029,1,3,1,0,0.3587,0.0,0
tools.descartes.teastore.auth,java,1,1,0,0,1,1,1,0,1,0.0,0.032128776923808104,0.042799091766990316,0.046749624012030665,1,1,1.0,1,0.015694363365760675,404.0,3611.0,1.0,0.32654017509481925,TeaStore,code_change,0.8923680132652048,1,9,3,0,0.2497,0.0,0
tools.descartes.teastore.auth,java,1,1,0,0,1,1,0,1,1,0.0,0.024904044865243776,0.042421387441051714,0.030918676141115698,1,1,1.0,1,0.009686943528217846,404.0,3611.0,1.0,0.3672359609992324,TeaStore,deployment,0.32016282382170935,1,6,78,1,0.0904,0.9087,158
tools.descartes.teastore.auth,java,1,1,0,0,1,0,0,0,2,0.0,0.021128488687858913,0.04180686475859994,0.03839965216147257,1,1,1.0,1,0.020800806965475753,404.0,3611.0,1.0,0.34829975379749495,TeaStore,config_change,0.12448150227151603,1,5,10,0,0.2237,0.0,0
tools.descartes.teastore.auth,java,1,1,0,0,1,1,0,0,2,0.0,0.03184281034598292,0.033529969340430614,0.04233075942741534,1,1,1.0,1,0.011451888222696743,404.0,3611.0,1.0,0.23866467406662045,TeaStore,config_change,0.2765894597385881,1,5,1,0,0.2057,0.0,0
tools.descartes.teastore.auth,java,1,1,0,0,0,0,1,1,2,0.0,0.029724465209413325,0.034112962113984714,0.047205247332395464,1,0,1.0,1,0.008445087709151634,404.0,3611.0,1.0,0.3014930993724286,TeaStore,config_change,0.19763934377944462,1,29,52,0,0.02,0.0,0
tools.descartes.teastore.auth,java,1,1,0,0,0,0,0,1,1,0.0,0.029914472043779616,0.0400216310505408,0.04577774656691276,1,0,1.0,1,0.028696331889896096,404.0,3611.0,1.0,0.33863990044767756,TeaStore,deployment,0.8736229619272863,1,4,20,0,0.2934,0.0,0
tools.descartes.teastore.auth,java,1,1,0,0,0,0,0,0,1,0.0,0.026321979280840232,0.047239437883639594,0.03910333172280657,1,1,1.0,1,0.019806022953307727,404.0,3611.0,1.0,0.3112713004864192,TeaStore,deployment,0.6968324631938599,1,20,38,0,0.0245,0.0,0
tools.descartes.teastore.auth,java,1,1,0,0,0,0,0,1,1,0.0,0.029739077826237113,0.031204089238997975,0.03299248960513993,0,1,1.0,1,0.027275792478001906,404.0,3611.0,1.0,0.2741369959300624,TeaStore,code_change,0.6113087491786933,0,17,61,1,0.3634,0.0954,45
tools.descartes.teastore.auth,java,1,1,0,0,1,1,0,0,1,0.0,0.029712136999613024,0.045254588525478485,0.0345582143445323,1,1,1.0,1,0.014208945602404904,404.0,3611.0,1.0,0.3255029423705572,TeaStore,code_change,0.8240597347772112,0,19,8,0,0.0912,0.0,0
e2e-tests,javascript,0,1,0,1,0,2,4,0,3,0.0,0.020016124734922362,0.0,0.1218790344168009,0,2,3.0,2,0.05,1003.6,3360.0,1.0,0.8114032439461499,TeaStore,scaling,0.6201360495594013,1,4,30,0,0.4604,0.0,0
e2e-tests,javascript,0,1,0,1,0,3,5,0,2,0.0,0.019127721200278235,0.0,0.12654141138058694,0,3,3.0,2,0.05,1003.6,3360.0,1.0,1.0,TeaStore,deployment,0.7392195277528536,0,18,10,1,0.4805,0.3837,115
e2e-tests,javascript,0,1,0,1,0,2,4,0,2,0.0,0.02211943477603894,0.0,0.12183545589126508,0,3,3.0,2,0.05,1003.6,3360.0,1.0,0.8747286858680061,TeaStore,code_change,0.3363571848456446,1,8,19,0,0.3286,0.0,0
e2e-tests,javascript,0,1,0,1,0,3,4,0,3,0.0,0.025248823752488634,0.0,0.095148988240226,0,3,3.0,2,0.05,1003.6,3360.0,1.0,0.8340641841286021,TeaStore,config_change,0.29131067777420033,1,3,5,1,0.6704,0.7116,126
e2e-tests,javascript,0,1,0,1,0,3,5,0,2,0.0,0.018820815819096854,0.0,0.13030177708633797,0,2,3.0,2,0.05,1003.6,3360.0,1.0,0.7570701437902052,TeaStore,scaling,0.6115501767794124,1,20,32,1,0.3884,0.295,90
e2e-tests,javascript,0,1,0,1,0,2,4,0,3,0.0,0.01939361498820522,0.0,0.12239103378782072,0,3,3.0,2,0.05,1003.6,3360.0,1.0,0.8337252914626123,TeaStore,deployment,0.5673625440458899,1,28,30,0,0.4321,0.0,0
e2e-tests,javascript,0,1,0,1,0,3,4,0,2,0.0,0.01993119748197343,0.0,0.13857841297937606,0,3,3.0,2,0.033241516011962784,1003.6,3360.0,1.0,0.7780661416854179,TeaStore,scaling,0.13327677516225878,0,26,10,0,0.311,0.0,0
e2e-tests,javascript,0,1,0,1,0,2,4,0,2,0.0,0.020006082539289073,0.0,0.12545151637887067,0,2,3.0,2,0.05,1003.6,3360.0,1.0,1.0,TeaStore,config_change,0.20632669675360144,1,20,46,1,0.3427,0.8358,111
e2e-tests,javascript,0,1,0,1,0,3,4,0,2,0.0,0.02833744705354761,0.0,0.10437362640037061,0,3,3.0,2,0.05,1003.6,3360.0,1.0,1.0,TeaStore,scaling,0.3925336437302414,0,18,35,1,0.4235,0.2292,104
e2e-tests,javascript,0,1,0,1,0,2,5,0,3,0.0,0.019733515425867112,0.0,0.09979142756319793,0,3,3.0,2,0.05,1003.6,3360.0,1.0,1.0,TeaStore,deployment,0.2222521382590095,1,20,68,1,0.4178,0.6908,116
e2e-tests,javascript,0,1,0,1,0,3,4,0,3,0.0,0.027435911965571935,0.0,0.1348370552854237,0,3,3.0,2,0.05,1003.6,3360.0,1.0,0.9802504769543442,TeaStore,code_change,0.7169874315487454,1,11,6,1,0.6425,0.6815,134
e2e-tests,javascript,0,1,0,1,0,2,4,0,2,0.0,0.022984400640443714,0.0,0.10500225829697613,0,2,3.0,2,0.05,1003.6,3360.0,1.0,0.7630131215386183,TeaStore,config_change,0.2661874042987002,1,10,24,1,0.4198,0.6529,78
e2e-tests,javascript,0,1,0,1,0,2,4,0,2,0.0,0.02772635994156995,0.0,0.13063074884626533,0,2,3.0,2,0.031212881301980876,1003.6,3360.0,1.0,0.7663730543190641,TeaStore,config_change,0.1904822760593417,1,17,24,0,0.1656,0.0,0
e2e-tests,javascript,0,1,0,1,0,3,4,0,3,0.0,0.025379259705550525,0.0,0.13546615009812976,0,3,3.0,2,0.05,1003.6,3360.0,1.0,0.9254769718797359,TeaStore,config_change,0.32208264234401346,1,28,91,1,0.4844,0.3029,87
e2e-tests,javascript,0,1,0,1,0,3,5,0,2,0.0,0.022260096647635428,0.0,0.13612790412634138,0,2,3.0,2,0.05,1003.6,3360.0,1.0,0.765130493094399,TeaStore,scaling,0.7133568084001491,1,18,1,1,0.5923,0.3989,103
e2e-tests,javascript,0,1,0,1,0,3,5,0,3,0.0,0.0207792737369788,0.0,0.100387709683113,0,2,3.0,2,0.05,1003.6,3360.0,1.0,0.9862570942451309,TeaStore,scaling,0.27973515239735364,1,3,36,0,0.2846,0.0,0
e2e-tests,javascript,0,1,0,1,0,2,5,0,2,0.0,0.028979152563973848,0.0,0.11617703347008976,0,3,3.0,2,0.05,1003.6,3360.0,1.0,0.9362348412883482,TeaStore,deployment,0.4353895646909258,1,11,20,0,0.4308,0.0,0
e2e-tests,javascript,0,1,0,1,0,3,4,0,2,0.0,0.02261214331646166,0.0,0.10672995306788029,0,2,3.0,2,0.05,1003.6,3360.0,1.0,0.7846953932086386,TeaStore,deployment,0.3349466643322628,1,5,2,0,0.585,0.0,0
e2e-tests,javascript,0,1,0,1,0,2,5,0,2,0.0,0.026259393484721043,0.0,0.12435528303114933,0,3,3.0,2,0.0331590998351937,1003.6,3360.0,1.0,1.0,TeaStore,deployment,0.6593150522928938,1,10,22,0,0.2708,0.0,0
e2e-tests,javascript,0,1,0,1,0,2,5,0,3,0.0,0.025035165399539098,0.0,0.10873712811160446,0,2,3.0,2,0.05,1003.6,3360.0,1.0,0.7953310000945271,TeaStore,deployment,0.7197129308479387,1,10,24,1,0.3668,0.4878,148
e2e-tests,javascript,0,1,0,1,0,2,4,0,3,0.0,0.027788499728299207,0.0,0.12122990529019521,0,3,3.0,2,0.05,1003.6,3360.0,1.0,0.8717728290166318,TeaStore,deployment,0.12002337729480395,1,11,37,0,0.3728,0.0,0
e2e-tests,javascript,0,1,0,1,0,3,5,0,3,0.0,0.023559474650295228,0.0,0.10858737082034825,0,2,3.0,2,0.05,1003.6,3360.0,1.0,0.7601243231338817,TeaStore,config_change,0.1688168023913915,1,27,89,1,0.369,0.3636,136
e2e-tests,javascript,0,1,0,1,0,3,4,0,3,0.0,0.024021014697734284,0.0,0.09957972261198451,0,3,3.0,2,0.03728048239923153,1003.6,3360.0,1.0,0.9237975688060873,TeaStore,deployment,0.6374385862128927,0,13,0,1,0.53,0.3823,84
e2e-tests,javascript,0,1,0,1,0,2,4,0,3,0.0,0.0272646942340014,0.0,0.13322006456176205,0,2,3.0,2,0.05,1003.6,3360.0,1.0,0.7513657484483692,TeaStore,deployment,0.5571588562070171,1,26,49,0,0.3977,0.0,0
e2e-tests,javascript,0,1,0,1,0,3,5,0,2,0.0,0.019963369432460243,0.0,0.0988398315632263,0,2,3.0,2,0.05,1003.6,3360.0,1.0,0.742800228503782,TeaStore,code_change,0.8459157475724521,1,21,18,1,0.3772,0.8255,144
e2e-tests,javascript,0,1,0,1,0,3,4,0,3,0.0,0.023541767897045682,0.0,0.09150764314461367,0,2,3.0,2,0.05,1003.6,3360.0,1.0,0.7662876464005589,TeaStore,scaling,0.5397000945773813,1,21,29,1,0.3917,0.7185,114
e2e-tests,javascript,0,1,0,1,0,3,4,0,3,0.0,0.028132163801103668,0.0,0.14400348946038818,0,3,3.0,2,0.05,1003.6,3360.0,1.0,0.7716812828337869,TeaStore,config_change,0.5005058024851977,0,9,44,1,0.3521,0.4782,135
e2e-tests,javascript,0,1,0,1,0,2,5,0,2,0.0,0.027086053679259276,0.0,0.1494904739684728,0,3,3.0,2,0.04807096875587275,1003.6,3360.0,1.0,0.7880022797680959,TeaStore,config_change,0.7140610557345605,1,8,6,0,0.6159,0.0,0
e2e-tests,javascript,0,1,0,1,0,3,5,0,3,0.0,0.02780209284503159,0.0,0.11315341733114523,0,3,3.0,2,0.03291563708769151,1003.6,3360.0,1.0,0.8429814203098216,TeaStore,scaling,0.29787822069530195,1,14,10,1,0.2047,0.8547,145
e2e-tests,javascript,0,1,0,1,0,3,5,0,2,0.0,0.0221012463538808,0.0,0.1469810056382672,0,2,3.0,2,0.05,1003.6,3360.0,1.0,1.0,TeaStore,code_change,0.5846111270940632,0,16,36,0,0.51,0.0,0
e2e-tests,javascript,0,1,0,1,0,3,5,0,2,0.0,0.028166625186164397,0.0,0.11390888416913875,0,2,3.0,2,0.03548310366054945,1003.6,3360.0,1.0,0.6842964921044896,TeaStore,deployment,0.385525605024678,0,8,13,0,0.2479,0.0,0
e2e-tests,javascript,0,1,0,1,0,3,4,0,2,0.0,0.027863098292406973,0.0,0.13362335795192,0,3,3.0,2,0.05,1003.6,3360.0,1.0,1.0,TeaStore,deployment,0.688525295366109,1,14,80,1,0.4373,0.5591,117
e2e-tests,javascript,0,1,0,1,0,2,5,0,3,0.0,0.021025849860235122,0.0,0.10907447945213324,0,3,3.0,2,0.04603224337477559,1003.6,3360.0,1.0,0.9096557081422022,TeaStore,deployment,0.08081357579096864,1,2,39,0,0.3288,0.0,0
e2e-tests,javascript,0,1,0,1,0,3,4,0,3,0.0,0.02516126338586977,0.0,0.13000239389564436,0,2,3.0,2,0.032286756968310196,1003.6,3360.0,1.0,0.8244902419653491,TeaStore,deployment,0.5642018871221779,1,8,35,0,0.226,0.0,0
e2e-tests,javascript,0,1,0,1,0,3,4,0,3,0.0,0.0181238450879436,0.0,0.1073026184387062,0,3,3.0,2,0.038096108271696946,1003.6,3360.0,1.0,0.8068890838023277,TeaStore,deployment,0.5488118804038932,1,9,9,0,0.2429,0.0,0
e2e-tests,javascript,0,1,0,1,0,2,4,0,2,0.0,0.019153040765958834,0.0,0.09371521459298454,0,3,3.0,2,0.04125389024676109,1003.6,3360.0,1.0,0.7942230487071592,TeaStore,config_change,0.301836489856275,1,2,97,0,0.3815,0.0,0
e2e-tests,javascript,0,1,0,1,0,2,4,0,2,0.0,0.018101978329127,0.0,0.10006681990438922,0,3,3.0,2,0.05,1003.6,3360.0,1.0,1.0,TeaStore,config_change,0.5821352274599366,0,2,10,0,0.5561,0.0,0
e2e-tests,javascript,0,1,0,1,0,2,5,0,3,0.0,0.018489221917008712,0.0,0.12280400619940295,0,2,3.0,2,0.05,1003.6,3360.0,1.0,0.922051475834897,TeaStore,config_change,0.44847423838948774,1,12,28,0,0.415,0.0,0
e2e-tests,javascript,0,1,0,1,0,3,5,0,3,0.0,0.024733840165895752,0.0,0.14650218808238008,0,3,3.0,2,0.05,1003.6,3360.0,1.0,0.9389499126230592,TeaStore,deployment,0.791323024735007,1,17,64,1,0.3602,0.8726,175
e2e-tests,javascript,0,1,0,1,0,2,5,0,2,0.0,0.019210682879019225,0.0,0.13962370441953753,0,2,3.0,2,0.05,1003.6,3360.0,1.0,0.6990357235744807,TeaStore,deployment,0.592015836191455,0,18,85,1,0.4013,0.6788,106
e2e-tests,javascript,0,1,0,1,0,2,5,0,3,0.0,0.0250675395979471,0.0,0.12099023259465785,0,2,3.0,2,0.05,1003.6,3360.0,1.0,0.7296851217420219,TeaStore,deployment,0.20960260116343715,0,19,56,1,0.5288,0.1632,100
e2e-tests,javascript,0,1,0,1,0,3,4,0,3,0.0,0.027114250350805575,0.0,0.0963237843475441,0,3,3.0,2,0.040765757085513846,1003.6,3360.0,1.0,0.8448863950419949,TeaStore,code_change,0.47373562123278884,1,27,28,0,0.3645,0.0,0
e2e-tests,javascript,0,1,0,1,0,3,5,0,2,0.0,0.028319342665595215,0.0,0.11237394001187632,0,3,3.0,2,0.05,1003.6,3360.0,1.0,0.9919436801026181,TeaStore,config_change,0.12118978485825677,0,27,7,1,0.5942,0.5501,111
e2e-tests,javascript,0,1,0,1,0,3,4,0,2,0.0,0.027468185951207934,0.0,0.13496283960158106,0,3,3.0,2,0.05,1003.6,3360.0,1.0,0.9955733298089359,TeaStore,code_change,0.9074425120625956,1,24,28,0,0.4117,0.0,0
e2e-tests,javascript,0,1,0,1,0,2,4,0,3,0.0,0.024058576618610224,0.0,0.11286036639588465,0,3,3.0,2,0.05,1003.6,3360.0,1.0,0.8505570274053371,TeaStore,code_change,0.39664893172191257,1,19,15,0,0.3534,0.0,0
e2e-tests,javascript,0,1,0,1,0,2,5,0,2,0.0,0.02425813117809634,0.0,0.12720090004365361,0,2,3.0,2,0.05,1003.6,3360.0,1.0,0.8856541170467659,TeaStore,deployment,0.47110864934425806,0,28,43,0,0.5296,0.0,0
e2e-tests,javascript,0,1,0,1,0,3,4,0,2,0.0,0.021564753878889804,0.0,0.0960073767814293,0,3,3.0,2,0.05,1003.6,3360.0,1.0,0.7415825911905749,TeaStore,deployment,0.7910329114410586,1,14,44,0,0.3653,0.0,0
e2e-tests,javascript,0,1,0,1,0,2,5,0,3,0.0,0.01801710146625972,0.0,0.09492413070705588,0,2,3.0,2,0.04556773470810793,1003.6,3360.0,1.0,1.0,TeaStore,code_change,0.7728733830900376,1,13,96,0,0.4625,0.0,0
e2e-tests,javascript,0,1,0,1,0,3,5,0,2,0.0,0.02279003223863057,0.0,0.10843711364014222,0,3,3.0,2,0.037006723817685556,1003.6,3360.0,1.0,0.8844250391367107,TeaStore,config_change,0.6564479127858266,1,14,7,0,0.2753,0.0,0
e2e-tests,javascript,0,1,0,1,0,2,5,0,3,0.0,0.025458156708435847,0.0,0.095446360696101,0,3,3.0,2,0.05,1003.6,3360.0,1.0,0.8978920899038924,TeaStore,deployment,0.4755342653017606,1,27,66,0,0.3763,0.0,0
tools.descartes.teastore.dockermemoryconfigurator,java,0,1,0,1,0,0,1,0,1,0.0,0.02611407207501738,0.0,0.036548530112638644,0,0,1.0,1,0.009547224587179508,403.6,3360.0,1.0,0.3353129992902719,TeaStore,deployment,0.3863358767559868,0,15,50,0,0.1407,0.0,0
tools.descartes.teastore.dockermemoryconfigurator,java,0,1,0,1,0,0,1,0,0,0.0,0.028955966616249034,0.0,0.045286696257068916,0,0,1.0,1,0.017163104637350334,403.6,3360.0,1.0,0.3328878789862964,TeaStore,code_change,0.8103551888595958,1,21,19,0,0.0445,0.0,0
tools.descartes.teastore.dockermemoryconfigurator,java,0,1,0,1,0,0,0,0,1,0.0,0.0237453991879986,0.0,0.03607922743406948,0,0,1.0,1,0.009996314353365367,403.6,3360.0,1.0,0.26408753191683954,TeaStore,deployment,0.6479841405542586,1,16,16,0,0.0347,0.0,0
tools.descartes.teastore.dockermemoryconfigurator,java,0,1,0,1,0,0,0,0,1,0.0,0.02327127397877625,0.0,0.042875681508971905,0,0,1.0,1,0.020699852066703387,403.6,3360.0,1.0,0.26140625997450295,TeaStore,config_change,0.2571860541205709,1,14,0,1,0.4009,0.2089,59
tools.descartes.teastore.dockermemoryconfigurator,java,0,1,0,1,0,0,0,0,1,0.0,0.02265924563643787,0.0,0.03505487315415921,0,1,1.0,1,0.03165406560290601,403.6,3360.0,1.0,0.26008137287037464,TeaStore,code_change,0.5146894616777171,1,1,72,1,0.1562,0.1314,57
tools.descartes.teastore.dockermemoryconfigurator,java,0,1,0,1,0,1,0,0,0,0.0,0.025412007148142624,0.0,0.035169369155101514,0,1,1.0,1,0.011332977818330715,403.6,3360.0,1.0,0.286326833169132,TeaStore,scaling,0.04598505930874419,1,5,24,0,0.02,0.0,0
tools.descartes.teastore.dockermemoryconfigurator,java,0,1,0,1,0,1,1,0,1,0.0,0.029106982809710576,0.0,0.04427558338339014,0,1,1.0,1,0.025397080753169612,403.6,3360.0,1.0,0.2435552329695957,TeaStore,deployment,0.14516362851251635,0,11,4,1,0.6098,0.4407,66
tools.descartes.teastore.dockermemoryconfigurator,java,0,1,0,1,0,1,1,0,0,0.0,0.01790924832358685,0.0,0.040485269553923356,0,1,1.0,1,0.010293616523015232,403.6,3360.0,1.0,0.3273011564509351,TeaStore,config_change,0.3373784049478787,1,13,20,0,0.0535,0.0,0
tools.descartes.teastore.dockermemoryconfigurator,java,0,1,0,1,0,1,0,0,1,0.0,0.025635183966169883,0.0,0.036320047370939836,0,1,1.0,1,0.013508935015699117,403.6,3360.0,1.0,0.3834846138686449,TeaStore,deployment,0.933764212753834,1,7,33,0,0.1193,0.0,0
tools.descartes.teastore.dockermemoryconfigurator,java,0,1,0,1,0,0,0,0,0,0.0,0.020237748937642228,0.0,0.038937159340757574,0,0,1.0,1,0.023610670032961373,403.6,3360.0,1.0,0.30238519654509577,TeaStore,deployment,0.21803105458217295,1,13,18,0,0.1962,0.0,0
tools.descartes.teastore.dockermemoryconfigurator,java,0,1,0,1,0,1,0,0,1,0.0,0.021316452103649165,0.0,0.038307914126263616,0,0,1.0,1,0.017980769835326725,403.6,3360.0,1.0,0.24066806081507158,TeaStore,deployment,0.19087053695761136,1,8,0,0,0.2241,0.0,0
tools.descartes.teastore.dockermemoryconfigurator,java,0,1,0,1,0,1,0,0,0,0.0,0.02118782881536945,0.0,0.049996475003937245,0,1,1.0,1,0.016229843500767026,403.6,3360.0,1.0,0.347228316486438,TeaStore,deployment,0.1862344190441008,0,20,55,0,0.1064,0.0,0
tools.descartes.teastore.dockermemoryconfigurator,java,0,1,0,1,0,0,1,0,0,0.0,0.024852284708496153,0.0,0.03210247444768711,0,1,1.0,1,0.02676923589036868,403.6,3360.0,1.0,0.3037143873596187,TeaStore,deployment,0.617696754764882,1,2,53,1,0.3124,0.0354,42
tools.descartes.teastore.dockermemoryconfigurator,java,0,1,0,1,0,0,1,0,0,0.0,0.029381340895307816,0.0,0.04341366004474879,0,1,1.0,1,0.022760453524654094,403.6,3360.0,1.0,0.298720030661262,TeaStore,deployment,0.276467690074188,1,24,13,1,0.2286,0.1063,43
tools.descartes.teastore.dockermemoryconfigurator,java,0,1,0,1,0,0,0,0,1,0.0,0.01846793513640417,0.0,0.032258216741422284,0,0,1.0,1,0.028393130274967492,403.6,3360.0,1.0,0.3032848049136535,TeaStore,code_change,0.3676605536858057,1,13,29,1,0.2698,0.0685,59
tools.descartes.teastore.dockermemoryconfigurator,java,0,1,0,1,0,0,1,0,0,0.0,0.019785746010117945,0.0,0.032260323681145196,0,1,1.0,1,0.017578322233309608,403.6,3360.0,1.0,0.26333344222382427,TeaStore,deployment,0.6640536057790735,1,18,7,0,0.02,0.0,0
tools.descartes.teastore.dockermemoryconfigurator,java,0,1,0,1,0,1,0,0,0,0.0,0.02800587123335363,0.0,0.042578423702922974,0,1,1.0,1,0.026154539175692115,403.6,3360.0,1.0,0.23545058432069116,TeaStore,deployment,0.7124621062739426,0,7,23,0,0.2688,0.0,0
tools.descartes.teastore.dockermemoryconfigurator,java,0,1,0,1,0,1,0,0,1,0.0,0.018194148432382116,0.0,0.03479412520492648,0,0,1.0,1,0.010829544005999888,403.6,3360.0,1.0,0.31456703266636327,TeaStore,code_change,0.8163809200925626,1,6,48,0,0.02,0.0,0
tools.descartes.teastore.dockermemoryconfigurator,java,0,1,0,1,0,0,0,0,0,0.0,0.020103204291329946,0.0,0.04262584933040424,0,0,1.0,1,0.017370102474873854,403.6,3360.0,1.0,0.26946320445494865,TeaStore,code_change,0.45730102599844935,0,6,19,0,0.1134,0.0,0
tools.descartes.teastore.dockermemoryconfigurator,java,0,1,0,1,0,0,0,0,0,0.0,0.020163894559061774,0.0,0.03980760817979078,0,1,1.0,1,0.02783028179044002,403.6,3360.0,1.0,0.37705833468897454,TeaStore,code_change,0.6139680147147721,1,28,29,0,0.2517,0.0,0
tools.descartes.teastore.dockermemoryconfigurator,java,0,1,0,1,0,1,1,0,1,0.0,0.02273698161097475,0.0,0.04941605976837083,0,0,1.0,1,0.03144639554678883,403.6,3360.0,1.0,0.29913140858211845,TeaStore,deployment,0.7749305660059709,1,7,10,0,0.2711,0.0,0
tools.descartes.teastore.dockermemoryconfigurator,java,0,1,0,1,0,1,1,0,0,0.0,0.023865774985900638,0.0,0.03383088253615625,0,1,1.0,1,0.01096589816139177,403.6,3360.0,1.0,0.3012845844370446,TeaStore,config_change,0.2979527284232267,1,3,92,0,0.02,0.0,0
tools.descartes.teastore.dockermemoryconfigurator,java,0,1,0,1,0,1,0,0,0,0.0,0.022416918157958314,0.0,0.044846787838267725,0,1,1.0,1,0.00936557707075427,403.6,3360.0,1.0,0.23755146440000716,TeaStore,deployment,0.8080820605607895,1,19,9,0,0.027,0.0,0
tools.descartes.teastore.dockermemoryconfigurator,java,0,1,0,1,0,0,1,0,0,0.0,0.02124200076518586,0.0,0.040200776400537055,0,1,1.0,1,0.013068885294875807,403.6,3360.0,1.0,0.3616580648130154,TeaStore,deployment,0.3328387541390334,0,28,32,0,0.0944,0.0,0
tools.descartes.teastore.dockermemoryconfigurator,java,0,1,0,1,0,1,1,0,1,0.0,0.02480251367548935,0.0,0.030689751728639345,0,0,1.0,1,0.03104741507215778,403.6,3360.0,1.0,0.369904607792154,TeaStore,deployment,0.8963504264583175,0,22,10,1,0.3603,0.678,122
tools.descartes.teastore.dockermemoryconfigurator,java,0,1,0,1,0,1,1,0,0,0.0,0.01808111759316957,0.0,0.04450012876206306,0,0,1.0,1,0.009948507441269707,403.6,3360.0,1.0,0.3777243625293469,TeaStore,deployment,0.03682930381791868,1,23,7,0,0.02,0.0,0
tools.descartes.teastore.dockermemoryconfigurator,java,0,1,0,1,0,1,1,0,1,0.0,0.02144243695738516,0.0,0.031069569201038,0,1,1.0,1,0.024196557500099605,403.6,3360.0,1.0,0.23805646104235192,TeaStore,deployment,0.5492947368403948,1,19,58,0,0.2464,0.0,0
tools.descartes.teastore.dockermemoryconfigurator,java,0,1,0,1,0,0,1,0,0,0.0,0.02245607122167461,0.0,0.04720531538253593,0,0,1.0,1,0.01096180840784449,403.6,3360.0,1.0,0.3754619554243117,TeaStore,deployment,0.7412663746563588,1,20,19,0,0.0488,0.0,0
tools.descartes.teastore.dockermemoryconfigurator,java,0,1,0,1,0,0,1,0,1,0.0,0.02045519769994902,0.0,0.03771879302874336,0,1,1.0,1,0.03194708529029131,403.6,3360.0,1.0,0.348476716699377,TeaStore,config_change,0.8334662111845745,1,17,42,0,0.2138,0.0,0
tools.descartes.teastore.dockermemoryconfigurator,java,0,1,0,1,0,0,0,0,1,0.0,0.027302471421332967,0.0,0.04539263671806484,0,1,1.0,1,0.025060204502251666,403.6,3360.0,1.0,0.27444927039409245,TeaStore,deployment,0.7924762285938456,0,15,71,0,0.3222,0.0,0
tools.descartes.teastore.dockermemoryconfigurator,java,0,1,0,1,0,0,0,0,0,0.0,0.023727554944055224,0.0,0.03599311198227427,0,1,1.0,1,0.014383262245891587,403.6,3360.0,1.0,0.3246578380344403,TeaStore,code_change,0.7394747663913938,1,3,1,0,0.1632,0.0,0
tools.descartes.teastore.dockermemoryconfigurator,java,0,1,0,1,0,1,1,0,0,0.0,0.022919034029693357,0.0,0.040652731435303714,0,1,1.0,1,0.015122791080400908,403.6,3360.0,1.0,0.3348844190241673,TeaStore,deployment,0.6835259783349285,1,3,35,0,0.02,0.0,0
tools.descartes.teastore.dockermemoryconfigurator,java,0,1,0,1,0,0,0,0,0,0.0,0.027679446855747098,0.0,0.04862186558090198,0,1,1.0,1,0.021563872480346392,403.6,3360.0,1.0,0.33723908875494224,TeaStore,code_change,0.8366604882128872,0,10,0,1,0.484,0.3232,81
tools.descartes.teastore.dockermemoryconfigurator,java,0,1,0,1,0,1,1,0,0,0.0,0.021982843328276724,0.0,0.047815850080810025,0,0,1.0,1,0.02637444980373965,403.6,3360.0,1.0,0.32049304437101545,TeaStore,code_change,0.40587904028895416,1,4,7,1,0.2524,0.25,55
tools.descartes.teastore.dockermemoryconfigurator,java,0,1,0,1,0,1,0,0,1,0.0,0.02129697738866589,0.0,0.04684572335523926,0,1,1.0,1,0.011987012199954057,403.6,3360.0,1.0,0.25801018438195517,TeaStore,deployment,0.49599525204532946,1,9,7,0,0.0922,0.0,0
tools.descartes.teastore.dockermemoryconfigurator,java,0,1,0,1,0,0,1,0,0,0.0,0.02151643899496384,0.0,0.0468941833343054,0,0,1.0,1,0.015152694450374973,403.6,3360.0,1.0,0.35105786985547005,TeaStore,deployment,0.8088417481858602,1,6,59,0,0.0273,0.0,0
tools.descartes.teastore.dockermemoryconfigurator,java,0,1,0,1,0,0,1,0,1,0.0,0.024253128793282175,0.0,0.04359404645800087,0,0,1.0,1,0.00856159587524049,403.6,3360.0,1.0,0.23318926269799442,TeaStore,config_change,0.049177342348251774,1,19,95,0,0.0947,0.0,0
tools.descartes.teastore.dockermemoryconfigurator,java,0,1,0,1,0,1,1,0,0,0.0,0.027937659975614672,0.0,0.03713653636936519,0,0,1.0,1,0.009875509628062487,403.6,3360.0,1.0,0.331353059873977,TeaStore,deployment,0.9465478561498485,1,27,0,0,0.3017,0.0,0
tools.descartes.teastore.dockermemoryconfigurator,java,0,1,0,1,0,1,1,0,1,0.0,0.021367189094597276,0.0,0.04448501914328002,0,0,1.0,1,0.013623511432475893,403.6,3360.0,1.0,0.37157071675480174,TeaStore,deployment,0.5036953433793115,0,7,111,0,0.2143,0.0,0
tools.descartes.teastore.dockermemoryconfigurator,java,0,1,0,1,0,0,0,0,1,0.0,0.0258107013901361,0.0,0.047065149186848454,0,0,1.0,1,0.02667361949159511,403.6,3360.0,1.0,0.23471590490413757,TeaStore,code_change,0.6791451110078447,1,19,75,1,0.2704,0.2715,64
tools.descartes.teastore.dockermemoryconfigurator,java,0,1,0,1,0,0,0,0,0,0.0,0.027247230652036655,0.0,0.035074202523614095,0,1,1.0,1,0.03152684571935157,403.6,3360.0,1.0,0.2860214225225461,TeaStore,config_change,0.1286077258360468,1,3,9,0,0.12,0.0,0
tools.descartes.teastore.dockermemoryconfigurator,java,0,1,0,1,0,0,1,0,0,0.0,0.022359548085671085,0.0,0.04028215082203496,0,0,1.0,1,0.020102556144362564,403.6,3360.0,1.0,0.25255320457034264,TeaStore,code_change,0.908268224023893,1,12,42,0,0.1786,0.0,0
tools.descartes.teastore.dockermemoryconfigurator,java,0,1,0,1,0,0,1,0,1,0.0,0.02695278437419243,0.0,0.04156593717510742,0,0,1.0,1,0.02032999123365339,403.6,3360.0,1.0,0.2778907008018354,TeaStore,code_change,0.48830071049767876,1,14,31,0,0.1598,0.0,0
tools.descartes.teastore.dockermemoryconfigurator,java,0,1,0,1,0,1,1,0,0,0.0,0.020662108027576634,0.0,0.03642576568667954,0,1,1.0,1,0.01041040253264652,403.6,3360.0,1.0,0.35839662467310635,TeaStore,scaling,0.3744619388357253,1,19,11,0,0.0952,0.0,0
tools.descartes.teastore.dockermemoryconfigurator,java,0,1,0,1,0,0,1,0,0,0.0,0.02894073800236983,0.0,0.04516373276728734,0,1,1.0,1,0.030425154194860474,403.6,3360.0,1.0,0.2495149554965312,TeaStore,deployment,0.696520663633156,1,23,71,0,0.2038,0.0,0
tools.descartes.teastore.dockermemoryconfigurator,java,0,1,0,1,0,0,1,0,0,0.0,0.02691357394540217,0.0,0.045320089113140324,0,1,1.0,1,0.01374107210106453,403.6,3360.0,1.0,0.2664366527540355,TeaStore,scaling,0.40393130965270374,1,5,12,0,0.0584,0.0,0
tools.descartes.teastore.dockermemoryconfigurator,java,0,1,0,1,0,0,0,0,1,0.0,0.02426045521052377,0.0,0.03846169323128273,0,0,1.0,1,0.024034384567678906,403.6,3360.0,1.0,0.23176235867658668,TeaStore,config_change,0.4012343457696896,1,28,46,0,0.2021,0.0,0
tools.descartes.teastore.dockermemoryconfigurator,java,0,1,0,1,0,1,0,0,1,0.0,0.023703937562252878,0.0,0.03307898709300213,0,0,1.0,1,0.011089423292917408,403.6,3360.0,1.0,0.2598377699173467,TeaStore,config_change,0.29177616489651675,0,4,56,1,0.1908,0.5608,123
tools.descartes.teastore.dockermemoryconfigurator,java,0,1,0,1,0,1,0,0,1,0.0,0.022718853431288388,0.0,0.03192668738270541,0,0,1.0,1,0.010476241581984392,403.6,3360.0,1.0,0.349526557190752,TeaStore,code_change,0.9330978807865157,0,27,14,0,0.1125,0.0,0
tools.descartes.teastore.dockermemoryconfigurator,java,0,1,0,1,0,0,0,0,0,0.0,0.025653002845511495,0.0,0.04704017787144487,0,0,1.0,1,0.022002179575786627,403.6,3360.0,1.0,0.34373046325594986,TeaStore,deployment,0.23502584189689482,1,23,8,0,0.2623,0.0,0
tools.descartes.teastore.kieker.probes,java,0,0,1,1,0,0,0,0,0,0.0,0.021488776084614022,0.0,0.0,0,0,0.0,0,0.0024197286827166253,103.6,3360.0,1.0,0.0078020630764284,TeaStore,code_change,0.3428811102343789,0,29,62,0,0.02,0.0,0
tools.descartes.teastore.kieker.probes,java,0,0,1,1,0,0,0,0,0,0.0,0.020125449922189575,0.0,0.0,0,0,0.0,0,0.001,103.6,3360.0,1.0,0.008440427217079405,TeaStore,deployment,0.7644079297304935,1,18,15,0,0.02,0.0,0
tools.descartes.teastore.kieker.probes,java,0,0,1,1,0,0,0,0,0,0.0,0.021315990180711286,0.0,0.0,0,0,0.0,0,0.0025257854603499014,103.6,3360.0,1.0,0.005251847452900413,TeaStore,code_change,0.47362689132358665,1,8,22,0,0.02,0.0,0
tools.descartes.teastore.kieker.probes,java,0,0,1,1,0,0,0,0,0,0.0,0.025830048617495865,0.0,0.0,0,0,0.0,0,0.0027728847665130225,103.6,3360.0,1.0,0.007174077231286902,TeaStore,scaling,0.28348626135632315,1,21,20,0,0.02,0.0,0
tools.descartes.teastore.kieker.probes,java,0,0,1,1,0,0,0,0,0,0.0,0.02889632892548181,0.0,0.0,0,0,0.0,0,0.0011595425913951485,103.6,3360.0,1.0,0.0065969363613248965,TeaStore,code_change,0.23735018742298628,1,8,17,0,0.02,0.0,0
tools.descartes.teastore.kieker.probes,java,0,0,1,1,0,0,0,0,0,0.0,0.029708787904906688,0.0,0.0,0,0,0.0,0,0.001700618748729243,103.6,3360.0,1.0,0.008287226621866489,TeaStore,deployment,0.7781772995849906,1,19,35,0,0.02,0.0,0
tools.descartes.teastore.kieker.probes,java,0,0,1,1,0,0,0,0,0,0.0,0.023928046370746338,0.0,0.0,0,0,0.0,0,0.0022239785291847014,103.6,3360.0,1.0,0.0065807207845133935,TeaStore,code_change,0.6542893166892023,1,3,6,1,0.2202,0.0744,55
tools.descartes.teastore.kieker.probes,java,0,0,1,1,0,0,0,0,0,0.0,0.026469253528695082,0.0,0.0,0,0,0.0,0,0.0022357019387386373,103.6,3360.0,1.0,0.007470584310020958,TeaStore,scaling,0.41952651965613613,0,7,30,0,0.0398,0.0,0
tools.descartes.teastore.kieker.probes,java,0,0,1,1,0,0,0,0,0,0.0,0.02756156538123459,0.0,0.0,0,0,0.0,0,0.0022547735723736566,103.6,3360.0,1.0,0.007294817423982131,TeaStore,deployment,0.9344700475457461,0,28,23,0,0.0586,0.0,0
tools.descartes.teastore.kieker.probes,java,0,0,1,1,0,0,0,0,0,0.0,0.021466209435858856,0.0,0.0,0,0,0.0,0,0.001453759096798818,103.6,3360.0,1.0,0.0056360245726252665,TeaStore,code_change,0.7512218719571406,1,16,134,0,0.1016,0.0,0
tools.descartes.teastore.kieker.probes,java,0,0,1,1,0,0,0,0,0,0.0,0.0290178798740216,0.0,0.0,0,0,0.0,0,0.001,103.6,3360.0,1.0,0.006157130170127114,TeaStore,config_change,0.2751888328758789,0,28,92,0,0.0652,0.0,0
tools.descartes.teastore.kieker.probes,java,0,0,1,1,0,0,0,0,0,0.0,0.019538506345581696,0.0,0.0,0,0,0.0,0,0.0025775254853490424,103.6,3360.0,1.0,0.0058204800775143554,TeaStore,config_change,0.2550672797622358,1,4,104,0,0.02,0.0,0
tools.descartes.teastore.kieker.probes,java,0,0,1,1,0,0,0,0,0,0.0,0.01936324620095171,0.0,0.0,0,0,0.0,0,0.001,103.6,3360.0,1.0,0.005372986010987815,TeaStore,deployment,0.17838040204065836,1,6,55,0,0.0657,0.0,0
tools.descartes.teastore.kieker.probes,java,0,0,1,1,0,0,0,0,0,0.0,0.02881800746077331,0.0,0.0,0,0,0.0,0,0.002704627101023083,103.6,3360.0,1.0,0.007516849845517208,TeaStore,deployment,0.5842629113142955,1,9,77,0,0.02,0.0,0
tools.descartes.teastore.kieker.probes,java,0,0,1,1,0,0,0,0,0,0.0,0.0265326180828985,0.0,0.0,0,0,0.0,0,0.0011506479737864205,103.6,3360.0,1.0,0.005808630350194224,TeaStore,scaling,0.5096842774865483,0,8,41,0,0.1359,0.0,0
tools.descartes.teastore.kieker.probes,java,0,0,1,1,0,0,0,0,0,0.0,0.021741028784903024,0.0,0.0,0,0,0.0,0,0.0010393529223927378,103.6,3360.0,1.0,0.008588836070906963,TeaStore,code_change,0.9487743607124077,1,20,45,0,0.0605,0.0,0
tools.descartes.teastore.kieker.probes,java,0,0,1,1,0,0,0,0,0,0.0,0.024716916203961707,0.0,0.0,0,0,0.0,0,0.0020421985199823903,103.6,3360.0,1.0,0.008234551579656949,TeaStore,code_change,0.5397441897158203,0,26,12,0,0.1651,0.0,0
tools.descartes.teastore.kieker.probes,java,0,0,1,1,0,0,0,0,0,0.0,0.028446036806478597,0.0,0.0,0,0,0.0,0,0.0017491052801496907,103.6,3360.0,1.0,0.007711761105488272,TeaStore,deployment,0.49355687801489234,0,1,28,0,0.1681,0.0,0
tools.descartes.teastore.kieker.probes,java,0,0,1,1,0,0,0,0,0,0.0,0.029289785236400967,0.0,0.0,0,0,0.0,0,0.001,103.6,3360.0,1.0,0.005469402775905591,TeaStore,config_change,0.08852832897282535,1,8,42,0,0.02,0.0,0
tools.descartes.teastore.kieker.probes,java,0,0,1,1,0,0,0,0,0,0.0,0.018572408457234037,0.0,0.0,0,0,0.0,0,0.001,103.6,3360.0,1.0,0.0059253411022686595,TeaStore,code_change,0.4253090904914135,0,6,50,1,0.1654,0.1636,50
tools.descartes.teastore.kieker.probes,java,0,0,1,1,0,0,0,0,0,0.0,0.02764957098488777,0.0,0.0,0,0,0.0,0,0.0021166672474359997,103.6,3360.0,1.0,0.00809189635253409,TeaStore,deployment,0.4240282507272578,1,24,89,0,0.02,0.0,0
tools.descartes.teastore.kieker.probes,java,0,0,1,1,0,0,0,0,0,0.0,0.02893118976885678,0.0,0.0,0,0,0.0,0,0.0013826907641294364,103.6,3360.0,1.0,0.008738061342916409,TeaStore,config_change,0.19158506648356885,0,1,61,0,0.2026,0.0,0
tools.descartes.teastore.kieker.probes,java,0,0,1,1,0,0,0,0,0,0.0,0.027480701619728255,0.0,0.0,0,0,0.0,0,0.002563740136630196,103.6,3360.0,1.0,0.007062940389347424,TeaStore,config_change,0.02517448767018517,0,4,53,0,0.0367,0.0,0
tools.descartes.teastore.kieker.probes,java,0,0,1,1,0,0,0,0,0,0.0,0.022053085398860563,0.0,0.0,0,0,0.0,0,0.0019263220929740654,103.6,3360.0,1.0,0.008016561303421635,TeaStore,scaling,0.6139009309588979,1,15,6,0,0.2779,0.0,0
tools.descartes.teastore.kieker.probes,java,0,0,1,1,0,0,0,0,0,0.0,0.019088889393415468,0.0,0.0,0,0,0.0,0,0.002021926793578793,103.6,3360.0,1.0,0.006609479481425331,TeaStore,deployment,0.3296952064206437,0,23,16,0,0.0916,0.0,0
tools.descartes.teastore.kieker.probes,java,0,0,1,1,0,0,0,0,0,0.0,0.02830285014942662,0.0,0.0,0,0,0.0,0,0.002136714783262056,103.6,3360.0,1.0,0.008281568718428185,TeaStore,deployment,0.23549968047694378,0,8,74,0,0.1696,0.0,0
tools.descartes.teastore.kieker.probes,java,0,0,1,1,0,0,0,0,0,0.0,0.026901421239197667,0.0,0.0,0,0,0.0,0,0.0010600889864711297,103.6,3360.0,1.0,0.007577896222009983,TeaStore,deployment,0.30547518251291444,0,27,17,0,0.1658,0.0,0
tools.descartes.teastore.kieker.probes,java,0,0,1,1,0,0,0,0,0,0.0,0.02659492393308358,0.0,0.0,0,0,0.0,0,0.0017833793970960935,103.6,3360.0,1.0,0.006042646134074497,TeaStore,code_change,0.6619472208495214,1,25,12,0,0.0921,0.0,0
tools.descartes.teastore.kieker.probes,java,0,0,1,1,0,0,0,0,0,0.0,0.02250725226296495,0.0,0.0,0,0,0.0,0,0.001,103.6,3360.0,1.0,0.006485102717416331,TeaStore,config_change,0.19140383591319177,0,3,16,0,0.1266,0.0,0
tools.descartes.teastore.kieker.probes,java,0,0,1,1,0,0,0,0,0,0.0,0.02842937644861904,0.0,0.0,0,0,0.0,0,0.001,103.6,3360.0,1.0,0.008064002592526182,TeaStore,deployment,0.7888995470097285,0,25,13,1,0.1165,0.0594,51
tools.descartes.teastore.kieker.probes,java,0,0,1,1,0,0,0,0,0,0.0,0.02489846685219036,0.0,0.0,0,0,0.0,0,0.0015735065115350206,103.6,3360.0,1.0,0.007067826580754963,TeaStore,deployment,0.12231086610978707,0,11,6,0,0.365,0.0,0
tools.descartes.teastore.kieker.probes,java,0,0,1,1,0,0,0,0,0,0.0,0.023362785454892607,0.0,0.0,0,0,0.0,0,0.002246297701942103,103.6,3360.0,1.0,0.006079032763406789,TeaStore,deployment,0.5803361590422365,0,8,25,1,0.1217,0.2083,59
tools.descartes.teastore.kieker.probes,java,0,0,1,1,0,0,0,0,0,0.0,0.025827958524110704,0.0,0.0,0,0,0.0,0,0.0011717055758346988,103.6,3360.0,1.0,0.006152909093859898,TeaStore,deployment,0.41894895059530246,1,19,70,0,0.02,0.0,0
tools.descartes.teastore.kieker.probes,java,0,0,1,1,0,0,0,0,0,0.0,0.020436361526598664,0.0,0.0,0,0,0.0,0,0.002424985524270043,103.6,3360.0,1.0,0.007759176582916529,TeaStore,deployment,0.4327970637137948,1,13,4,1,0.3019,0.4285,86
tools.descartes.teastore.kieker.probes,java,0,0,1,1,0,0,0,0,0,0.0,0.018280455290251588,0.0,0.0,0,0,0.0,0,0.002333217768712033,103.6,3360.0,1.0,0.007691573979911103,TeaStore,code_change,0.8486507734707809,1,5,38,0,0.02,0.0,0
tools.descartes.teastore.kieker.probes,java,0,0,1,1,0,0,0,0,0,0.0,0.029063290541836227,0.0,0.0,0,0,0.0,0,0.002621314733972098,103.6,3360.0,1.0,0.006414360497119161,TeaStore,config_change,0.4719866746375964,1,28,51,0,0.0429,0.0,0
tools.descartes.teastore.kieker.probes,java,0,0,1,1,0,0,0,0,0,0.0,0.018590593353054,0.0,0.0,0,0,0.0,0,0.0020771786442592604,103.6,3360.0,1.0,0.005355003868123479,TeaStore,scaling,0.45195850460875564,0,7,2,0,0.2773,0.0,0
tools.descartes.teastore.kieker.probes,java,0,0,1,1,0,0,0,0,0,0.0,0.02687709429692925,0.0,0.0,0,0,0.0,0,0.001,103.6,3360.0,1.0,0.007508180176369695,TeaStore,deployment,0.7468758707080816,0,28,5,1,0.3384,0.2619,55
tools.descartes.teastore.kieker.probes,java,0,0,1,1,0,0,0,0,0,0.0,0.021383917191423844,0.0,0.0,0,0,0.0,0,0.0024723210913412145,103.6,3360.0,1.0,0.006231528859913298,TeaStore,config_change,0.20643998373505862,1,1,28,0,0.1008,0.0,0
tools.descartes.teastore.kieker.probes,java,0,0,1,1,0,0,0,0,0,0.0,0.025590364592345788,0.0,0.0,0,0,0.0,0,0.00221064741493782,103.6,3360.0,1.0,0.006139616612900742,TeaStore,deployment,0.17241223555233093,1,21,77,0,0.02,0.0,0
tools.descartes.teastore.kieker.probes,java,0,0,1,1,0,0,0,0,0,0.0,0.018569826505287823,0.0,0.0,0,0,0.0,0,0.0018128857475469965,103.6,3360.0,1.0,0.0082251474675338,TeaStore,deployment,0.7832151045562835,0,12,15,1,0.113,0.3254,61
tools.descartes.teastore.kieker.probes,java,0,0,1,1,0,0,0,0,0,0.0,0.028069333126638455,0.0,0.0,0,0,0.0,0,0.0021671655359661547,103.6,3360.0,1.0,0.006418016001494536,TeaStore,code_change,0.7602678847975709,0,29,40,0,0.162,0.0,0
tools.descartes.teastore.kieker.probes,java,0,0,1,1,0,0,0,0,0,0.0,0.021355394348546653,0.0,0.0,0,0,0.0,0,0.001768885194229601,103.6,3360.0,1.0,0.005511969425947665,TeaStore,deployment,0.08270760609241004,1,7,17,0,0.103,0.0,0
tools.descartes.teastore.kieker.probes,java,0,0,1,1,0,0,0,0,0,0.0,0.021528811932819074,0.0,0.0,0,0,0.0,0,0.0026954180194815997,103.6,3360.0,1.0,0.006111447585807544,TeaStore,deployment,0.5358611016174796,1,22,43,0,0.0256,0.0,0
tools.descartes.teastore.kieker.probes,java,0,0,1,1,0,0,0,0,0,0.0,0.023449111205903945,0.0,0.0,0,0,0.0,0,0.0012841836189603213,103.6,3360.0,1.0,0.0070556142393113025,TeaStore,code_change,0.3420010732361761,1,12,13,0,0.02,0.0,0
tools.descartes.teastore.kieker.probes,java,0,0,1,1,0,0,0,0,0,0.0,0.021161562875461136,0.0,0.0,0,0,0.0,0,0.001142145745996269,103.6,3360.0,1.0,0.008010964146960656,TeaStore,deployment,0.834195049348927,0,24,5,1,0.3442,0.3066,76
tools.descartes.teastore.kieker.probes,java,0,0,1,1,0,0,0,0,0,0.0,0.022761053833956105,0.0,0.0,0,0,0.0,0,0.0022726808555743774,103.6,3360.0,1.0,0.006023813521717641,TeaStore,deployment,0.34869123760041765,1,22,39,0,0.0218,0.0,0
tools.descartes.teastore.kieker.probes,java,0,0,1,1,0,0,0,0,0,0.0,0.018853563987451295,0.0,0.0,0,0,0.0,0,0.0027295975408506206,103.6,3360.0,1.0,0.008540069578750009,TeaStore,deployment,0.4597216065162475,1,26,72,0,0.0454,0.0,0
tools.descartes.teastore.kieker.probes,java,0,0,1,1,0,0,0,0,0,0.0,0.027731339005292965,0.0,0.0,0,0,0.0,0,0.001020696849220575,103.6,3360.0,1.0,0.006304191291428131,TeaStore,code_change,0.7700206636299778,0,3,82,0,0.0815,0.0,0
tools.descartes.teastore.kieker.probes,java,0,0,1,1,0,0,0,0,0,0.0,0.022690618272318382,0.0,0.0,0,0,0.0,0,0.002210893554244383,103.6,3360.0,1.0,0.006520782489235332,TeaStore,code_change,0.37269454698005194,1,10,41,0,0.0665,0.0,0
tools.descartes.teastore.registryclient,java,0,1,0,1,0,2,2,0,1,0.0,0.028907865096816657,0.0,0.079825786782851,0,1,2.0,1,0.03624458731893923,703.6,3360.0,1.0,0.5198988442904868,TeaStore,scaling,0.19944843875166401,1,13,42,0,0.3387,0.0,0
tools.descartes.teastore.registryclient,java,0,1,0,1,0,2,2,0,1,0.0,0.019803794208314077,0.0,0.06592591915546656,0,1,2.0,1,0.02203044536640972,703.6,3360.0,1.0,0.5702246958455452,TeaStore,deployment,0.8670575944855572,0,19,72,1,0.3753,0.6461,97
tools.descartes.teastore.registryclient,java,0,1,0,1,0,1,1,0,2,0.0,0.01830549988160793,0.0,0.06651106808774991,0,1,2.0,1,0.04771188906744192,703.6,3360.0,1.0,0.6356612352372327,TeaStore,deployment,0.5987455049119323,1,11,5,1,0.6167,0.5184,100
tools.descartes.teastore.registryclient,java,0,1,0,1,0,2,2,0,1,0.0,0.019947298520069878,0.0,0.09710437516517795,0,1,2.0,1,0.03726671806064656,703.6,3360.0,1.0,0.6643015351813863,TeaStore,deployment,0.5770324940286903,0,24,24,0,0.3535,0.0,0
tools.descartes.teastore.registryclient,java,0,1,0,1,0,2,2,0,2,0.0,0.028743605702955092,0.0,0.0785480157709148,0,1,2.0,1,0.0316511996063138,703.6,3360.0,1.0,0.4883129141458521,TeaStore,config_change,0.1326628698382395,1,15,79,0,0.2909,0.0,0
tools.descartes.teastore.registryclient,java,0,1,0,1,0,2,1,0,2,0.0,0.027258212709539088,0.0,0.08108508638917368,0,1,2.0,1,0.0355201324369619,703.6,3360.0,1.0,0.4563813370981433,TeaStore,deployment,0.5455163053548028,1,15,4,0,0.4486,0.0,0
tools.descartes.teastore.registryclient,java,0,1,0,1,0,2,1,0,1,0.0,0.02858093341314023,0.0,0.08812607806253726,0,2,2.0,1,0.04382773153003454,703.6,3360.0,1.0,0.5289234683843109,TeaStore,deployment,0.7462259036853561,1,2,37,1,0.3958,0.7964,131
tools.descartes.teastore.registryclient,java,0,1,0,1,0,2,2,0,2,0.0,0.021273407206518012,0.0,0.07115675183378616,0,2,2.0,1,0.05,703.6,3360.0,1.0,0.5890442998953772,TeaStore,code_change,0.848693258519996,1,9,75,0,0.3462,0.0,0
tools.descartes.teastore.registryclient,java,0,1,0,1,0,2,1,0,2,0.0,0.020735278079249537,0.0,0.0946031884469404,0,1,2.0,1,0.03831194663844562,703.6,3360.0,1.0,0.6990012772885945,TeaStore,code_change,0.4403484637248858,0,1,2,0,0.5588,0.0,0
tools.descartes.teastore.registryclient,java,0,1,0,1,0,2,2,0,2,0.0,0.021804442961752653,0.0,0.07793977771322892,0,2,2.0,1,0.019356052234460134,703.6,3360.0,1.0,0.6143812749698476,TeaStore,code_change,0.6715671859802278,1,6,12,0,0.1078,0.0,0
tools.descartes.teastore.registryclient,java,0,1,0,1,0,2,1,0,2,0.0,0.017969293155204357,0.0,0.08207408772150249,0,2,2.0,1,0.043807820193684996,703.6,3360.0,1.0,0.47803918135408235,TeaStore,config_change,0.43715403607317427,1,10,39,0,0.3561,0.0,0
tools.descartes.teastore.registryclient,java,0,1,0,1,0,2,1,0,1,0.0,0.025662924083552033,0.0,0.08219793508247107,0,2,2.0,1,0.05,703.6,3360.0,1.0,0.4846587528537421,TeaStore,deployment,0.671160420448031,1,23,7,1,0.3122,0.379,87
tools.descartes.teastore.registryclient,java,0,1,0,1,0,2,1,0,1,0.0,0.020419977899819693,0.0,0.07884737359845635,0,1,2.0,1,0.018615108563185715,703.6,3360.0,1.0,0.505790444869256,TeaStore,deployment,0.6987672312541341,1,15,2,0,0.1843,0.0,0
tools.descartes.teastore.registryclient,java,0,1,0,1,0,2,1,0,1,0.0,0.026988764920163617,0.0,0.08677605592301596,0,1,2.0,1,0.04333900908546631,703.6,3360.0,1.0,0.6495113458299169,TeaStore,scaling,0.12386233280280941,0,18,9,1,0.5303,0.7234,134
tools.descartes.teastore.registryclient,java,0,1,0,1,0,1,2,0,1,0.0,0.02686545850326193,0.0,0.07297641983905165,0,1,2.0,1,0.015404837638874232,703.6,3360.0,1.0,0.6589773303511547,TeaStore,code_change,0.13977668006077199,1,19,50,0,0.0991,0.0,0
tools.descartes.teastore.registryclient,java,0,1,0,1,0,1,1,0,2,0.0,0.020671307617023467,0.0,0.07045075483988028,0,1,2.0,1,0.028715152052680926,703.6,3360.0,1.0,0.6211948397566918,TeaStore,deployment,0.9224262753961335,0,29,9,1,0.3526,0.7184,151
tools.descartes.teastore.registryclient,java,0,1,0,1,0,1,1,0,1,0.0,0.024667036779154702,0.0,0.08660563507594808,0,1,2.0,1,0.026854120342994833,703.6,3360.0,1.0,0.6573485885900351,TeaStore,deployment,0.3054340385706311,1,19,87,0,0.2174,0.0,0
tools.descartes.teastore.registryclient,java,0,1,0,1,0,1,1,0,2,0.0,0.025430948218671878,0.0,0.09438581774390492,0,1,2.0,1,0.05,703.6,3360.0,1.0,0.4743325977787755,TeaStore,deployment,0.6884038308742879,1,12,0,0,0.6457,0.0,0
tools.descartes.teastore.registryclient,java,0,1,0,1,0,1,2,0,2,0.0,0.027289238646731603,0.0,0.09234836657372529,0,1,2.0,1,0.02440527478250226,703.6,3360.0,1.0,0.5016331489341589,TeaStore,deployment,0.5180961515198772,1,17,28,0,0.2237,0.0,0
tools.descartes.teastore.registryclient,java,0,1,0,1,0,2,2,0,1,0.0,0.018069484216693632,0.0,0.08510365600497846,0,2,2.0,1,0.04944687326361536,703.6,3360.0,1.0,0.477532038512039,TeaStore,config_change,0.13809288250293508,0,16,24,1,0.5099,0.9669,93
tools.descartes.teastore.registryclient,java,0,1,0,1,0,2,2,0,2,0.0,0.026450062308195573,0.0,0.06004048918947703,0,2,2.0,1,0.02221460141262975,703.6,3360.0,1.0,0.5767745109558531,TeaStore,deployment,0.18816702578215497,1,14,13,1,0.2911,0.6169,109
tools.descartes.teastore.registryclient,java,0,1,0,1,0,2,2,0,2,0.0,0.018366153132908746,0.0,0.0899877606388623,0,2,2.0,1,0.03649424487576471,703.6,3360.0,1.0,0.7066898922844607,TeaStore,deployment,0.0445080883966676,1,20,64,1,0.2632,0.6404,103
tools.descartes.teastore.registryclient,java,0,1,0,1,0,1,1,0,2,0.0,0.02819636074151675,0.0,0.07548145151846583,0,2,2.0,1,0.021162827752664683,703.6,3360.0,1.0,0.5611141031799883,TeaStore,config_change,0.29273330002978865,1,15,62,0,0.2147,0.0,0
tools.descartes.teastore.registryclient,java,0,1,0,1,0,1,2,0,2,0.0,0.022461188617286357,0.0,0.06920503970840676,0,1,2.0,1,0.03739098605810309,703.6,3360.0,1.0,0.665089876296497,TeaStore,code_change,0.6657686100272409,0,24,12,0,0.3707,0.0,0
tools.descartes.teastore.registryclient,java,0,1,0,1,0,1,1,0,1,0.0,0.022724432056275754,0.0,0.07735628973448089,0,2,2.0,1,0.025622143082459876,703.6,3360.0,1.0,0.5436298849123151,TeaStore,deployment,0.5728797968164108,0,21,2,0,0.5255,0.0,0
tools.descartes.teastore.registryclient,java,0,1,0,1,0,1,2,0,1,0.0,0.019389766540686734,0.0,0.09036061946969869,0,1,2.0,1,0.05,703.6,3360.0,1.0,0.6101109151093419,TeaStore,code_change,0.25094978926798184,1,26,2,0,0.5605,0.0,0
tools.descartes.teastore.registryclient,java,0,1,0,1,0,2,2,0,1,0.0,0.02482520892624855,0.0,0.060163901372504096,0,1,2.0,1,0.05,703.6,3360.0,1.0,0.5449512218888901,TeaStore,config_change,0.5705963852163756,1,27,24,1,0.4252,0.6866,131
tools.descartes.teastore.registryclient,java,0,1,0,1,0,2,1,0,2,0.0,0.023777594172606806,0.0,0.08629030968345626,0,1,2.0,1,0.04909356945637898,703.6,3360.0,1.0,0.5930054633971009,TeaStore,config_change,0.08433423932484783,1,23,8,1,0.3307,0.8092,115
tools.descartes.teastore.registryclient,java,0,1,0,1,0,1,2,0,1,0.0,0.019509269866698806,0.0,0.06833257203485386,0,2,2.0,1,0.05,703.6,3360.0,1.0,0.5688086020213088,TeaStore,deployment,0.4292104693255792,1,6,4,1,0.6955,0.5518,113
tools.descartes.teastore.registryclient,java,0,1,0,1,0,1,1,0,2,0.0,0.018503001266113633,0.0,0.08704186339618314,0,2,2.0,1,0.0352812461171236,703.6,3360.0,1.0,0.7350282659445966,TeaStore,deployment,0.193330465315066,1,28,19,0,0.2541,0.0,0
tools.descartes.teastore.registryclient,java,0,1,0,1,0,2,2,0,1,0.0,0.01829361914251423,0.0,0.085351143658263,0,1,2.0,1,0.02010256334032217,703.6,3360.0,1.0,0.4692691929567928,TeaStore,deployment,0.43508895036810247,1,2,28,0,0.2571,0.0,0
tools.descartes.teastore.registryclient,java,0,1,0,1,0,1,1,0,1,0.0,0.029111243012024085,0.0,0.0640506468112896,0,2,2.0,1,0.03422997477749822,703.6,3360.0,1.0,0.639347144885877,TeaStore,config_change,0.2347460175732533,1,10,83,0,0.2852,0.0,0
tools.descartes.teastore.registryclient,java,0,1,0,1,0,2,2,0,1,0.0,0.02449256133007845,0.0,0.09215057378975393,0,1,2.0,1,0.03784290592926532,703.6,3360.0,1.0,0.5782521579490241,TeaStore,deployment,0.3126130387543481,0,14,22,0,0.2866,0.0,0
tools.descartes.teastore.registryclient,java,0,1,0,1,0,1,2,0,1,0.0,0.02724306529951593,0.0,0.07263114788968253,0,1,2.0,1,0.04989825952823615,703.6,3360.0,1.0,0.6873532099611516,TeaStore,deployment,0.8045271213971582,0,9,11,1,0.5913,0.6414,123
tools.descartes.teastore.registryclient,java,0,1,0,1,0,1,2,0,1,0.0,0.026035681035394925,0.0,0.06375552416884732,0,2,2.0,1,0.020272778817149038,703.6,3360.0,1.0,0.7434215428841322,TeaStore,scaling,0.38317846819643603,1,29,13,0,0.2527,0.0,0
tools.descartes.teastore.registryclient,java,0,1,0,1,0,1,1,0,1,0.0,0.019737273562148414,0.0,0.08364830519420885,0,1,2.0,1,0.027697583969625846,703.6,3360.0,1.0,0.6788879786665245,TeaStore,scaling,0.14997248200252403,1,27,37,0,0.3082,0.0,0
tools.descartes.teastore.registryclient,java,0,1,0,1,0,2,2,0,2,0.0,0.027541541435733043,0.0,0.08835847576498354,0,2,2.0,1,0.04768241460699215,703.6,3360.0,1.0,0.5999837322916308,TeaStore,config_change,0.37305111238551014,1,28,45,1,0.463,0.3419,114
tools.descartes.teastore.registryclient,java,0,1,0,1,0,2,1,0,1,0.0,0.019728206629139895,0.0,0.07157215711255807,0,1,2.0,1,0.04350966166183401,703.6,3360.0,1.0,0.624376553135482,TeaStore,deployment,0.43260046580187395,1,21,47,0,0.3923,0.0,0
tools.descartes.teastore.registryclient,java,0,1,0,1,0,1,1,0,1,0.0,0.02846518903936295,0.0,0.07306537548905236,0,1,2.0,1,0.03735754238331815,703.6,3360.0,1.0,0.5402067982386988,TeaStore,deployment,0.3882292730433401,1,28,2,0,0.4384,0.0,0
tools.descartes.teastore.registryclient,java,0,1,0,1,0,1,1,0,1,0.0,0.023702114260796218,0.0,0.07480787364484462,0,1,2.0,1,0.05,703.6,3360.0,1.0,0.4798850253307679,TeaStore,code_change,0.6518660975388777,1,9,11,1,0.3573,0.1628,67
tools.descartes.teastore.registryclient,java,0,1,0,1,0,2,1,0,2,0.0,0.019326044123828125,0.0,0.0928782902689157,0,2,2.0,1,0.023752979573431844,703.6,3360.0,1.0,0.6642534098536652,TeaStore,deployment,0.6821770309158744,1,6,8,0,0.2899,0.0,0
tools.descartes.teastore.registryclient,java,0,1,0,1,0,1,2,0,1,0.0,0.018189887429556798,0.0,0.09755714276264289,0,2,2.0,1,0.039485157462609895,703.6,3360.0,1.0,0.5095113333947808,TeaStore,config_change,0.47533775539193784,0,24,15,0,0.3127,0.0,0
tools.descartes.teastore.registryclient,java,0,1,0,1,0,1,1,0,1,0.0,0.023380526074086094,0.0,0.09277518192263028,0,2,2.0,1,0.04362120100831334,703.6,3360.0,1.0,0.598251828882027,TeaStore,config_change,0.26772296371145354,0,8,13,1,0.4875,0.1922,83
tools.descartes.teastore.registryclient,java,0,1,0,1,0,2,2,0,1,0.0,0.02481398151937903,0.0,0.061520373348218485,0,2,2.0,1,0.028634854051988113,703.6,3360.0,1.0,0.5211601389987248,TeaStore,config_change,0.3281050652355536,1,3,16,1,0.2702,0.7421,174
tools.descartes.teastore.registryclient,java,0,1,0,1,0,2,1,0,1,0.0,0.02178429941494174,0.0,0.06416573876940436,0,1,2.0,1,0.02147382939530269,703.6,3360.0,1.0,0.5714460808411337,TeaStore,deployment,0.09694844241963105,1,4,19,0,0.2112,0.0,0
tools.descartes.teastore.registryclient,java,0,1,0,1,0,2,2,0,2,0.0,0.029450976237090098,0.0,0.08168128482587537,0,1,2.0,1,0.03267030586295446,703.6,3360.0,1.0,0.6579120763036977,TeaStore,config_change,0.18422191719789383,0,23,14,0,0.35,0.0,0
tools.descartes.teastore.registryclient,java,0,1,0,1,0,1,2,0,2,0.0,0.02825455995663232,0.0,0.09739715557793406,0,1,2.0,1,0.05,703.6,3360.0,1.0,0.46733230089365313,TeaStore,code_change,0.4663710315945195,1,16,40,0,0.3197,0.0,0
tools.descartes.teastore.registryclient,java,0,1,0,1,0,1,1,0,2,0.0,0.029370840218259774,0.0,0.08396949001991104,0,2,2.0,1,0.036384172261766864,703.6,3360.0,1.0,0.47307216464441093,TeaStore,deployment,0.19337420236560435,0,8,0,0,0.5008,0.0,0
tools.descartes.teastore.registryclient,java,0,1,0,1,0,2,1,0,2,0.0,0.027454065413349684,0.0,0.0798875774937829,0,2,2.0,1,0.05,703.6,3360.0,1.0,0.5140798116038162,TeaStore,deployment,0.9044903382843396,0,29,5,0,0.7139,0.0,0
tools.descartes.teastore.registryclient,java,0,1,0,1,0,2,2,0,2,0.0,0.02148026821400971,0.0,0.07909420174476037,0,2,2.0,1,0.029925415721152718,703.6,3360.0,1.0,0.5767424890997144,TeaStore,deployment,0.2629125957420837,1,21,29,1,0.2702,0.3299,84
tools.descartes.teastore.entities,java,0,0,1,1,0,0,0,0,0,0.0,0.01920567639519756,0.0,0.0,0,0,0.0,0,0.0011113155749538088,103.6,3360.0,1.0,0.0074771339853710456,TeaStore,scaling,0.682854721178461,1,27,65,0,0.0833,0.0,0
tools.descartes.teastore.entities,java,0,0,1,1,0,0,0,0,0,0.0,0.026151169147878593,0.0,0.0,0,0,0.0,0,0.002215904596256646,103.6,3360.0,1.0,0.006502343482288163,TeaStore,code_change,0.8400750240141562,0,22,6,0,0.3198,0.0,0
tools.descartes.teastore.entities,java,0,0,1,1,0,0,0,0,0,0.0,0.020474885256545713,0.0,0.0,0,0,0.0,0,0.0027761664662801907,103.6,3360.0,1.0,0.007790317681003623,TeaStore,config_change,0.4596804245827982,1,8,15,0,0.02,0.0,0
tools.descartes.teastore.entities,java,0,0,1,1,0,0,0,0,0,0.0,0.024229983501493902,0.0,0.0,0,0,0.0,0,0.002552449550313234,103.6,3360.0,1.0,0.00677477661554776,TeaStore,deployment,0.7642683173720415,1,16,124,0,0.02,0.0,0
tools.descartes.teastore.entities,java,0,0,1,1,0,0,0,0,0,0.0,0.023466717281459618,0.0,0.0,0,0,0.0,0,0.0015385780397221271,103.6,3360.0,1.0,0.007115633572126354,TeaStore,config_change,0.25190992491363834,1,25,20,0,0.02,0.0,0
tools.descartes.teastore.entities,java,0,0,1,1,0,0,0,0,0,0.0,0.023033552523428463,0.0,0.0,0,0,0.0,0,0.0022706478278350637,103.6,3360.0,1.0,0.005615062428098052,TeaStore,config_change,0.10854451893363394,1,5,46,0,0.02,0.0,0
tools.descartes.teastore.entities,java,0,0,1,1,0,0,0,0,0,0.0,0.022592055997600766,0.0,0.0,0,0,0.0,0,0.0016411955894369418,103.6,3360.0,1.0,0.006437177259538803,TeaStore,deployment,0.2751541483761395,1,21,44,0,0.02,0.0,0
tools.descartes.teastore.entities,java,0,0,1,1,0,0,0,0,0,0.0,0.022426312073936975,0.0,0.0,0,0,0.0,0,0.001,103.6,3360.0,1.0,0.007907084996579323,TeaStore,code_change,0.5518989410394368,0,28,157,0,0.0575,0.0,0
tools.descartes.teastore.entities,java,0,0,1,1,0,0,0,0,0,0.0,0.028185712080071586,0.0,0.0,0,0,0.0,0,0.0022899754165988107,103.6,3360.0,1.0,0.008166054858416965,TeaStore,deployment,0.5440691473252962,0,14,44,0,0.1023,0.0,0
tools.descartes.teastore.entities,java,0,0,1,1,0,0,0,0,0,0.0,0.021418831933516413,0.0,0.0,0,0,0.0,0,0.001152101291941091,103.6,3360.0,1.0,0.005813235191882523,TeaStore,config_change,0.4199810182654423,1,28,23,0,0.02,0.0,0
tools.descartes.teastore.entities,java,0,0,1,1,0,0,0,0,0,0.0,0.02894571747753605,0.0,0.0,0,0,0.0,0,0.0015115620211493673,103.6,3360.0,1.0,0.006664179542945687,TeaStore,deployment,0.7124991811337706,0,15,13,1,0.1186,0.2417,55
tools.descartes.teastore.entities,java,0,0,1,1,0,0,0,0,0,0.0,0.02292996012727682,0.0,0.0,0,0,0.0,0,0.0019016483582503163,103.6,3360.0,1.0,0.00597843855110035,TeaStore,deployment,0.08109625073526876,1,2,2,0,0.2691,0.0,0
tools.descartes.teastore.entities,java,0,0,1,1,0,0,0,0,0,0.0,0.027260961705087773,0.0,0.0,0,0,0.0,0,0.0021616330630587766,103.6,3360.0,1.0,0.006415980916230793,TeaStore,deployment,0.37831209681656996,1,18,68,0,0.02,0.0,0
tools.descartes.teastore.entities,java,0,0,1,1,0,0,0,0,0,0.0,0.02933518721961823,0.0,0.0,0,0,0.0,0,0.0023564346919823414,103.6,3360.0,1.0,0.006733408814937921,TeaStore,code_change,0.6194808811176266,0,26,11,0,0.1567,0.0,0
tools.descartes.teastore.entities,java,0,0,1,1,0,0,0,0,0,0.0,0.02791693384134919,0.0,0.0,0,0,0.0,0,0.0021398659461833547,103.6,3360.0,1.0,0.007485675997339429,TeaStore,config_change,0.3914535527497509,0,17,53,0,0.0811,0.0,0
tools.descartes.teastore.entities,java,0,0,1,1,0,0,0,0,0,0.0,0.029354660904793325,0.0,0.0,0,0,0.0,0,0.001604090010090215,103.6,3360.0,1.0,0.007997103724414452,TeaStore,deployment,0.758910619999712,1,14,33,0,0.0594,0.0,0
tools.descartes.teastore.entities,java,0,0,1,1,0,0,0,0,0,0.0,0.02312043505585507,0.0,0.0,0,0,0.0,0,0.0011642108977708418,103.6,3360.0,1.0,0.008566806534506363,TeaStore,config_change,0.3420148864886915,0,7,49,0,0.1743,0.0,0
tools.descartes.teastore.entities,java,0,0,1,1,0,0,0,0,0,0.0,0.01992347880556566,0.0,0.0,0,0,0.0,0,0.0010300421769660977,103.6,3360.0,1.0,0.006803287778393523,TeaStore,config_change,0.287277794673678,0,13,7,0,0.134,0.0,0
tools.descartes.teastore.entities,java,0,0,1,1,0,0,0,0,0,0.0,0.023052608253231854,0.0,0.0,0,0,0.0,0,0.002717214392672673,103.6,3360.0,1.0,0.00557240130860325,TeaStore,scaling,0.4573436077648735,0,12,24,0,0.1774,0.0,0
tools.descartes.teastore.entities,java,0,0,1,1,0,0,0,0,0,0.0,0.02207718341899843,0.0,0.0,0,0,0.0,0,0.0022807005671009006,103.6,3360.0,1.0,0.00603499520613585,TeaStore,deployment,0.6081319687975676,0,1,3,0,0.3447,0.0,0
tools.descartes.teastore.entities,java,0,0,1,1,0,0,0,0,0,0.0,0.021617486935550375,0.0,0.0,0,0,0.0,0,0.002219956419937962,103.6,3360.0,1.0,0.006082799961382709,TeaStore,code_change,0.7164561464333445,0,18,20,0,0.1926,0.0,0
tools.descartes.teastore.entities,java,0,0,1,1,0,0,0,0,0,0.0,0.0238124975938808,0.0,0.0,0,0,0.0,0,0.0023152025225241235,103.6,3360.0,1.0,0.008335746069460553,TeaStore,config_change,0.17736535186931146,1,5,1,0,0.2488,0.0,0
tools.descartes.teastore.entities,java,0,0,1,1,0,0,0,0,0,0.0,0.019719726028212595,0.0,0.0,0,0,0.0,0,0.001,103.6,3360.0,1.0,0.007398861614159422,TeaStore,config_change,0.14132189434273648,1,20,48,0,0.02,0.0,0
tools.descartes.teastore.entities,java,0,0,1,1,0,0,0,0,0,0.0,0.026181174844929184,0.0,0.0,0,0,0.0,0,0.00237707839973387,103.6,3360.0,1.0,0.00729872601151483,TeaStore,config_change,0.4653504881888227,1,2,38,0,0.02,0.0,0
tools.descartes.teastore.entities,java,0,0,1,1,0,0,0,0,0,0.0,0.019887511592242096,0.0,0.0,0,0,0.0,0,0.00263763508361364,103.6,3360.0,1.0,0.00828850803577261,TeaStore,scaling,0.7464801265264941,1,17,36,0,0.02,0.0,0
tools.descartes.teastore.entities,java,0,0,1,1,0,0,0,0,0,0.0,0.021172018634448377,0.0,0.0,0,0,0.0,0,0.0026578317481915415,103.6,3360.0,1.0,0.006860789756274543,TeaStore,code_change,0.8529416190957643,0,24,3,1,0.4132,0.3965,96
tools.descartes.teastore.entities,java,0,0,1,1,0,0,0,0,0,0.0,0.024976046241752654,0.0,0.0,0,0,0.0,0,0.0010944391335911956,103.6,3360.0,1.0,0.007934777627390222,TeaStore,scaling,0.4586458332084095,1,28,72,0,0.02,0.0,0
tools.descartes.teastore.entities,java,0,0,1,1,0,0,0,0,0,0.0,0.024493590972101718,0.0,0.0,0,0,0.0,0,0.0020755106603751847,103.6,3360.0,1.0,0.005788144055314203,TeaStore,deployment,0.26105615250161684,1,6,37,0,0.0289,0.0,0
tools.descartes.teastore.entities,java,0,0,1,1,0,0,0,0,0,0.0,0.027536339312104134,0.0,0.0,0,0,0.0,0,0.001,103.6,3360.0,1.0,0.006519338380556178,TeaStore,code_change,0.6782739352321596,1,9,80,0,0.0899,0.0,0
tools.descartes.teastore.entities,java,0,0,1,1,0,0,0,0,0,0.0,0.01852185004088231,0.0,0.0,0,0,0.0,0,0.0024897502601909445,103.6,3360.0,1.0,0.008482492328751838,TeaStore,deployment,0.5539029522733525,1,29,25,0,0.0764,0.0,0
tools.descartes.teastore.entities,java,0,0,1,1,0,0,0,0,0,0.0,0.02597617023258657,0.0,0.0,0,0,0.0,0,0.001137251004268555,103.6,3360.0,1.0,0.00702643770290739,TeaStore,code_change,0.8174803085573641,0,15,3,0,0.3553,0.0,0
tools.descartes.teastore.entities,java,0,0,1,1,0,0,0,0,0,0.0,0.024513429394241254,0.0,0.0,0,0,0.0,0,0.001125132988340332,103.6,3360.0,1.0,0.007471962432777796,TeaStore,deployment,0.623860379933529,1,28,16,0,0.0298,0.0,0
tools.descartes.teastore.entities,java,0,0,1,1,0,0,0,0,0,0.0,0.024727149953147228,0.0,0.0,0,0,0.0,0,0.0020473511334268275,103.6,3360.0,1.0,0.007517855978106444,TeaStore,scaling,0.46133543095613805,1,4,12,1,0.0249,0.5825,56
tools.descartes.teastore.entities,java,0,0,1,1,0,0,0,0,0,0.0,0.018535601237352522,0.0,0.0,0,0,0.0,0,0.001728833590668478,103.6,3360.0,1.0,0.008225953448772486,TeaStore,config_change,0.4859185175762148,1,14,31,0,0.1058,0.0,0
tools.descartes.teastore.entities,java,0,0,1,1,0,0,0,0,0,0.0,0.02861382213440321,0.0,0.0,0,0,0.0,0,0.0015713089758342949,103.6,3360.0,1.0,0.007969015413432805,TeaStore,code_change,0.7781883681675729,1,22,44,0,0.0436,0.0,0
tools.descartes.teastore.entities,java,0,0,1,1,0,0,0,0,0,0.0,0.027315880447606092,0.0,0.0,0,0,0.0,0,0.0013247303405571256,103.6,3360.0,1.0,0.00820326442028517,TeaStore,deployment,0.4039099038942982,0,6,8,0,0.02,0.0,0
tools.descartes.teastore.entities,java,0,0,1,1,0,0,0,0,0,0.0,0.025619396527643366,0.0,0.0,0,0,0.0,0,0.001,103.6,3360.0,1.0,0.006211555125391942,TeaStore,scaling,0.8525319624213248,1,11,29,0,0.02,0.0,0
tools.descartes.teastore.entities,java,0,0,1,1,0,0,0,0,0,0.0,0.023579738392597832,0.0,0.0,0,0,0.0,0,0.0014795218964135694,103.6,3360.0,1.0,0.0074786764012330096,TeaStore,config_change,0.33217207460054443,1,22,37,0,0.1102,0.0,0
tools.descartes.teastore.entities,java,0,0,1,1,0,0,0,0,0,0.0,0.02627649023247835,0.0,0.0,0,0,0.0,0,0.0019784472959385705,103.6,3360.0,1.0,0.005657931332588263,TeaStore,deployment,0.5548394416421295,0,7,37,0,0.0952,0.0,0
tools.descartes.teastore.entities,java,0,0,1,1,0,0,0,0,0,0.0,0.02847810314140992,0.0,0.0,0,0,0.0,0,0.001657886761571347,103.6,3360.0,1.0,0.008069923981249786,TeaStore,config_change,0.5732711173855355,1,10,115,0,0.0288,0.0,0
tools.descartes.teastore.entities,java,0,0,1,1,0,0,0,0,0,0.0,0.023410062288723204,0.0,0.0,0,0,0.0,0,0.0019241844830769723,103.6,3360.0,1.0,0.005424897761729308,TeaStore,config_change,0.0641436009566092,1,21,5,0,0.0772,0.0,0
tools.descartes.teastore.entities,java,0,0,1,1,0,0,0,0,0,0.0,0.028172440755999298,0.0,0.0,0,0,0.0,0,0.0019071076416153098,103.6,3360.0,1.0,0.008350279578314057,TeaStore,config_change,0.14203791456752152,0,15,7,0,0.1717,0.0,0
tools.descartes.teastore.entities,java,0,0,1,1,0,0,0,0,0,0.0,0.022691488199900398,0.0,0.0,0,0,0.0,0,0.0015781895961149348,103.6,3360.0,1.0,0.007336227155803186,TeaStore,scaling,0.1992400529429206,1,14,20,0,0.02,0.0,0
tools.descartes.teastore.entities,java,0,0,1,1,0,0,0,0,0,0.0,0.023756780454844074,0.0,0.0,0,0,0.0,0,0.002666005453019359,103.6,3360.0,1.0,0.008673778574328581,TeaStore,config_change,0.04439731154621365,1,1,46,0,0.02,0.0,0
tools.descartes.teastore.entities,java,0,0,1,1,0,0,0,0,0,0.0,0.018010930507272378,0.0,0.0,0,0,0.0,0,0.0018291793533551923,103.6,3360.0,1.0,0.00705885024331384,TeaStore,config_change,0.4379835527113874,0,16,5,0,0.3887,0.0,0
tools.descartes.teastore.entities,java,0,0,1,1,0,0,0,0,0,0.0,0.022201775711135283,0.0,0.0,0,0,0.0,0,0.0026751123479714844,103.6,3360.0,1.0,0.007480338369119853,TeaStore,deployment,0.5037825567133435,1,9,1,0,0.1982,0.0,0
tools.descartes.teastore.entities,java,0,0,1,1,0,0,0,0,0,0.0,0.026264628318588536,0.0,0.0,0,0,0.0,0,0.0027825712532304255,103.6,3360.0,1.0,0.006480604646200239,TeaStore,code_change,0.24110263790933364,0,14,20,0,0.0587,0.0,0
tools.descartes.teastore.entities,java,0,0,1,1,0,0,0,0,0,0.0,0.028578099578589714,0.0,0.0,0,0,0.0,0,0.0020362253538466902,103.6,3360.0,1.0,0.00871994752808301,TeaStore,deployment,0.7695440881223259,0,26,64,0,0.22,0.0,0
tools.descartes.teastore.entities,java,0,0,1,1,0,0,0,0,0,0.0,0.018456386266310115,0.0,0.0,0,0,0.0,0,0.0016399826426080327,103.6,3360.0,1.0,0.006234635499964645,TeaStore,config_change,0.027450554096900566,1,23,9,0,0.02,0.0,0
tools.descartes.teastore.entities,java,0,0,1,1,0,0,0,0,0,0.0,0.028406784655881822,0.0,0.0,0,0,0.0,0,0.0012257889378829668,103.6,3360.0,1.0,0.006179893687453609,TeaStore,scaling,0.27106870160805413,1,19,21,0,0.02,0.0,0
plugins,javascript,1,0,1,0,9,0,0,9,9,0.0,0.23968722619684146,0.38209095138382015,0.0,9,0,0.0,0,0.0073275511699401495,130.0,20788.0,1.0,0.05528662559752353,TeaStore,scaling,0.5654025279727123,1,3,17,0,0.0724,0.0,0
plugins,javascript,1,0,1,0,7,0,0,10,7,0.0,0.18763809600604256,0.3583482366974405,0.0,10,0,0.0,0,0.004999901125677351,130.0,20788.0,1.0,0.07342758559286486,TeaStore,config_change,0.11211353901834514,1,16,76,0,0.0811,0.0,0
plugins,javascript,1,0,1,0,8,0,0,8,7,0.0,0.1989147776783626,0.35261520016286935,0.0,8,0,0.0,0,0.005073806917180092,130.0,20788.0,1.0,0.05053754001081236,TeaStore,config_change,0.240650270037343,1,12,10,0,0.102,0.0,0
plugins,javascript,1,0,1,0,9,0,0,8,7,0.0,0.1821419867966241,0.3135005774110432,0.0,7,0,0.0,0,0.007286981468388259,130.0,20788.0,1.0,0.06415542902534377,TeaStore,code_change,0.8098375340058621,1,4,10,0,0.0555,0.0,0
plugins,javascript,1,0,1,0,8,0,0,9,7,0.0,0.19428362737759677,0.3367168791588785,0.0,10,0,0.0,0,0.0021825463424496538,130.0,20788.0,1.0,0.046744533518123486,TeaStore,deployment,0.20282898325877682,0,8,7,0,0.0856,0.0,0
plugins,javascript,1,0,1,0,10,0,0,10,10,0.0,0.21976137241227564,0.442609426898463,0.0,9,0,0.0,0,0.007160221739456438,130.0,20788.0,1.0,0.06825435030087815,TeaStore,config_change,0.5693037788910849,1,1,8,0,0.1135,0.0,0
plugins,javascript,1,0,1,0,8,0,0,10,8,0.0,0.1676008733972715,0.4175480797222787,0.0,7,0,0.0,0,0.003565843573427241,130.0,20788.0,1.0,0.07012623292426456,TeaStore,deployment,0.3515140862236479,0,23,16,0,0.0985,0.0,0
plugins,javascript,1,0,1,0,8,0,0,7,7,0.0,0.21815333187367222,0.30100635772248285,0.0,9,0,0.0,0,0.00710263998574754,130.0,20788.0,1.0,0.047342246714256235,TeaStore,code_change,0.5726697311987184,0,29,5,1,0.3373,0.4039,123
plugins,javascript,1,0,1,0,10,0,0,7,8,0.0,0.24461644925590376,0.38730895876475396,0.0,10,0,0.0,0,0.00585952683241371,130.0,20788.0,1.0,0.052457065114862256,TeaStore,deployment,0.4937654530037407,1,27,33,0,0.02,0.0,0
plugins,javascript,1,0,1,0,10,0,0,9,8,0.0,0.22008105565738367,0.3288130794439398,0.0,10,0,0.0,0,0.005009919725441969,130.0,20788.0,1.0,0.04813955960443544,TeaStore,code_change,0.5954754162535377,1,5,8,0,0.0987,0.0,0
plugins,javascript,1,0,1,0,10,0,0,9,8,0.0,0.2426356220408334,0.39953314702870846,0.0,10,0,0.0,0,0.007329348718282815,130.0,20788.0,1.0,0.058735704233704805,TeaStore,code_change,0.6025860095088841,1,25,7,0,0.1458,0.0,0
plugins,javascript,1,0,1,0,9,0,0,9,9,0.0,0.1739485142699392,0.40400798062183096,0.0,9,0,0.0,0,0.007189749988975065,130.0,20788.0,1.0,0.06482899238583681,TeaStore,deployment,0.323427766205626,0,25,19,0,0.1904,0.0,0
plugins,javascript,1,0,1,0,10,0,0,8,10,0.0,0.22584661206657514,0.32786747178525455,0.0,8,0,0.0,0,0.0026321289367166483,130.0,20788.0,1.0,0.06117973008795334,TeaStore,code_change,0.5835469437509055,1,11,0,0,0.2367,0.0,0
plugins,javascript,1,0,1,0,10,0,0,9,10,0.0,0.16683210395501472,0.4405354428090745,0.0,9,0,0.0,0,0.006052777820700038,130.0,20788.0,1.0,0.07473791357104309,TeaStore,config_change,0.17431075917135125,1,17,80,0,0.0921,0.0,0
plugins,javascript,1,0,1,0,10,0,0,7,9,0.0,0.23037780095854551,0.42450431041983755,0.0,10,0,0.0,0,0.004915537929679924,130.0,20788.0,1.0,0.054171287250796674,TeaStore,code_change,0.8398605096520801,0,10,23,0,0.2028,0.0,0
plugins,javascript,1,0,1,0,9,0,0,10,9,0.0,0.15113444044160712,0.4402712453100681,0.0,10,0,0.0,0,0.002210701364941319,130.0,20788.0,1.0,0.0567239995171686,TeaStore,deployment,0.19501538876212174,0,26,45,0,0.1725,0.0,0
plugins,javascript,1,0,1,0,10,0,0,9,10,0.0,0.23531151714441242,0.41046325012743606,0.0,7,0,0.0,0,0.004602563748847598,130.0,20788.0,1.0,0.06914169542528606,TeaStore,code_change,0.8588722033046003,0,15,55,0,0.0834,0.0,0
plugins,javascript,1,0,1,0,10,0,0,9,7,0.0,0.17379568015302,0.41450834964827815,0.0,9,0,0.0,0,0.007504801049659741,130.0,20788.0,1.0,0.050928900144464335,TeaStore,scaling,0.2999077247701439,0,26,188,1,0.2136,0.2293,96
plugins,javascript,1,0,1,0,7,0,0,7,8,0.0,0.17473046927518898,0.35739175622075153,0.0,7,0,0.0,0,0.0023338745335614755,130.0,20788.0,1.0,0.07455003649373838,TeaStore,config_change,0.5528803323766114,0,3,9,0,0.2029,0.0,0
plugins,javascript,1,0,1,0,7,0,0,8,10,0.0,0.21265089011787353,0.3834516249602508,0.0,10,0,0.0,0,0.006251290284055709,130.0,20788.0,1.0,0.05715167293642469,TeaStore,config_change,0.26202243059759495,1,7,19,0,0.02,0.0,0
plugins,javascript,1,0,1,0,8,0,0,9,9,0.0,0.1589639074989145,0.3559502173078678,0.0,8,0,0.0,0,0.007246070214512423,130.0,20788.0,1.0,0.06700966057996566,TeaStore,deployment,0.6333302865285274,1,27,28,0,0.0597,0.0,0
plugins,javascript,1,0,1,0,10,0,0,7,8,0.0,0.16556260873846465,0.289365788507379,0.0,10,0,0.0,0,0.005741741947892395,130.0,20788.0,1.0,0.05764193045955771,TeaStore,scaling,0.2871193785823085,1,19,0,0,0.2434,0.0,0
plugins,javascript,1,0,1,0,8,0,0,9,7,0.0,0.15774950920109135,0.3671232946772991,0.0,8,0,0.0,0,0.004036018652458218,130.0,20788.0,1.0,0.06423006871129334,TeaStore,deployment,0.674191001830217,0,13,12,0,0.1127,0.0,0
plugins,javascript,1,0,1,0,8,0,0,9,9,0.0,0.22376037952586234,0.3953210515458045,0.0,8,0,0.0,0,0.007552566247074556,130.0,20788.0,1.0,0.06827209879044839,TeaStore,config_change,0.5113063917348127,1,23,33,0,0.0484,0.0,0
plugins,javascript,1,0,1,0,9,0,0,7,8,0.0,0.23049414030359497,0.27545889444619215,0.0,7,0,0.0,0,0.0026735506996462817,130.0,20788.0,1.0,0.07210348075967807,TeaStore,config_change,0.1396594440853174,1,9,7,0,0.02,0.0,0
plugins,javascript,1,0,1,0,7,0,0,7,7,0.0,0.16270744187759903,0.3245218528967401,0.0,8,0,0.0,0,0.007338969997404994,130.0,20788.0,1.0,0.0678864852133094,TeaStore,config_change,0.2579175112293972,1,7,54,0,0.02,0.0,0
plugins,javascript,1,0,1,0,8,0,0,8,9,0.0,0.21678035847426178,0.4007045304683679,0.0,10,0,0.0,0,0.0067590007126388804,130.0,20788.0,1.0,0.0704982201197301,TeaStore,config_change,0.3092285903779264,1,16,94,0,0.0541,0.0,0
plugins,javascript,1,0,1,0,9,0,0,7,8,0.0,0.16596250217593264,0.40043270738843506,0.0,8,0,0.0,0,0.003667871628011406,130.0,20788.0,1.0,0.06613378341275553,TeaStore,deployment,0.5151216969126323,1,8,12,0,0.031,0.0,0
plugins,javascript,1,0,1,0,8,0,0,9,9,0.0,0.19820993164920284,0.34635475256598275,0.0,7,0,0.0,0,0.002729851083328547,130.0,20788.0,1.0,0.07017210521595464,TeaStore,deployment,0.3697730646899026,1,19,12,0,0.0461,0.0,0
plugins,javascript,1,0,1,0,8,0,0,8,10,0.0,0.16111193081934672,0.33857412471149967,0.0,8,0,0.0,0,0.003163354024607299,130.0,20788.0,1.0,0.05679358179311183,TeaStore,config_change,0.5664237167883363,1,18,67,0,0.0474,0.0,0
plugins,javascript,1,0,1,0,8,0,0,8,10,0.0,0.23043031632169667,0.44145201692505104,0.0,8,0,0.0,0,0.007275900975006944,130.0,20788.0,1.0,0.049532558089727466,TeaStore,code_change,0.4313176651092706,1,6,0,0,0.2767,0.0,0
plugins,javascript,1,0,1,0,9,0,0,9,10,0.0,0.23607584107710655,0.4320849169506624,0.0,9,0,0.0,0,0.0019764071803780657,130.0,20788.0,1.0,0.04867195675142927,TeaStore,config_change,0.33541190769810036,0,25,14,0,0.1221,0.0,0
plugins,javascript,1,0,1,0,9,0,0,7,9,0.0,0.20477858781448532,0.4043287921417845,0.0,7,0,0.0,0,0.0022774267091728207,130.0,20788.0,1.0,0.04646455589971527,TeaStore,config_change,0.058226755773171796,0,13,9,0,0.1931,0.0,0
plugins,javascript,1,0,1,0,9,0,0,10,8,0.0,0.1555733729831099,0.44058670279610523,0.0,10,0,0.0,0,0.0050711867900979654,130.0,20788.0,1.0,0.05248961947768173,TeaStore,deployment,0.6568757928096266,1,17,16,0,0.0374,0.0,0
plugins,javascript,1,0,1,0,10,0,0,8,10,0.0,0.2350532011818702,0.4418160712757409,0.0,9,0,0.0,0,0.005125864607398598,130.0,20788.0,1.0,0.07365854668161446,TeaStore,deployment,0.8631009522834421,1,22,21,0,0.0301,0.0,0
plugins,javascript,1,0,1,0,7,0,0,9,8,0.0,0.16257942602795625,0.4038260622308938,0.0,8,0,0.0,0,0.007407391251293676,130.0,20788.0,1.0,0.06575317859078472,TeaStore,deployment,0.3987316049242163,1,19,9,0,0.0814,0.0,0
plugins,javascript,1,0,1,0,8,0,0,9,9,0.0,0.2242042756536082,0.36142539700487375,0.0,10,0,0.0,0,0.0059696776846954736,130.0,20788.0,1.0,0.06706981170409756,TeaStore,code_change,0.43401336398617635,1,23,11,0,0.1132,0.0,0
plugins,javascript,1,0,1,0,7,0,0,8,10,0.0,0.24120960062632277,0.3694425928441669,0.0,10,0,0.0,0,0.00381816380416202,130.0,20788.0,1.0,0.06810984248544803,TeaStore,config_change,0.2852820993221212,1,1,41,0,0.0536,0.0,0
plugins,javascript,1,0,1,0,8,0,0,8,8,0.0,0.24812520390688667,0.42308134207288495,0.0,7,0,0.0,0,0.0024235148211263612,130.0,20788.0,1.0,0.06293549042048019,TeaStore,config_change,0.35842485018220915,1,3,21,1,0.02,0.6558,145
plugins,javascript,1,0,1,0,7,0,0,8,8,0.0,0.22668086140434507,0.2788023919389187,0.0,9,0,0.0,0,0.007306166304486788,130.0,20788.0,1.0,0.05156738069039554,TeaStore,deployment,0.3239473745942339,1,9,28,0,0.0451,0.0,0
plugins,javascript,1,0,1,0,9,0,0,10,7,0.0,0.16213859804330055,0.33040490890112656,0.0,7,0,0.0,0,0.003933577009739247,130.0,20788.0,1.0,0.050304262746975636,TeaStore,code_change,0.27090021400115005,1,21,22,0,0.1139,0.0,0
plugins,javascript,1,0,1,0,9,0,0,9,7,0.0,0.19888299688860833,0.32310914479394964,0.0,9,0,0.0,0,0.003625775484374418,130.0,20788.0,1.0,0.05706049009230546,TeaStore,deployment,0.31471926782330156,1,5,32,0,0.0749,0.0,0
plugins,javascript,1,0,1,0,9,0,0,9,7,0.0,0.19091253688420004,0.3259663250374564,0.0,9,0,0.0,0,0.0052131285716385195,130.0,20788.0,1.0,0.06599119283851611,TeaStore,deployment,0.4718628247686684,1,15,4,1,0.2396,0.714,115
plugins,javascript,1,0,1,0,8,0,0,8,8,0.0,0.2390310229064692,0.4488301183238636,0.0,9,0,0.0,0,0.006506420792713615,130.0,20788.0,1.0,0.0554480363308413,TeaStore,config_change,0.043146801753412636,1,22,44,0,0.02,0.0,0
plugins,javascript,1,0,1,0,9,0,0,8,7,0.0,0.17037940769906784,0.33014293869194533,0.0,10,0,0.0,0,0.006750018540260586,130.0,20788.0,1.0,0.06108358880883012,TeaStore,code_change,0.6636454418772285,0,11,11,0,0.1531,0.0,0
plugins,javascript,1,0,1,0,9,0,0,10,10,0.0,0.23194851171089995,0.3221052334603833,0.0,8,0,0.0,0,0.007725391678345588,130.0,20788.0,1.0,0.06530756558144034,TeaStore,config_change,0.32387788170771753,1,8,6,0,0.2305,0.0,0
plugins,javascript,1,0,1,0,8,0,0,10,10,0.0,0.1738181735052453,0.4181568464308747,0.0,8,0,0.0,0,0.006489061494937166,130.0,20788.0,1.0,0.06892979666435482,TeaStore,deployment,0.1743982351612288,0,14,63,0,0.1998,0.0,0
plugins,javascript,1,0,1,0,8,0,0,10,10,0.0,0.1673528385907636,0.30249741193967233,0.0,10,0,0.0,0,0.005412681141861513,130.0,20788.0,1.0,0.07380263264127764,TeaStore,deployment,0.10300740347268188,1,26,3,0,0.1462,0.0,0
plugins,javascript,1,0,1,0,7,0,0,8,8,0.0,0.1779224821922655,0.4351455283027503,0.0,7,0,0.0,0,0.005806993710051023,130.0,20788.0,1.0,0.06931124529950078,TeaStore,config_change,0.10445336621166695,1,3,36,0,0.02,0.0,0
plugins,javascript,1,0,1,0,9,0,0,10,10,0.0,0.21520955688830176,0.28073463564671713,0.0,8,0,0.0,0,0.0026573841891175173,130.0,20788.0,1.0,0.0743538763596566,TeaStore,config_change,0.3499692027664773,1,6,85,0,0.0374,0.0,0
support,javascript,0,1,0,1,0,1,2,0,0,0.0,0.01963967269836911,0.0,0.04169838059289685,0,1,1.0,2,0.02125467293552906,403.6,3360.0,1.0,0.26017000362951287,TeaStore,config_change,0.16996201251602247,1,23,0,0,0.3927,0.0,0
support,javascript,0,1,0,1,0,1,2,0,1,0.0,0.023814734990315514,0.0,0.046434509435466245,0,0,1.0,2,0.009759930508675454,403.6,3360.0,1.0,0.340325071710211,TeaStore,code_change,0.5314117651113016,1,17,114,0,0.02,0.0,0
support,javascript,0,1,0,1,0,0,2,0,1,0.0,0.021712981520302575,0.0,0.04950012119538798,0,1,1.0,2,0.02081727914805143,403.6,3360.0,1.0,0.2371713975901097,TeaStore,deployment,0.6690443040149139,0,17,7,0,0.2556,0.0,0
support,javascript,0,1,0,1,0,0,2,0,1,0.0,0.028746634387961417,0.0,0.030222180619013765,0,1,1.0,2,0.02263666759692504,403.6,3360.0,1.0,0.3328027639500264,TeaStore,deployment,0.4164615996724075,0,28,36,0,0.4182,0.0,0
support,javascript,0,1,0,1,0,1,3,0,1,0.0,0.0236277375924854,0.0,0.03354551035813848,0,0,1.0,2,0.027988523956011674,403.6,3360.0,1.0,0.3299396961032872,TeaStore,deployment,0.3899495616716175,1,29,44,0,0.2403,0.0,0
support,javascript,0,1,0,1,0,0,2,0,0,0.0,0.024327545820846022,0.0,0.04911139377668753,0,0,1.0,2,0.010269173524982788,403.6,3360.0,1.0,0.27068137534938325,TeaStore,config_change,0.3402786907549542,1,23,89,0,0.022,0.0,0
support,javascript,0,1,0,1,0,1,3,0,0,0.0,0.02774045443687335,0.0,0.03512629129998742,0,1,1.0,2,0.02189550567638663,403.6,3360.0,1.0,0.34289268215322743,TeaStore,deployment,0.49348163736433376,0,16,4,0,0.5679,0.0,0
support,javascript,0,1,0,1,0,0,2,0,0,0.0,0.0251227256004566,0.0,0.04072727376370894,0,0,1.0,2,0.01824169135955443,403.6,3360.0,1.0,0.340200251853409,TeaStore,code_change,0.3247574835726007,1,17,33,0,0.02,0.0,0
support,javascript,0,1,0,1,0,0,2,0,1,0.0,0.02122509404762143,0.0,0.040770233598558844,0,1,1.0,2,0.016253944540930272,403.6,3360.0,1.0,0.28641632384869425,TeaStore,config_change,0.08085710815748562,1,15,61,0,0.0301,0.0,0
support,javascript,0,1,0,1,0,1,3,0,1,0.0,0.02713074655883606,0.0,0.04627241432430638,0,1,1.0,2,0.030173920220664542,403.6,3360.0,1.0,0.3518666644324151,TeaStore,scaling,0.28799297560435994,1,11,19,0,0.2799,0.0,0
support,javascript,0,1,0,1,0,0,3,0,0,0.0,0.02552400944557472,0.0,0.04016035837441408,0,0,1.0,2,0.019083725051238603,403.6,3360.0,1.0,0.3411830168556051,TeaStore,deployment,0.585871779247411,1,15,17,0,0.0834,0.0,0
support,javascript,0,1,0,1,0,0,3,0,1,0.0,0.02692754610981972,0.0,0.04555312781375386,0,1,1.0,2,0.01408603528148714,403.6,3360.0,1.0,0.366338690029498,TeaStore,deployment,0.3896776278696415,1,14,26,0,0.0299,0.0,0
support,javascript,0,1,0,1,0,1,3,0,1,0.0,0.020518503169512908,0.0,0.03780778369805721,0,1,1.0,2,0.021371030657644136,403.6,3360.0,1.0,0.3185657218891795,TeaStore,config_change,0.27262097476541514,1,12,45,0,0.2871,0.0,0
support,javascript,0,1,0,1,0,0,3,0,0,0.0,0.019891670849606715,0.0,0.030683473878785072,0,1,1.0,2,0.0188882292103439,403.6,3360.0,1.0,0.274894470687841,TeaStore,code_change,0.8126582167480514,1,7,7,0,0.02,0.0,0
support,javascript,0,1,0,1,0,0,2,0,1,0.0,0.019988067542640757,0.0,0.04827411485123274,0,1,1.0,2,0.02641243309080179,403.6,3360.0,1.0,0.3436431950720673,TeaStore,config_change,0.1434958735402397,0,19,29,0,0.3129,0.0,0
support,javascript,0,1,0,1,0,1,2,0,0,0.0,0.02813768289835493,0.0,0.03251348013958086,0,1,1.0,2,0.028427394030818075,403.6,3360.0,1.0,0.36988462328660754,TeaStore,config_change,0.7652380946555299,1,18,6,1,0.5488,0.8557,100
support,javascript,0,1,0,1,0,1,2,0,1,0.0,0.024228227413663646,0.0,0.046457472330317336,0,0,1.0,2,0.02438821106203123,403.6,3360.0,1.0,0.30366489385787526,TeaStore,code_change,0.18063493821300147,1,6,20,0,0.1851,0.0,0
support,javascript,0,1,0,1,0,0,2,0,0,0.0,0.023864427567903215,0.0,0.04542531247229194,0,0,1.0,2,0.021030308344402903,403.6,3360.0,1.0,0.23570866204688942,TeaStore,deployment,0.15789025629495343,1,29,71,1,0.2648,0.2672,59
support,javascript,0,1,0,1,0,0,2,0,1,0.0,0.026844689936154395,0.0,0.04748715141718069,0,0,1.0,2,0.013331653228197711,403.6,3360.0,1.0,0.23048328181380076,TeaStore,deployment,0.8910856697847839,1,13,26,0,0.1359,0.0,0
support,javascript,0,1,0,1,0,0,2,0,1,0.0,0.022345345642410922,0.0,0.049919300609312725,0,0,1.0,2,0.011333422685521885,403.6,3360.0,1.0,0.2692511088999535,TeaStore,config_change,0.39821233476066803,0,15,13,1,0.1176,0.5519,92
support,javascript,0,1,0,1,0,1,2,0,0,0.0,0.02639466005754939,0.0,0.04149710978502732,0,1,1.0,2,0.012073407034015006,403.6,3360.0,1.0,0.23154034153957365,TeaStore,config_change,0.31885715450186014,0,13,0,1,0.3141,0.5407,93
support,javascript,0,1,0,1,0,1,3,0,0,0.0,0.020572654655515887,0.0,0.04246964880695646,0,1,1.0,2,0.00842558678525359,403.6,3360.0,1.0,0.24650342182774285,TeaStore,deployment,0.3877944082589875,0,3,3,0,0.2694,0.0,0
support,javascript,0,1,0,1,0,0,3,0,1,0.0,0.024891697188696386,0.0,0.04057489721931772,0,1,1.0,2,0.018041652465426182,403.6,3360.0,1.0,0.3571986904213219,TeaStore,deployment,0.5999163102872651,1,10,122,0,0.0302,0.0,0
support,javascript,0,1,0,1,0,1,2,0,0,0.0,0.020894896096093307,0.0,0.04457221045424439,0,1,1.0,2,0.010138609080188283,403.6,3360.0,1.0,0.361154508810877,TeaStore,scaling,0.7251885613293544,1,9,3,1,0.2837,0.6711,74
support,javascript,0,1,0,1,0,0,3,0,1,0.0,0.02418242974777583,0.0,0.038794119573799773,0,1,1.0,2,0.015469630739432198,403.6,3360.0,1.0,0.257348513772933,TeaStore,deployment,0.6155367443000561,1,23,93,0,0.0544,0.0,0
support,javascript,0,1,0,1,0,1,2,0,0,0.0,0.024037308773287993,0.0,0.03811927657724078,0,1,1.0,2,0.016426569879623164,403.6,3360.0,1.0,0.26442617089484477,TeaStore,code_change,0.8058756067684882,0,9,99,1,0.1845,0.6922,149
support,javascript,0,1,0,1,0,1,3,0,0,0.0,0.024664352336129083,0.0,0.040280757997440686,0,1,1.0,2,0.01959708363966077,403.6,3360.0,1.0,0.3659971514909847,TeaStore,deployment,0.38312501542512356,0,15,27,0,0.1981,0.0,0
support,javascript,0,1,0,1,0,1,2,0,1,0.0,0.019049440202375676,0.0,0.040669763774253305,0,0,1.0,2,0.01098279185413986,403.6,3360.0,1.0,0.3214957297723875,TeaStore,config_change,0.19451766439582965,1,22,149,0,0.02,0.0,0
support,javascript,0,1,0,1,0,1,2,0,1,0.0,0.019181288693107028,0.0,0.047730651859172676,0,1,1.0,2,0.01758245376861232,403.6,3360.0,1.0,0.33700006588918874,TeaStore,deployment,0.37647972750314557,0,22,8,1,0.1497,0.8635,160
support,javascript,0,1,0,1,0,0,3,0,0,0.0,0.027137201799829227,0.0,0.04127325220412425,0,1,1.0,2,0.012320946869492188,403.6,3360.0,1.0,0.24554930234949884,TeaStore,deployment,0.1690093523981562,1,22,72,0,0.02,0.0,0
support,javascript,0,1,0,1,0,0,3,0,0,0.0,0.029482618377814105,0.0,0.04820640876947636,0,0,1.0,2,0.010943613005229332,403.6,3360.0,1.0,0.23686322035240037,TeaStore,scaling,0.5514387573066907,1,22,80,0,0.0631,0.0,0
support,javascript,0,1,0,1,0,1,2,0,0,0.0,0.023790552828093732,0.0,0.03773389370432268,0,0,1.0,2,0.031941375185645784,403.6,3360.0,1.0,0.3636731521543986,TeaStore,deployment,0.41776184440029945,1,12,42,0,0.3021,0.0,0
support,javascript,0,1,0,1,0,1,2,0,0,0.0,0.01829197198385744,0.0,0.04707870422872221,0,1,1.0,2,0.011945204325472806,403.6,3360.0,1.0,0.3731296532177438,TeaStore,code_change,0.221006006499203,0,6,1,0,0.3581,0.0,0
support,javascript,0,1,0,1,0,1,2,0,0,0.0,0.02029800415393252,0.0,0.0325494107829292,0,0,1.0,2,0.014384109499711119,403.6,3360.0,1.0,0.2936299044047169,TeaStore,config_change,0.5200143460082715,1,18,9,0,0.02,0.0,0
support,javascript,0,1,0,1,0,1,2,0,1,0.0,0.02111698179688838,0.0,0.04929204264035852,0,0,1.0,2,0.01794781935350811,403.6,3360.0,1.0,0.32353122429383613,TeaStore,deployment,0.2716784431746051,1,23,17,1,0.0782,0.7652,135
support,javascript,0,1,0,1,0,1,3,0,0,0.0,0.023946663555249832,0.0,0.044013641776270075,0,1,1.0,2,0.024217819514633955,403.6,3360.0,1.0,0.27148329081681044,TeaStore,deployment,0.15870508975788633,0,23,15,0,0.3871,0.0,0
support,javascript,0,1,0,1,0,1,3,0,0,0.0,0.027376775445965475,0.0,0.04177373314328074,0,1,1.0,2,0.009326866857545415,403.6,3360.0,1.0,0.29355289680620816,TeaStore,deployment,0.8515301290986581,1,9,65,0,0.0613,0.0,0
support,javascript,0,1,0,1,0,0,3,0,0,0.0,0.027021214497660897,0.0,0.04966025661312232,0,0,1.0,2,0.019259844733700616,403.6,3360.0,1.0,0.24443769635722337,TeaStore,deployment,0.3846591500596444,1,10,30,0,0.1003,0.0,0
support,javascript,0,1,0,1,0,0,2,0,1,0.0,0.02411739946938411,0.0,0.03815252743486748,0,1,1.0,2,0.03184563584331964,403.6,3360.0,1.0,0.2848336147873799,TeaStore,deployment,0.3137790713150065,1,11,74,0,0.1685,0.0,0
support,javascript,0,1,0,1,0,1,2,0,1,0.0,0.021748614502314998,0.0,0.045579250117485745,0,1,1.0,2,0.030233445872972175,403.6,3360.0,1.0,0.30649861604744205,TeaStore,code_change,0.3925960664146613,1,16,93,0,0.2783,0.0,0
support,javascript,0,1,0,1,0,1,2,0,1,0.0,0.018730784249823038,0.0,0.03816820836823129,0,1,1.0,2,0.018090644858720806,403.6,3360.0,1.0,0.3696365788301299,TeaStore,deployment,0.8143121382154355,1,23,57,0,0.0314,0.0,0
support,javascript,0,1,0,1,0,1,2,0,0,0.0,0.023113101108310843,0.0,0.03144901659046087,0,1,1.0,2,0.022548522077540607,403.6,3360.0,1.0,0.29643862460437675,TeaStore,code_change,0.7120076369497598,1,8,4,1,0.4748,0.5655,93
support,javascript,0,1,0,1,0,0,2,0,0,0.0,0.019113096117239412,0.0,0.03274644518196787,0,0,1.0,2,0.018095490151471688,403.6,3360.0,1.0,0.2613189163013481,TeaStore,config_change,0.17256279304955513,1,21,10,0,0.1236,0.0,0
support,javascript,0,1,0,1,0,1,2,0,0,0.0,0.020353941500097165,0.0,0.04305605844674999,0,0,1.0,2,0.008284842875634902,403.6,3360.0,1.0,0.3098188984746872,TeaStore,deployment,0.21802759804737318,1,12,109,0,0.0381,0.0,0
support,javascript,0,1,0,1,0,0,3,0,1,0.0,0.02181982975804156,0.0,0.04676779461223654,0,0,1.0,2,0.017793274762971715,403.6,3360.0,1.0,0.3069352043386659,TeaStore,code_change,0.8868706421682183,1,3,5,0,0.1696,0.0,0
support,javascript,0,1,0,1,0,1,3,0,1,0.0,0.02050354456323692,0.0,0.0433590109701864,0,1,1.0,2,0.018168364971143852,403.6,3360.0,1.0,0.2893162689515095,TeaStore,config_change,0.22134655614492754,0,15,77,0,0.2024,0.0,0
support,javascript,0,1,0,1,0,1,2,0,1,0.0,0.018188843421618694,0.0,0.0384409265889657,0,0,1.0,2,0.028202352871914815,403.6,3360.0,1.0,0.30644276629517153,TeaStore,config_change,0.07802979409272887,0,28,2,1,0.5812,0.8361,107
support,javascript,0,1,0,1,0,1,3,0,1,0.0,0.02125456038233971,0.0,0.04355688995044892,0,1,1.0,2,0.02751815843868979,403.6,3360.0,1.0,0.27199490216282973,TeaStore,code_change,0.9201713913127245,1,29,25,0,0.2619,0.0,0
support,javascript,0,1,0,1,0,0,2,0,1,0.0,0.022101120091373293,0.0,0.03373046611156624,0,1,1.0,2,0.024508501696521953,403.6,3360.0,1.0,0.36939225679867155,TeaStore,deployment,0.4279779813241324,0,1,17,0,0.3324,0.0,0
support,javascript,0,1,0,1,0,1,2,0,1,0.0,0.025949719825773297,0.0,0.03426359092982093,0,0,1.0,2,0.025159943455743048,403.6,3360.0,1.0,0.27271935467456243,TeaStore,deployment,0.2797564078014123,1,18,8,0,0.2436,0.0,0
